[
  {
    "verse_count": "540101",
    "book_number": "54",
    "chapter_number": "1",
    "book_name": {
      "english": "1 TIMOTHY",
      "hindi": "1 तीमुथियुस"
    },
    "verse": {
      "english": "Paul, an apostle of Jesus Christ by the commandment of God our Saviour, and Lord Jesus Christ, which is our hope;",
      "hindi": "पौलुस की ओर से जो हमारे उद्धारकर्ता परमेश्वर, और हमारी आशा-स्थान मसीह यीशु की आज्ञा से मसीह यीशु का प्रेरित है, तिमुथियुस के नाम जो विश्वास में मेरा सच्चा पुत्र है॥"
    },
    "verse_number": 1
  },
  {
    "verse_count": "540102",
    "book_number": "54",
    "chapter_number": "1",
    "book_name": {
      "english": "1 TIMOTHY",
      "hindi": "1 तीमुथियुस"
    },
    "verse": {
      "english": "Unto Timothy, my own son in the faith: Grace, mercy, and peace, from God our Father and Jesus Christ our Lord.",
      "hindi": "पिता परमेश्वर, और हमारे प्रभु मसीह यीशु से, तुझे अनुग्रह और दया, और शान्ति मिलती रहे॥"
    },
    "verse_number": 2
  },
  {
    "verse_count": "540103",
    "book_number": "54",
    "chapter_number": "1",
    "book_name": {
      "english": "1 TIMOTHY",
      "hindi": "1 तीमुथियुस"
    },
    "verse": {
      "english": "As I besought thee to abide still at Ephesus, when I went into Macedonia, that thou mightest charge some that they teach no other doctrine,",
      "hindi": "जैसे मैं ने मकिदुनिया को जाते समय तुझे समझाया था, कि इफिसुस में रहकर कितनों को आज्ञा दे कि और प्रकार की शिक्षा न दें।"
    },
    "verse_number": 3
  },
  {
    "verse_count": "540104",
    "book_number": "54",
    "chapter_number": "1",
    "book_name": {
      "english": "1 TIMOTHY",
      "hindi": "1 तीमुथियुस"
    },
    "verse": {
      "english": "Neither give heed to fables and endless genealogies, which minister questions, rather than godly edifying which is in faith: so do.",
      "hindi": "और उन ऐसी कहानियों और अनन्त वंशावलियों पर मन न लगाएं, जिन से विवाद होते हैं; और परमेश्वर के उस प्रबन्ध के अनुसार नहीं, जो विश्वास से सम्बन्ध रखता है; वैसे ही फिर भी कहता हूं।"
    },
    "verse_number": 4
  },
  {
    "verse_count": "540105",
    "book_number": "54",
    "chapter_number": "1",
    "book_name": {
      "english": "1 TIMOTHY",
      "hindi": "1 तीमुथियुस"
    },
    "verse": {
      "english": "Now the end of the commandment is charity out of a pure heart, and of a good conscience, and of faith unfeigned:",
      "hindi": "आज्ञा का सारांश यह है, कि शुद्ध मन और अच्छे विवेक, और कपट रहित विश्वास से प्रेम उत्पन्न हो।"
    },
    "verse_number": 5
  },
  {
    "verse_count": "540106",
    "book_number": "54",
    "chapter_number": "1",
    "book_name": {
      "english": "1 TIMOTHY",
      "hindi": "1 तीमुथियुस"
    },
    "verse": {
      "english": "From which some having swerved have turned aside unto vain jangling;",
      "hindi": "इन को छोड़ कर कितने लोग फिर कर बकवाद की ओर भटक गए हैं।"
    },
    "verse_number": 6
  },
  {
    "verse_count": "540107",
    "book_number": "54",
    "chapter_number": "1",
    "book_name": {
      "english": "1 TIMOTHY",
      "hindi": "1 तीमुथियुस"
    },
    "verse": {
      "english": "Desiring to be teachers of the law; understanding neither what they say, nor whereof they affirm.",
      "hindi": "और व्यवस्थापक तो होना चाहते हैं, पर जो बातें कहते और जिन को दृढ़ता से बोलते हैं, उन को समझते भी नहीं।"
    },
    "verse_number": 7
  },
  {
    "verse_count": "540108",
    "book_number": "54",
    "chapter_number": "1",
    "book_name": {
      "english": "1 TIMOTHY",
      "hindi": "1 तीमुथियुस"
    },
    "verse": {
      "english": "But we know that the law is good, if a man use it lawfully;",
      "hindi": "पर हम जानते हैं, कि यदि कोई व्यवस्था को व्यवस्था की रीति पर काम में लाए, तो वह भली है।"
    },
    "verse_number": 8
  },
  {
    "verse_count": "540109",
    "book_number": "54",
    "chapter_number": "1",
    "book_name": {
      "english": "1 TIMOTHY",
      "hindi": "1 तीमुथियुस"
    },
    "verse": {
      "english": "Knowing this, that the law is not made for a righteous man, but for the lawless and disobedient, for the ungodly and for sinners, for unholy and profane, for murderers of fathers and murderers of mothers, for manslayers,",
      "hindi": "यह जानकर कि व्यवस्था धर्मी जन के लिये नहीं, पर अधमिर्यों, निरंकुशों, भक्तिहीनों, पापीयों, अपवित्रों और अशुद्धों, मां-बाप के घात करने वालों, हत्यारों।"
    },
    "verse_number": 9
  },
  {
    "verse_count": "5401010",
    "book_number": "54",
    "chapter_number": "1",
    "book_name": {
      "english": "1 TIMOTHY",
      "hindi": "1 तीमुथियुस"
    },
    "verse": {
      "english": "For whoremongers, for them that defile themselves with mankind, for menstealers, for liars, for perjured persons, and if there be any other thing that is contrary to sound doctrine;",
      "hindi": "व्याभिचारियों, पुरूषगामियों, मनुष्य के बेचने वालों, झूठों, और झूठी शपथ खाने वालों, और इन को छोड़ खरे उपदेश के सब विरोधियों के लिये ठहराई गई है।"
    },
    "verse_number": 10
  },
  {
    "verse_count": "5401011",
    "book_number": "54",
    "chapter_number": "1",
    "book_name": {
      "english": "1 TIMOTHY",
      "hindi": "1 तीमुथियुस"
    },
    "verse": {
      "english": "According to the glorious gospel of the blessed God, which was committed to my trust.",
      "hindi": "यही परमधन्य परमेश्वर की महिमा के उस सुसमाचार के अनुसार है, जो मुझे सौंपा गया है॥"
    },
    "verse_number": 11
  },
  {
    "verse_count": "5401012",
    "book_number": "54",
    "chapter_number": "1",
    "book_name": {
      "english": "1 TIMOTHY",
      "hindi": "1 तीमुथियुस"
    },
    "verse": {
      "english": "And I thank Christ Jesus our Lord, who hath enabled me, for that he counted me faithful, putting me into the ministry;",
      "hindi": "और मैं, अपने प्रभु मसीह यीशु का, जिस ने मुझे सामर्थ दी है, धन्यवाद करता हूं; कि उस ने मुझे विश्वास योग्य समझकर अपनी सेवा के लिये ठहराया।"
    },
    "verse_number": 12
  },
  {
    "verse_count": "5401013",
    "book_number": "54",
    "chapter_number": "1",
    "book_name": {
      "english": "1 TIMOTHY",
      "hindi": "1 तीमुथियुस"
    },
    "verse": {
      "english": "Who was before a blasphemer, and a persecutor, and injurious: but I obtained mercy, because I did it ignorantly in unbelief.",
      "hindi": "मैं तो पहिले निन्दा करने वाला, और सताने वाला, और अन्धेर करने वाला था; तौभी मुझ पर दया हुई, क्योंकि मैं ने अविश्वास की दशा में बिन समझे बूझे, ये काम किए थे।"
    },
    "verse_number": 13
  },
  {
    "verse_count": "5401014",
    "book_number": "54",
    "chapter_number": "1",
    "book_name": {
      "english": "1 TIMOTHY",
      "hindi": "1 तीमुथियुस"
    },
    "verse": {
      "english": "And the grace of our Lord was exceeding abundant with faith and love which is in Christ Jesus.",
      "hindi": "और हमारे प्रभु का अनुग्रह उस विश्वास और प्रेम के साथ जो मसीह यीशु में है, बहुतायत से हुआ।"
    },
    "verse_number": 14
  },
  {
    "verse_count": "5401015",
    "book_number": "54",
    "chapter_number": "1",
    "book_name": {
      "english": "1 TIMOTHY",
      "hindi": "1 तीमुथियुस"
    },
    "verse": {
      "english": "This is a faithful saying, and worthy of all acceptation, that Christ Jesus came into the world to save sinners; of whom I am chief.",
      "hindi": "यह बात सच और हर प्रकार से मानने के योग्य है, कि मसीह यीशु पापियों का उद्धार करने के लिये जगत में आया, जिन में सब से बड़ा मैं हूं।"
    },
    "verse_number": 15
  },
  {
    "verse_count": "5401016",
    "book_number": "54",
    "chapter_number": "1",
    "book_name": {
      "english": "1 TIMOTHY",
      "hindi": "1 तीमुथियुस"
    },
    "verse": {
      "english": "Howbeit for this cause I obtained mercy, that in me first Jesus Christ might shew forth all longsuffering, for a pattern to them which should hereafter believe on him to life everlasting.",
      "hindi": "पर मुझ पर इसलिये दया हुई, कि मुझ सब से बड़े पापी में यीशु मसीह अपनी पूरी सहनशीलता दिखाए, कि जो लोग उस पर अनन्त जीवन के लिये विश्वास करेंगे, उन के लिये मैं एक आदर्श बनूं।"
    },
    "verse_number": 16
  },
  {
    "verse_count": "5401017",
    "book_number": "54",
    "chapter_number": "1",
    "book_name": {
      "english": "1 TIMOTHY",
      "hindi": "1 तीमुथियुस"
    },
    "verse": {
      "english": "Now unto the King eternal, immortal, invisible, the only wise God, be honour and glory for ever and ever. Amen.",
      "hindi": "अब सनातन राजा अर्थात अविनाशी अनदेखे अद्वैत परमेश्वर का आदर और महिमा युगानुयुग होती रहे। आमीन॥"
    },
    "verse_number": 17
  },
  {
    "verse_count": "5401018",
    "book_number": "54",
    "chapter_number": "1",
    "book_name": {
      "english": "1 TIMOTHY",
      "hindi": "1 तीमुथियुस"
    },
    "verse": {
      "english": "This charge I commit unto thee, son Timothy, according to the prophecies which went before on thee, that thou by them mightest war a good warfare;",
      "hindi": "हे पुत्र तीमुथियुस, उन भविष्यद्वाणियों के अनुसार जो पहिले तेरे विषय में की गई थीं, मैं यह आज्ञा सौंपता हूं, कि तू उन के अनुसार अच्छी लड़ाई को लड़ता रहे।"
    },
    "verse_number": 18
  },
  {
    "verse_count": "5401019",
    "book_number": "54",
    "chapter_number": "1",
    "book_name": {
      "english": "1 TIMOTHY",
      "hindi": "1 तीमुथियुस"
    },
    "verse": {
      "english": "Holding faith, and a good conscience; which some having put away concerning faith have made shipwreck:",
      "hindi": "और विश्वास और उस अच्छे विवेक को थामें रहे जिसे दूर करने के कारण कितनों का विश्वास रूपी जहाज डूब गया।"
    },
    "verse_number": 19
  },
  {
    "verse_count": "5401020",
    "book_number": "54",
    "chapter_number": "1",
    "book_name": {
      "english": "1 TIMOTHY",
      "hindi": "1 तीमुथियुस"
    },
    "verse": {
      "english": "Of whom is Hymenaeus and Alexander; whom I have delivered unto Satan, that they may learn not to blaspheme.",
      "hindi": "उन्हीं में से हुमिनयुस और सिकन्दर हैं जिन्हें मैं ने शैतान को सौंप दिया, कि वे निन्दा करना न सीखें॥"
    },
    "verse_number": 20
  },
  {
    "verse_count": "540201",
    "book_number": "54",
    "chapter_number": "2",
    "book_name": {
      "english": "1 TIMOTHY",
      "hindi": "1 तीमुथियुस"
    },
    "verse": {
      "english": "Iexhort therefore, that, first of all, supplications, prayers, intercessions, and giving of thanks, be made for all men;",
      "hindi": "अब मैं सब से पहिले यह उपदेश देता हूं, कि बिनती, और प्रार्थना, और निवेदन, और धन्यवाद, सब मनुष्यों के लिये किए जाएं।"
    },
    "verse_number": 1
  },
  {
    "verse_count": "540202",
    "book_number": "54",
    "chapter_number": "2",
    "book_name": {
      "english": "1 TIMOTHY",
      "hindi": "1 तीमुथियुस"
    },
    "verse": {
      "english": "For kings, and for all that are in authority; that we may lead a quiet and peaceable life in all godliness and honesty.",
      "hindi": "राजाओं और सब ऊंचे पद वालों के निमित्त इसलिये कि हम विश्राम और चैन के साथ सारी भक्ति और गम्भीरता से जीवन बिताएं।"
    },
    "verse_number": 2
  },
  {
    "verse_count": "540203",
    "book_number": "54",
    "chapter_number": "2",
    "book_name": {
      "english": "1 TIMOTHY",
      "hindi": "1 तीमुथियुस"
    },
    "verse": {
      "english": "For this is good and acceptable in the sight of God our Saviour;",
      "hindi": "यह हमारे उद्धारकर्ता परमेश्वर को अच्छा लगता, और भाता भी है।"
    },
    "verse_number": 3
  },
  {
    "verse_count": "540204",
    "book_number": "54",
    "chapter_number": "2",
    "book_name": {
      "english": "1 TIMOTHY",
      "hindi": "1 तीमुथियुस"
    },
    "verse": {
      "english": "Who will have all men to be saved, and to come unto the knowledge of the truth.",
      "hindi": "वह यह चाहता है, कि सब मनुष्यों का उद्धार हो; और वे सत्य को भली भांति पहिचान लें।"
    },
    "verse_number": 4
  },
  {
    "verse_count": "540205",
    "book_number": "54",
    "chapter_number": "2",
    "book_name": {
      "english": "1 TIMOTHY",
      "hindi": "1 तीमुथियुस"
    },
    "verse": {
      "english": "For there is one God, and one mediator between God and men, the man Christ Jesus;",
      "hindi": "क्योंकि परमेश्वर एक ही है: और परमेश्वर और मनुष्यों के बीच में भी एक ही बिचवई है, अर्थात मसीह यीशु जो मनुष्य है।"
    },
    "verse_number": 5
  },
  {
    "verse_count": "540206",
    "book_number": "54",
    "chapter_number": "2",
    "book_name": {
      "english": "1 TIMOTHY",
      "hindi": "1 तीमुथियुस"
    },
    "verse": {
      "english": "Who gave himself a ransom for all, to be testified in due time.",
      "hindi": "जिस ने अपने आप को सब के छुटकारे के दाम में दे दिया; ताकि उस की गवाही ठीक समयों पर दी जाए।"
    },
    "verse_number": 6
  },
  {
    "verse_count": "540207",
    "book_number": "54",
    "chapter_number": "2",
    "book_name": {
      "english": "1 TIMOTHY",
      "hindi": "1 तीमुथियुस"
    },
    "verse": {
      "english": "Whereunto I am ordained a preacher, and an apostle, (I speak the truth in Christ, and lie not;) a teacher of the Gentiles in faith and verity.",
      "hindi": "मैं सच कहता हूं, झूठ नहीं बोलता, कि मैं इसी उद्देश्य से प्रचारक और प्रेरित और अन्यजातियों के लिये विश्वास और सत्य का उपदेशक ठहराया गया॥"
    },
    "verse_number": 7
  },
  {
    "verse_count": "540208",
    "book_number": "54",
    "chapter_number": "2",
    "book_name": {
      "english": "1 TIMOTHY",
      "hindi": "1 तीमुथियुस"
    },
    "verse": {
      "english": "I will therefore that men pray every where, lifting up holy hands, without wrath and doubting.",
      "hindi": "सो मैं चाहता हूं, कि हर जगह पुरूष बिना क्रोध और विवाद के पवित्र हाथों को उठा कर प्रार्थना किया करें।"
    },
    "verse_number": 8
  },
  {
    "verse_count": "540209",
    "book_number": "54",
    "chapter_number": "2",
    "book_name": {
      "english": "1 TIMOTHY",
      "hindi": "1 तीमुथियुस"
    },
    "verse": {
      "english": "In like manner also, that women adorn themselves in modest apparel, with shamefacedness and sobriety; not with broided hair, or gold, or pearls, or costly array;",
      "hindi": "वैसे ही स्त्रियां भी संकोच और संयम के साथ सुहावने वस्त्रों से अपने आप को संवारे; न कि बाल गूंथने, और सोने, और मोतियों, और बहुमोल कपड़ों से, पर भले कामों से।"
    },
    "verse_number": 9
  },
  {
    "verse_count": "5402010",
    "book_number": "54",
    "chapter_number": "2",
    "book_name": {
      "english": "1 TIMOTHY",
      "hindi": "1 तीमुथियुस"
    },
    "verse": {
      "english": "But (which becometh women professing godliness) with good works.",
      "hindi": "क्योंकि परमेश्वर की भक्ति ग्रहण करने वाली स्त्रियों को यही उचित भी है।"
    },
    "verse_number": 10
  },
  {
    "verse_count": "5402011",
    "book_number": "54",
    "chapter_number": "2",
    "book_name": {
      "english": "1 TIMOTHY",
      "hindi": "1 तीमुथियुस"
    },
    "verse": {
      "english": "Let the woman learn in silence with all subjection.",
      "hindi": "और स्त्री को चुपचाप पूरी आधीनता में सीखना चाहिए।"
    },
    "verse_number": 11
  },
  {
    "verse_count": "5402012",
    "book_number": "54",
    "chapter_number": "2",
    "book_name": {
      "english": "1 TIMOTHY",
      "hindi": "1 तीमुथियुस"
    },
    "verse": {
      "english": "But I suffer not a woman to teach, nor to usurp authority over the man, but to be in silence.",
      "hindi": "और मैं कहता हूं, कि स्त्री न उपदेश करे, और न पुरूष पर आज्ञा चलाए, परन्तु चुपचाप रहे।"
    },
    "verse_number": 12
  },
  {
    "verse_count": "5402013",
    "book_number": "54",
    "chapter_number": "2",
    "book_name": {
      "english": "1 TIMOTHY",
      "hindi": "1 तीमुथियुस"
    },
    "verse": {
      "english": "For Adam was first formed, then Eve.",
      "hindi": "क्योंकि आदम पहिले, उसके बाद हव्वा बनाई गई।"
    },
    "verse_number": 13
  },
  {
    "verse_count": "5402014",
    "book_number": "54",
    "chapter_number": "2",
    "book_name": {
      "english": "1 TIMOTHY",
      "hindi": "1 तीमुथियुस"
    },
    "verse": {
      "english": "And Adam was not deceived, but the woman being deceived was in the transgression.",
      "hindi": "और आदम बहकाया न गया, पर स्त्री बहकाने में आकर अपराधिनी हुई।"
    },
    "verse_number": 14
  },
  {
    "verse_count": "5402015",
    "book_number": "54",
    "chapter_number": "2",
    "book_name": {
      "english": "1 TIMOTHY",
      "hindi": "1 तीमुथियुस"
    },
    "verse": {
      "english": "Notwithstanding she shall be saved in childbearing, if they continue in faith and charity and holiness with sobriety.",
      "hindi": "तौभी बच्चे जनने के द्वारा उद्धार पाएंगी, यदि वे संयम सहित विश्वास, प्रेम, और पवित्रता में स्थिर रहें॥"
    },
    "verse_number": 15
  },
  {
    "verse_count": "540301",
    "book_number": "54",
    "chapter_number": "3",
    "book_name": {
      "english": "1 TIMOTHY",
      "hindi": "1 तीमुथियुस"
    },
    "verse": {
      "english": "This is a true saying, If a man desire the office of a bishop, he desireth a good work.",
      "hindi": "यह बात सत्य है, कि जो अध्यक्ष होना चाहता है, तो वह भले काम की इच्छा करता है।"
    },
    "verse_number": 1
  },
  {
    "verse_count": "540302",
    "book_number": "54",
    "chapter_number": "3",
    "book_name": {
      "english": "1 TIMOTHY",
      "hindi": "1 तीमुथियुस"
    },
    "verse": {
      "english": "A bishop then must be blameless, the husband of one wife, vigilant, sober, of good behaviour, given to hospitality, apt to teach;",
      "hindi": "सो चाहिए, कि अध्यक्ष निर्दोष, और एक ही पत्नी का पति, संयमी, सुशील, सभ्य, पहुनाई करने वाला, और सिखाने में निपुण हो।"
    },
    "verse_number": 2
  },
  {
    "verse_count": "540303",
    "book_number": "54",
    "chapter_number": "3",
    "book_name": {
      "english": "1 TIMOTHY",
      "hindi": "1 तीमुथियुस"
    },
    "verse": {
      "english": "Not given to wine, no striker, not greedy of filthy lucre; but patient, not a brawler, not covetous;",
      "hindi": "पियक्कड़ या मार पीट करने वाला न हो; वरन कोमल हो, और न झगड़ालू, और न लोभी हो।"
    },
    "verse_number": 3
  },
  {
    "verse_count": "540304",
    "book_number": "54",
    "chapter_number": "3",
    "book_name": {
      "english": "1 TIMOTHY",
      "hindi": "1 तीमुथियुस"
    },
    "verse": {
      "english": "One that ruleth well his own house, having his children in subjection with all gravity;",
      "hindi": "अपने घर का अच्छा प्रबन्ध करता हो, और लड़के-बालों को सारी गम्भीरता से आधीन रखता हो।"
    },
    "verse_number": 4
  },
  {
    "verse_count": "540305",
    "book_number": "54",
    "chapter_number": "3",
    "book_name": {
      "english": "1 TIMOTHY",
      "hindi": "1 तीमुथियुस"
    },
    "verse": {
      "english": "(For if a man know not how to rule his own house, how shall he take care of the church of God?)",
      "hindi": "जब कोई अपने घर ही का प्रबन्ध करना न जानता हो, तो परमेश्वर की कलीसिया की रखवाली क्योंकर करेगा?"
    },
    "verse_number": 5
  },
  {
    "verse_count": "540306",
    "book_number": "54",
    "chapter_number": "3",
    "book_name": {
      "english": "1 TIMOTHY",
      "hindi": "1 तीमुथियुस"
    },
    "verse": {
      "english": "Not a novice, lest being lifted up with pride he fall into the condemnation of the devil.",
      "hindi": "फिर यह कि नया चेला न हो, ऐसा न हो, कि अभिमान करके शैतान का सा दण्ड पाए।"
    },
    "verse_number": 6
  },
  {
    "verse_count": "540307",
    "book_number": "54",
    "chapter_number": "3",
    "book_name": {
      "english": "1 TIMOTHY",
      "hindi": "1 तीमुथियुस"
    },
    "verse": {
      "english": "Moreover he must have a good report of them which are without; lest he fall into reproach and the snare of the devil.",
      "hindi": "और बाहर वालों में भी उसका सुनाम हो ऐसा न हो कि निन्दित होकर शैतान के फंदे में फंस जाए।"
    },
    "verse_number": 7
  },
  {
    "verse_count": "540308",
    "book_number": "54",
    "chapter_number": "3",
    "book_name": {
      "english": "1 TIMOTHY",
      "hindi": "1 तीमुथियुस"
    },
    "verse": {
      "english": "Likewise must the deacons be grave, not doubletongued, not given to much wine, not greedy of filthy lucre;",
      "hindi": "वैसे ही सेवकों को भी गम्भीर होना चाहिए, दो रंगी, पियक्कड़, और नीच कमाई के लोभी न हों।"
    },
    "verse_number": 8
  },
  {
    "verse_count": "540309",
    "book_number": "54",
    "chapter_number": "3",
    "book_name": {
      "english": "1 TIMOTHY",
      "hindi": "1 तीमुथियुस"
    },
    "verse": {
      "english": "Holding the mystery of the faith in a pure conscience.",
      "hindi": "पर विश्वास के भेद को शुद्ध विवेक से सुरक्षित रखें।"
    },
    "verse_number": 9
  },
  {
    "verse_count": "5403010",
    "book_number": "54",
    "chapter_number": "3",
    "book_name": {
      "english": "1 TIMOTHY",
      "hindi": "1 तीमुथियुस"
    },
    "verse": {
      "english": "And let these also first be proved; then let them use the office of a deacon, being found blameless.",
      "hindi": "और ये भी पहिले परखे जाएं, तब यदि निर्दोष निकलें, तो सेवक का काम करें।"
    },
    "verse_number": 10
  },
  {
    "verse_count": "5403011",
    "book_number": "54",
    "chapter_number": "3",
    "book_name": {
      "english": "1 TIMOTHY",
      "hindi": "1 तीमुथियुस"
    },
    "verse": {
      "english": "Even so must their wives be grave, not slanderers, sober, faithful in all things.",
      "hindi": "इसी प्रकार से स्त्रियों को भी गम्भीर होना चाहिए; दोष लगाने वाली न हों, पर सचेत और सब बातों में विश्वास योग्य हों।"
    },
    "verse_number": 11
  },
  {
    "verse_count": "5403012",
    "book_number": "54",
    "chapter_number": "3",
    "book_name": {
      "english": "1 TIMOTHY",
      "hindi": "1 तीमुथियुस"
    },
    "verse": {
      "english": "Let the deacons be the husbands of one wife, ruling their children and their own houses well.",
      "hindi": "सेवक एक ही पत्नी के पति हों और लड़के बालों और अपने घरों का अच्छा प्रबन्ध करना जानते हों।"
    },
    "verse_number": 12
  },
  {
    "verse_count": "5403013",
    "book_number": "54",
    "chapter_number": "3",
    "book_name": {
      "english": "1 TIMOTHY",
      "hindi": "1 तीमुथियुस"
    },
    "verse": {
      "english": "For they that have used the office of a deacon well purchase to themselves a good degree, and great boldness in the faith which is in Christ Jesus.",
      "hindi": "क्योंकि जो सेवक का काम अच्छी तरह से कर सकते हैं, वे अपने लिये अच्छा पद और उस विश्वास में, जो मसीह यीशु पर है, बड़ा हियाव प्राप्त करते हैं॥"
    },
    "verse_number": 13
  },
  {
    "verse_count": "5403014",
    "book_number": "54",
    "chapter_number": "3",
    "book_name": {
      "english": "1 TIMOTHY",
      "hindi": "1 तीमुथियुस"
    },
    "verse": {
      "english": "These things write I unto thee, hoping to come unto thee shortly:",
      "hindi": "मैं तेरे पास जल्द आने की आशा रखने पर भी ये बातें तुझे इसलिये लिखता हूं।"
    },
    "verse_number": 14
  },
  {
    "verse_count": "5403015",
    "book_number": "54",
    "chapter_number": "3",
    "book_name": {
      "english": "1 TIMOTHY",
      "hindi": "1 तीमुथियुस"
    },
    "verse": {
      "english": "But if I tarry long, that thou mayest know how thou oughtest to behave thyself in the house of God, which is the church of the living God, the pillar and ground of the truth.",
      "hindi": "कि यदि मेरे आने में देर हो तो तू जान ले, कि परमेश्वर का घर, जो जीवते परमेश्वर की कलीसिया है, और जो सत्य का खंभा, और नेव है; उस में कैसा बर्ताव करना चाहिए।"
    },
    "verse_number": 15
  },
  {
    "verse_count": "5403016",
    "book_number": "54",
    "chapter_number": "3",
    "book_name": {
      "english": "1 TIMOTHY",
      "hindi": "1 तीमुथियुस"
    },
    "verse": {
      "english": "And without controversy great is the mystery of godliness: God was manifest in the flesh, justified in the Spirit, seen of angels, preached unto the Gentiles, believed on in the world, received up into glory.",
      "hindi": "और इस में सन्देह नहीं, कि भक्ति का भेद गम्भीर है; अर्थात वह जो शरीर में प्रगट हुआ, आत्मा में धर्मी ठहरा, स्वर्गदूतों को दिखाई दिया, अन्यजातियों में उसका प्रचार हुआ, जगत में उस पर विश्वास किया गया, और महिमा में ऊपर उठाया गया॥"
    },
    "verse_number": 16
  },
  {
    "verse_count": "540401",
    "book_number": "54",
    "chapter_number": "4",
    "book_name": {
      "english": "1 TIMOTHY",
      "hindi": "1 तीमुथियुस"
    },
    "verse": {
      "english": "Now the Spirit speaketh expressly, that in the latter times some shall depart from the faith, giving heed to seducing spirits, and doctrines of devils;",
      "hindi": "परन्तु आत्मा स्पष्टता से कहता है, कि आने वाले समयों में कितने लोग भरमाने वाली आत्माओं, और दुष्टात्माओं की शिक्षाओं पर मन लगाकर विश्वास से बहक जाएंगे।"
    },
    "verse_number": 1
  },
  {
    "verse_count": "540402",
    "book_number": "54",
    "chapter_number": "4",
    "book_name": {
      "english": "1 TIMOTHY",
      "hindi": "1 तीमुथियुस"
    },
    "verse": {
      "english": "Speaking lies in hypocrisy; having their conscience seared with a hot iron;",
      "hindi": "यह उन झूठे मनुष्यों के कपट के कारण होगा, जिन का विवेक मानों जलते हुए लोहे से दागा गया है।"
    },
    "verse_number": 2
  },
  {
    "verse_count": "540403",
    "book_number": "54",
    "chapter_number": "4",
    "book_name": {
      "english": "1 TIMOTHY",
      "hindi": "1 तीमुथियुस"
    },
    "verse": {
      "english": "Forbidding to marry, and commanding to abstain from meats, which God hath created to be received with thanksgiving of them which believe and know the truth.",
      "hindi": "जो ब्याह करने से रोकेंगे, और भोजन की कुछ वस्तुओं से परे रहने की आज्ञा देंगे; जिन्हें परमेश्वर ने इसलिये सृजा कि विश्वासी, और सत्य के पहिचानने वाले उन्हें धन्यवाद के साथ खाएं।"
    },
    "verse_number": 3
  },
  {
    "verse_count": "540404",
    "book_number": "54",
    "chapter_number": "4",
    "book_name": {
      "english": "1 TIMOTHY",
      "hindi": "1 तीमुथियुस"
    },
    "verse": {
      "english": "For every creature of God is good, and nothing to be refused, if it be received with thanksgiving:",
      "hindi": "क्योंकि परमेश्वर की सृजी हुई हर एक वस्तु अच्छी है: और कोई वस्तु अस्वीकार करने के योग्य नहीं; पर यह कि धन्यवाद के साथ खाई जाए।"
    },
    "verse_number": 4
  },
  {
    "verse_count": "540405",
    "book_number": "54",
    "chapter_number": "4",
    "book_name": {
      "english": "1 TIMOTHY",
      "hindi": "1 तीमुथियुस"
    },
    "verse": {
      "english": "For it is sanctified by the word of God and prayer.",
      "hindi": "क्योंकि परमेश्वर के वचन और प्रार्थना से शुद्ध हो जाती है॥"
    },
    "verse_number": 5
  },
  {
    "verse_count": "540406",
    "book_number": "54",
    "chapter_number": "4",
    "book_name": {
      "english": "1 TIMOTHY",
      "hindi": "1 तीमुथियुस"
    },
    "verse": {
      "english": "If thou put the brethren in remembrance of these things, thou shalt be a good minister of Jesus Christ, nourished up in the words of faith and of good doctrine, whereunto thou hast attained.",
      "hindi": "यदि तू भाइयों को इन बातों की सुधि दिलाता रहेगा, तो मसीह यीशु का अच्छा सेवक ठहरेगा: और विश्वास और उस अच्छे उपदेश की बातों से, जा तू मानता आया है, तेरा पालन-पोषण होता रहेगा।"
    },
    "verse_number": 6
  },
  {
    "verse_count": "540407",
    "book_number": "54",
    "chapter_number": "4",
    "book_name": {
      "english": "1 TIMOTHY",
      "hindi": "1 तीमुथियुस"
    },
    "verse": {
      "english": "But refuse profane and old wives' fables, and exercise thyself rather unto godliness.",
      "hindi": "पर अशुद्ध और बूढिय़ों की सी कहानियों से अलग रह; और भक्ति के लिये अपना साधन कर।"
    },
    "verse_number": 7
  },
  {
    "verse_count": "540408",
    "book_number": "54",
    "chapter_number": "4",
    "book_name": {
      "english": "1 TIMOTHY",
      "hindi": "1 तीमुथियुस"
    },
    "verse": {
      "english": "For bodily exercise profiteth little: but godliness is profitable unto all things, having promise of the life that now is, and of that which is to come.",
      "hindi": "क्योंकि देह की साधना से कम लाभ होता है, पर भक्ति सब बातों के लिये लाभदायक है, क्योंकि इस समय के और आने वाले जीवन की भी प्रतिज्ञा इसी के लिये है।"
    },
    "verse_number": 8
  },
  {
    "verse_count": "540409",
    "book_number": "54",
    "chapter_number": "4",
    "book_name": {
      "english": "1 TIMOTHY",
      "hindi": "1 तीमुथियुस"
    },
    "verse": {
      "english": "This is a faithful saying and worthy of all acceptation.",
      "hindi": "और यह बात सच और हर प्रकार से मानने के योग्य है।"
    },
    "verse_number": 9
  },
  {
    "verse_count": "5404010",
    "book_number": "54",
    "chapter_number": "4",
    "book_name": {
      "english": "1 TIMOTHY",
      "hindi": "1 तीमुथियुस"
    },
    "verse": {
      "english": "For therefore we both labour and suffer reproach, because we trust in the living God, who is the Saviour of all men, specially of those that believe.",
      "hindi": "क्योंकि हम परिश्रम और यत्न इसी लिये करते हैं, कि हमारी आशा उस जीवते परमेश्वर पर है; जो सब मनुष्यों का, और निज करके विश्वासियों का उद्धारकर्ता है।"
    },
    "verse_number": 10
  },
  {
    "verse_count": "5404011",
    "book_number": "54",
    "chapter_number": "4",
    "book_name": {
      "english": "1 TIMOTHY",
      "hindi": "1 तीमुथियुस"
    },
    "verse": {
      "english": "These things command and teach.",
      "hindi": "इन बातों की आज्ञा कर, और सिखाता रह।"
    },
    "verse_number": 11
  },
  {
    "verse_count": "5404012",
    "book_number": "54",
    "chapter_number": "4",
    "book_name": {
      "english": "1 TIMOTHY",
      "hindi": "1 तीमुथियुस"
    },
    "verse": {
      "english": "Let no man despise thy youth; but be thou an example of the believers, in word, in conversation, in charity, in spirit, in faith, in purity.",
      "hindi": "कोई तेरी जवानी को तुच्छ न समझने पाए; पर वचन, और चाल चलन, और प्रेम, और विश्वास, और पवित्रता में विश्वासियों के लिये आदर्श बन जा।"
    },
    "verse_number": 12
  },
  {
    "verse_count": "5404013",
    "book_number": "54",
    "chapter_number": "4",
    "book_name": {
      "english": "1 TIMOTHY",
      "hindi": "1 तीमुथियुस"
    },
    "verse": {
      "english": "Till I come, give attendance to reading, to exhortation, to doctrine.",
      "hindi": "जब तक मैं न आऊं, तब तक पढ़ने और उपदेश और सिखाने में लौलीन रह।"
    },
    "verse_number": 13
  },
  {
    "verse_count": "5404014",
    "book_number": "54",
    "chapter_number": "4",
    "book_name": {
      "english": "1 TIMOTHY",
      "hindi": "1 तीमुथियुस"
    },
    "verse": {
      "english": "Neglect not the gift that is in thee, which was given thee by prophecy, with the laying on of the hands of the presbytery.",
      "hindi": "उस वरदान से जो तुझ में है, और भविष्यद्वाणी के द्वारा प्राचीनों के हाथ रखते समय तुझे मिला था, निश्चिन्त न रह।"
    },
    "verse_number": 14
  },
  {
    "verse_count": "5404015",
    "book_number": "54",
    "chapter_number": "4",
    "book_name": {
      "english": "1 TIMOTHY",
      "hindi": "1 तीमुथियुस"
    },
    "verse": {
      "english": "Meditate upon these things; give thyself wholly to them; that thy profiting may appear to all.",
      "hindi": "उन बातों को सोचता रह, और इन्हीं में अपना ध्यान लगाए रह ताकि तेरी उन्नति सब पर प्रगट हो। अपनी और अपने उपदेश की चौकसी रख।"
    },
    "verse_number": 15
  },
  {
    "verse_count": "5404016",
    "book_number": "54",
    "chapter_number": "4",
    "book_name": {
      "english": "1 TIMOTHY",
      "hindi": "1 तीमुथियुस"
    },
    "verse": {
      "english": "Take heed unto thyself, and unto the doctrine; continue in them: for in doing this thou shalt both save thyself, and them that hear thee.",
      "hindi": "इन बातों पर स्थिर रह, क्योंकि यदि ऐसा करता रहेगा, तो तू अपने, और अपने सुनने वालों के लिये भी उद्धार का कारण होगा॥"
    },
    "verse_number": 16
  },
  {
    "verse_count": "540501",
    "book_number": "54",
    "chapter_number": "5",
    "book_name": {
      "english": "1 TIMOTHY",
      "hindi": "1 तीमुथियुस"
    },
    "verse": {
      "english": "Rebuke not an elder, but intreat him as a father; and the younger men as brethren;",
      "hindi": "किसी बूढ़े को न डांट; पर उसे पिता जान कर समझा दे, और जवानों को भाई जान कर; बूढ़ी स्त्रियों को माता जान कर।"
    },
    "verse_number": 1
  },
  {
    "verse_count": "540502",
    "book_number": "54",
    "chapter_number": "5",
    "book_name": {
      "english": "1 TIMOTHY",
      "hindi": "1 तीमुथियुस"
    },
    "verse": {
      "english": "The elder women as mothers; the younger as sisters, with all purity.",
      "hindi": "और जवान स्त्रियों को पूरी पवित्रता से बहिन जान कर, समझा दे।"
    },
    "verse_number": 2
  },
  {
    "verse_count": "540503",
    "book_number": "54",
    "chapter_number": "5",
    "book_name": {
      "english": "1 TIMOTHY",
      "hindi": "1 तीमुथियुस"
    },
    "verse": {
      "english": "Honour widows that are widows indeed.",
      "hindi": "उन विधवाओं का जो सचमुच विधवा हैं आदर कर।"
    },
    "verse_number": 3
  },
  {
    "verse_count": "540504",
    "book_number": "54",
    "chapter_number": "5",
    "book_name": {
      "english": "1 TIMOTHY",
      "hindi": "1 तीमुथियुस"
    },
    "verse": {
      "english": "But if any widow have children or nephews, let them learn first to shew piety at home, and to requite their parents: for that is good and acceptable before God.",
      "hindi": "और यदि किसी विधवा के लड़के बाले या नाती पोते हों, तो वे पहिले अपने ही घराने के साथ भक्ति का बर्ताव करना, और अपने माता-पिता आदि को उन का हक देना सीखें, क्योंकि यह परमेश्वर को भाता है।"
    },
    "verse_number": 4
  },
  {
    "verse_count": "540505",
    "book_number": "54",
    "chapter_number": "5",
    "book_name": {
      "english": "1 TIMOTHY",
      "hindi": "1 तीमुथियुस"
    },
    "verse": {
      "english": "Now she that is a widow indeed, and desolate, trusteth in God, and continueth in supplications and prayers night and day.",
      "hindi": "जो सचमुच विधवा है, और उसका कोई नहीं; वह परमेश्वर पर आशा रखती है, और रात दिन बिनती और प्रार्थना में लौलीन रहती है।"
    },
    "verse_number": 5
  },
  {
    "verse_count": "540506",
    "book_number": "54",
    "chapter_number": "5",
    "book_name": {
      "english": "1 TIMOTHY",
      "hindi": "1 तीमुथियुस"
    },
    "verse": {
      "english": "But she that liveth in pleasure is dead while she liveth.",
      "hindi": "पर जो भोगविलास में पड़ गई, वह जीते जी मर गई है।"
    },
    "verse_number": 6
  },
  {
    "verse_count": "540507",
    "book_number": "54",
    "chapter_number": "5",
    "book_name": {
      "english": "1 TIMOTHY",
      "hindi": "1 तीमुथियुस"
    },
    "verse": {
      "english": "And these things give in charge, that they may be blameless.",
      "hindi": "इन बातों की भी आज्ञा दिया कर, ताकि वे निर्दोष रहें।"
    },
    "verse_number": 7
  },
  {
    "verse_count": "540508",
    "book_number": "54",
    "chapter_number": "5",
    "book_name": {
      "english": "1 TIMOTHY",
      "hindi": "1 तीमुथियुस"
    },
    "verse": {
      "english": "But if any provide not for his own, and specially for those of his own house, he hath denied the faith, and is worse than an infidel.",
      "hindi": "पर यदि कोई अपनों की और निज करके अपने घराने की चिन्ता न करे, तो वह विश्वास से मुकर गया है, और अविश्वासी से भी बुरा बन गया है।"
    },
    "verse_number": 8
  },
  {
    "verse_count": "540509",
    "book_number": "54",
    "chapter_number": "5",
    "book_name": {
      "english": "1 TIMOTHY",
      "hindi": "1 तीमुथियुस"
    },
    "verse": {
      "english": "Let not a widow be taken into the number under threescore years old, having been the wife of one man,",
      "hindi": "उसी विधवा का नाम लिखा जाए, जो साठ वर्ष से कम की न हो, और एक ही पति की पत्नी रही हो।"
    },
    "verse_number": 9
  },
  {
    "verse_count": "5405010",
    "book_number": "54",
    "chapter_number": "5",
    "book_name": {
      "english": "1 TIMOTHY",
      "hindi": "1 तीमुथियुस"
    },
    "verse": {
      "english": "Well reported of for good works; if she have brought up children, if she have lodged strangers, if she have washed the saints' feet, if she have relieved the afflicted, if she have diligently followed every good work.",
      "hindi": "और भले काम में सुनाम रही हो, जिस ने बच्चों का पालन-पोषण किया हो; पाहुनों की सेवा की हो, पवित्र लोगों के पांव धोए हो, दुखियों की सहायता की हो, और हर एक भले काम में मन लगाया हो।"
    },
    "verse_number": 10
  },
  {
    "verse_count": "5405011",
    "book_number": "54",
    "chapter_number": "5",
    "book_name": {
      "english": "1 TIMOTHY",
      "hindi": "1 तीमुथियुस"
    },
    "verse": {
      "english": "But the younger widows refuse: for when they have begun to wax wanton against Christ, they will marry;",
      "hindi": "पर जवान विधवाओं के नाम न लिखना, क्योंकि जब वे मसीह का विरोध करके सुख-विलास में पड़ जाती हैं, तो ब्याह करना चाहती हैं।"
    },
    "verse_number": 11
  },
  {
    "verse_count": "5405012",
    "book_number": "54",
    "chapter_number": "5",
    "book_name": {
      "english": "1 TIMOTHY",
      "hindi": "1 तीमुथियुस"
    },
    "verse": {
      "english": "Having damnation, because they have cast off their first faith.",
      "hindi": "और दोषी ठहरती हैं, क्योंकि उन्होंने अपने पहिले विश्वास को छोड़ दिया है।"
    },
    "verse_number": 12
  },
  {
    "verse_count": "5405013",
    "book_number": "54",
    "chapter_number": "5",
    "book_name": {
      "english": "1 TIMOTHY",
      "hindi": "1 तीमुथियुस"
    },
    "verse": {
      "english": "And withal they learn to be idle, wandering about from house to house; and not only idle, but tattlers also and busybodies, speaking things which they ought not.",
      "hindi": "और इस के साथ ही साथ वे घर घर फिर कर आलसी होना सीखती है, और केवल आलसी नहीं, पर बकबक करती रहती और औरों के काम में हाथ भी डालती हैं और अनुचित बातें बोलती हैं।"
    },
    "verse_number": 13
  },
  {
    "verse_count": "5405014",
    "book_number": "54",
    "chapter_number": "5",
    "book_name": {
      "english": "1 TIMOTHY",
      "hindi": "1 तीमुथियुस"
    },
    "verse": {
      "english": "I will therefore that the younger women marry, bear children, guide the house, give none occasion to the adversary to speak reproachfully.",
      "hindi": "इसलिये मैं यह चाहता हूं, कि जवान विधवाएं ब्याह करें; और बच्चे जनें और घरबार संभालें, और किसी विरोधी को बदनाम करने का अवसर न दें।"
    },
    "verse_number": 14
  },
  {
    "verse_count": "5405015",
    "book_number": "54",
    "chapter_number": "5",
    "book_name": {
      "english": "1 TIMOTHY",
      "hindi": "1 तीमुथियुस"
    },
    "verse": {
      "english": "For some are already turned aside after Satan.",
      "hindi": "क्योंकि कई एक तो बहक कर शैतान के पीछे हो चुकी हैं।"
    },
    "verse_number": 15
  },
  {
    "verse_count": "5405016",
    "book_number": "54",
    "chapter_number": "5",
    "book_name": {
      "english": "1 TIMOTHY",
      "hindi": "1 तीमुथियुस"
    },
    "verse": {
      "english": "If any man or woman that believeth have widows, let them relieve them, and let not the church be charged; that it may relieve them that are widows indeed.",
      "hindi": "यदि किसी विश्वासिनी के यहां विधवाएं हों, तो वही उन की सहायता करे, कि कलीसिया पर भार न हो ताकि वह उन की सहायता कर सके, जो सचमुच में विधवाएं हैं॥"
    },
    "verse_number": 16
  },
  {
    "verse_count": "5405017",
    "book_number": "54",
    "chapter_number": "5",
    "book_name": {
      "english": "1 TIMOTHY",
      "hindi": "1 तीमुथियुस"
    },
    "verse": {
      "english": "Let the elders that rule well be counted worthy of double honour, especially they who labour in the word and doctrine.",
      "hindi": "जो प्राचीन अच्छा प्रबन्ध करते हैं, विशेष करके वे जो वचन सुनाने और सिखाने में परिश्रम करते हैं, दो गुने आदर के योग्य समझे जाएं।"
    },
    "verse_number": 17
  },
  {
    "verse_count": "5405018",
    "book_number": "54",
    "chapter_number": "5",
    "book_name": {
      "english": "1 TIMOTHY",
      "hindi": "1 तीमुथियुस"
    },
    "verse": {
      "english": "For the scripture saith, Thou shalt not muzzle the ox that treadeth out the corn. And, The labourer is worthy of his reward.",
      "hindi": "क्योंकि पवित्र शास्त्र कहता है, कि दांवने वाले बैल का मुंह न बान्धना, क्योंकि मजदूर अपनी मजदूरी का हक्कदार है।"
    },
    "verse_number": 18
  },
  {
    "verse_count": "5405019",
    "book_number": "54",
    "chapter_number": "5",
    "book_name": {
      "english": "1 TIMOTHY",
      "hindi": "1 तीमुथियुस"
    },
    "verse": {
      "english": "Against an elder receive not an accusation, but before two or three witnesses.",
      "hindi": "कोई दोष किसी प्राचीन पर लगाया जाए तो बिना दो या तीन गवाहों के उस को न सुन।"
    },
    "verse_number": 19
  },
  {
    "verse_count": "5405020",
    "book_number": "54",
    "chapter_number": "5",
    "book_name": {
      "english": "1 TIMOTHY",
      "hindi": "1 तीमुथियुस"
    },
    "verse": {
      "english": "Them that sin rebuke before all, that others also may fear.",
      "hindi": "पाप करने वालों को सब के साम्हने समझा दे, ताकि और लोग भी डरें।"
    },
    "verse_number": 20
  },
  {
    "verse_count": "5405021",
    "book_number": "54",
    "chapter_number": "5",
    "book_name": {
      "english": "1 TIMOTHY",
      "hindi": "1 तीमुथियुस"
    },
    "verse": {
      "english": "I charge thee before God, and the Lord Jesus Christ, and the elect angels, that thou observe these things without preferring one before another, doing nothing by partiality.",
      "hindi": "परमेश्वर, और मसीह यीशु, और चुने हुए स्वर्गदूतों को उपस्थित जान कर मैं तुझे चितौनी देता हूं कि तू मन खोल कर इन बातों को माना कर, और कोई काम पक्षपात से न कर।"
    },
    "verse_number": 21
  },
  {
    "verse_count": "5405022",
    "book_number": "54",
    "chapter_number": "5",
    "book_name": {
      "english": "1 TIMOTHY",
      "hindi": "1 तीमुथियुस"
    },
    "verse": {
      "english": "Lay hands suddenly on no man, neither be partaker of other men's sins: keep thyself pure.",
      "hindi": "किसी पर शीघ्र हाथ न रखना और दूसरों के पापों में भागी न होना: अपने आप को पवित्र बनाए रख।"
    },
    "verse_number": 22
  },
  {
    "verse_count": "5405023",
    "book_number": "54",
    "chapter_number": "5",
    "book_name": {
      "english": "1 TIMOTHY",
      "hindi": "1 तीमुथियुस"
    },
    "verse": {
      "english": "Drink no longer water, but use a little wine for thy stomach's sake and thine often infirmities.",
      "hindi": "भविष्य में केवल जल ही का पीने वाला न रह, पर अपने पेट के और अपने बार बार बीमार होने के कारण थोड़ा थोड़ा दाखरस भी काम में लाया कर।"
    },
    "verse_number": 23
  },
  {
    "verse_count": "5405024",
    "book_number": "54",
    "chapter_number": "5",
    "book_name": {
      "english": "1 TIMOTHY",
      "hindi": "1 तीमुथियुस"
    },
    "verse": {
      "english": "Some men's sins are open beforehand, going before to judgment; and some men they follow after.",
      "hindi": "कितने मनुष्यों के पाप प्रगट हो जाते हैं, और न्याय के लिये पहिले से पहुंच जाते हैं, पर कितनों के पीछे से आते हैं।"
    },
    "verse_number": 24
  },
  {
    "verse_count": "5405025",
    "book_number": "54",
    "chapter_number": "5",
    "book_name": {
      "english": "1 TIMOTHY",
      "hindi": "1 तीमुथियुस"
    },
    "verse": {
      "english": "Likewise also the good works of some are manifest beforehand; and they that are otherwise cannot be hid.",
      "hindi": "वैसे ही कितने भले काम भी प्रगट होते हैं, और जो ऐसे नहीं होते, वे भी छिप नहीं सकते॥"
    },
    "verse_number": 25
  },
  {
    "verse_count": "540601",
    "book_number": "54",
    "chapter_number": "6",
    "book_name": {
      "english": "1 TIMOTHY",
      "hindi": "1 तीमुथियुस"
    },
    "verse": {
      "english": "Let as many servants as are under the yoke count their own masters worthy of all honour, that the name of God and his doctrine be not blasphemed.",
      "hindi": "जितने दास जूए के नीचे हैं, वे अपने अपने स्वामी को बड़े आदर के योग्य जानें, ताकि परमेश्वर के नाम और उपदेश की निन्दा न हो।"
    },
    "verse_number": 1
  },
  {
    "verse_count": "540602",
    "book_number": "54",
    "chapter_number": "6",
    "book_name": {
      "english": "1 TIMOTHY",
      "hindi": "1 तीमुथियुस"
    },
    "verse": {
      "english": "And they that have believing masters, let them not despise them, because they are brethren; but rather do them service, because they are faithful and beloved, partakers of the benefit. These things teach and exhort.",
      "hindi": "और जिन के स्वामी विश्वासी हैं, इन्हें वे भाई होने के कारण तुच्छ न जानें; वरन उन की और भी सेवा करें, क्योंकि इस से लाभ उठाने वाले विश्वासी और प्रेमी हैं: इन बातों का उपदेश किया कर और समझाता रह॥"
    },
    "verse_number": 2
  },
  {
    "verse_count": "540603",
    "book_number": "54",
    "chapter_number": "6",
    "book_name": {
      "english": "1 TIMOTHY",
      "hindi": "1 तीमुथियुस"
    },
    "verse": {
      "english": "If any man teach otherwise, and consent not to wholesome words, even the words of our Lord Jesus Christ, and to the doctrine which is according to godliness;",
      "hindi": "यदि कोई और ही प्रकार का उपदेश देता है; और खरी बातों को, अर्थात हमारे प्रभु यीशु मसीह की बातों को और उस उपदेश को नहीं मानता, जो भक्ति के अनुसार है।"
    },
    "verse_number": 3
  },
  {
    "verse_count": "540604",
    "book_number": "54",
    "chapter_number": "6",
    "book_name": {
      "english": "1 TIMOTHY",
      "hindi": "1 तीमुथियुस"
    },
    "verse": {
      "english": "He is proud, knowing nothing, but doting about questions and strifes of words, whereof cometh envy, strife, railings, evil surmisings,",
      "hindi": "तो वह अभिमानी हो गया, और कुछ नहीं जानता, वरन उसे विवाद और शब्दों पर तर्क करने का रोग है, जिन से डाह, और झगड़े, और निन्दा की बातें, और बुरे बुरे सन्देह।"
    },
    "verse_number": 4
  },
  {
    "verse_count": "540605",
    "book_number": "54",
    "chapter_number": "6",
    "book_name": {
      "english": "1 TIMOTHY",
      "hindi": "1 तीमुथियुस"
    },
    "verse": {
      "english": "Perverse disputings of men of corrupt minds, and destitute of the truth, supposing that gain is godliness: from such withdraw thyself.",
      "hindi": "और उन मनुष्यों में व्यर्थ रगड़े झगड़े उत्पन्न होते हैं, जिन की बुद्धि बिगड़ गई है और वे सत्य से विहीन हो गए हैं, जो समझते हैं कि भक्ति कमाई का द्वार है।"
    },
    "verse_number": 5
  },
  {
    "verse_count": "540606",
    "book_number": "54",
    "chapter_number": "6",
    "book_name": {
      "english": "1 TIMOTHY",
      "hindi": "1 तीमुथियुस"
    },
    "verse": {
      "english": "But godliness with contentment is great gain.",
      "hindi": "पर सन्तोष सहित भक्ति बड़ी कमाई है।"
    },
    "verse_number": 6
  },
  {
    "verse_count": "540607",
    "book_number": "54",
    "chapter_number": "6",
    "book_name": {
      "english": "1 TIMOTHY",
      "hindi": "1 तीमुथियुस"
    },
    "verse": {
      "english": "For we brought nothing into this world, and it is certain we can carry nothing out.",
      "hindi": "क्योंकि न हम जगत में कुछ लाए हैं और न कुछ ले जा सकते हैं।"
    },
    "verse_number": 7
  },
  {
    "verse_count": "540608",
    "book_number": "54",
    "chapter_number": "6",
    "book_name": {
      "english": "1 TIMOTHY",
      "hindi": "1 तीमुथियुस"
    },
    "verse": {
      "english": "And having food and raiment let us be therewith content.",
      "hindi": "और यदि हमारे पास खाने और पहिनने को हो, तो इन्हीं पर सन्तोष करना चाहिए।"
    },
    "verse_number": 8
  },
  {
    "verse_count": "540609",
    "book_number": "54",
    "chapter_number": "6",
    "book_name": {
      "english": "1 TIMOTHY",
      "hindi": "1 तीमुथियुस"
    },
    "verse": {
      "english": "But they that will be rich fall into temptation and a snare, and into many foolish and hurtful lusts, which drown men in destruction and perdition.",
      "hindi": "पर जो धनी होना चाहते हैं, वे ऐसी परीक्षा, और फंदे और बहुतेरे व्यर्थ और हानिकारक लालसाओं में फंसते हैं, जो मनुष्यों को बिगाड़ देती हैं और विनाश के समुद्र में डूबा देती हैं।"
    },
    "verse_number": 9
  },
  {
    "verse_count": "5406010",
    "book_number": "54",
    "chapter_number": "6",
    "book_name": {
      "english": "1 TIMOTHY",
      "hindi": "1 तीमुथियुस"
    },
    "verse": {
      "english": "For the love of money is the root of all evil: which while some coveted after, they have erred from the faith, and pierced themselves through with many sorrows.",
      "hindi": "क्योंकि रूपये का लोभ सब प्रकार की बुराइयों की जड़ है, जिसे प्राप्त करने का प्रयत्न करते हुए कितनों ने विश्वास से भटक कर अपने आप को नाना प्रकार के दुखों से छलनी बना लिया है॥"
    },
    "verse_number": 10
  },
  {
    "verse_count": "5406011",
    "book_number": "54",
    "chapter_number": "6",
    "book_name": {
      "english": "1 TIMOTHY",
      "hindi": "1 तीमुथियुस"
    },
    "verse": {
      "english": "But thou, O man of God, flee these things; and follow after righteousness, godliness, faith, love, patience, meekness.",
      "hindi": "पर हे परमेश्वर के जन, तू इन बातों से भाग; और धर्म, भक्ति, विश्वास, प्रेम, धीरज, और नम्रता का पीछा कर।"
    },
    "verse_number": 11
  },
  {
    "verse_count": "5406012",
    "book_number": "54",
    "chapter_number": "6",
    "book_name": {
      "english": "1 TIMOTHY",
      "hindi": "1 तीमुथियुस"
    },
    "verse": {
      "english": "Fight the good fight of faith, lay hold on eternal life, whereunto thou art also called, and hast professed a good profession before many witnesses.",
      "hindi": "विश्वास की अच्छी कुश्ती लड़; और उस अनन्त जीवन को धर ले, जिस के लिये तू बुलाया, गया, और बहुत गवाहों के साम्हने अच्छा अंगीकार किया था।"
    },
    "verse_number": 12
  },
  {
    "verse_count": "5406013",
    "book_number": "54",
    "chapter_number": "6",
    "book_name": {
      "english": "1 TIMOTHY",
      "hindi": "1 तीमुथियुस"
    },
    "verse": {
      "english": "I give thee charge in the sight of God, who quickeneth all things, and before Christ Jesus, who before Pontius Pilate witnessed a good confession;",
      "hindi": "मैं तुझे परमेश्वर को जो सब को जीवित रखता है, और मसीह यीशु को गवाह कर के जिस ने पुन्तियुस पीलातुस के साम्हने अच्छा अंगीकार किया, यह आज्ञा देता हूं,"
    },
    "verse_number": 13
  },
  {
    "verse_count": "5406014",
    "book_number": "54",
    "chapter_number": "6",
    "book_name": {
      "english": "1 TIMOTHY",
      "hindi": "1 तीमुथियुस"
    },
    "verse": {
      "english": "That thou keep this commandment without spot, unrebukeable, until the appearing of our Lord Jesus Christ:",
      "hindi": "कि तू हमारे प्रभु यीशु मसीह के प्रगट होने तक इस आज्ञा को निष्कलंक और निर्दोष रख।"
    },
    "verse_number": 14
  },
  {
    "verse_count": "5406015",
    "book_number": "54",
    "chapter_number": "6",
    "book_name": {
      "english": "1 TIMOTHY",
      "hindi": "1 तीमुथियुस"
    },
    "verse": {
      "english": "Which in his times he shall shew, who is the blessed and only Potentate, the King of kings, and Lord of lords;",
      "hindi": "जिसे वह ठीक समयों में दिखाएगा, जो परमधन्य और अद्वैत अधिपति और राजाओं का राजा, और प्रभुओं का प्रभु है।"
    },
    "verse_number": 15
  },
  {
    "verse_count": "5406016",
    "book_number": "54",
    "chapter_number": "6",
    "book_name": {
      "english": "1 TIMOTHY",
      "hindi": "1 तीमुथियुस"
    },
    "verse": {
      "english": "Who only hath immortality, dwelling in the light which no man can approach unto; whom no man hath seen, nor can see: to whom be honour and power everlasting. Amen.",
      "hindi": "और अमरता केवल उसी की है, और वह अगम्य ज्योति में रहता है, और न उसे किसी मनुष्य ने देखा, और न कभी देख सकता है: उस की प्रतिष्ठा और राज्य युगानुयुग रहेगा। आमीन॥"
    },
    "verse_number": 16
  },
  {
    "verse_count": "5406017",
    "book_number": "54",
    "chapter_number": "6",
    "book_name": {
      "english": "1 TIMOTHY",
      "hindi": "1 तीमुथियुस"
    },
    "verse": {
      "english": "Charge them that are rich in this world, that they be not highminded, nor trust in uncertain riches, but in the living God, who giveth us richly all things to enjoy;",
      "hindi": "इस संसार के धनवानों को आज्ञा दे, कि वे अभिमानी न हों और चंचल धन पर आशा न रखें, परन्तु परमेश्वर पर जो हमारे सुख के लिये सब कुछ बहुतायत से देता है।"
    },
    "verse_number": 17
  },
  {
    "verse_count": "5406018",
    "book_number": "54",
    "chapter_number": "6",
    "book_name": {
      "english": "1 TIMOTHY",
      "hindi": "1 तीमुथियुस"
    },
    "verse": {
      "english": "That they do good, that they be rich in good works, ready to distribute, willing to communicate;",
      "hindi": "और भलाई करें, और भले कामों में धनी बनें, और उदार और सहायता देने में तत्पर हों।"
    },
    "verse_number": 18
  },
  {
    "verse_count": "5406019",
    "book_number": "54",
    "chapter_number": "6",
    "book_name": {
      "english": "1 TIMOTHY",
      "hindi": "1 तीमुथियुस"
    },
    "verse": {
      "english": "Laying up in store for themselves a good foundation against the time to come, that they may lay hold on eternal life.",
      "hindi": "और आगे के लिये एक अच्छी नेव डाल रखें, कि सत्य जीवन को वश में कर लें॥"
    },
    "verse_number": 19
  },
  {
    "verse_count": "5406020",
    "book_number": "54",
    "chapter_number": "6",
    "book_name": {
      "english": "1 TIMOTHY",
      "hindi": "1 तीमुथियुस"
    },
    "verse": {
      "english": "O Timothy, keep that which is committed to thy trust, avoiding profane and vain babblings, and oppositions of science falsely so called:",
      "hindi": "हे तीमुथियुस इस थाती की रखवाली कर और जिस ज्ञान को ज्ञान कहना ही भूल है, उसके अशुद्ध बकवाद और विरोध की बातों से परे रह।"
    },
    "verse_number": 20
  },
  {
    "verse_count": "5406021",
    "book_number": "54",
    "chapter_number": "6",
    "book_name": {
      "english": "1 TIMOTHY",
      "hindi": "1 तीमुथियुस"
    },
    "verse": {
      "english": "Which some professing have erred concerning the faith. Grace be with thee. Amen.",
      "hindi": "कितने इस ज्ञान का अंगीकार करके, विश्वास से भटक गए हैं॥ तुम पर अनुग्रह होता रहे॥"
    },
    "verse_number": 21
  }
]