[
  {
    "verse_count": "340101",
    "book_number": "34",
    "chapter_number": "1",
    "book_name": {
      "english": "NAHUM",
      "hindi": "नहूम"
    },
    "verse": {
      "english": "The burden of Nineveh. The book of the vision of Nahum the Elkoshite.",
      "hindi": "नीनवे के विषय में भारी वचन। एल्कोशी नहूम के दर्शन की पुस्तक॥"
    },
    "verse_number": 1
  },
  {
    "verse_count": "340102",
    "book_number": "34",
    "chapter_number": "1",
    "book_name": {
      "english": "NAHUM",
      "hindi": "नहूम"
    },
    "verse": {
      "english": "God is jealous, and the LORD revengeth; the LORD revengeth, and is furious; the LORD will take vengeance on his adversaries, and he reserveth wrath for his enemies.",
      "hindi": "यहोवा जल उठने वाला और बदला लेने वाला ईश्वर है; यहोवा बदला लेने वाला और जलजलाहट करने वाला है; यहोवा अपने द्रोहियों से बदला लेता है, और अपने शत्रुओं का पाप नहीं भूलता।"
    },
    "verse_number": 2
  },
  {
    "verse_count": "340103",
    "book_number": "34",
    "chapter_number": "1",
    "book_name": {
      "english": "NAHUM",
      "hindi": "नहूम"
    },
    "verse": {
      "english": "The LORD is slow to anger, and great in power, and will not at all acquit the wicked: the LORD hath his way in the whirlwind and in the storm, and the clouds are the dust of his feet.",
      "hindi": "यहोवा विलम्ब से क्रोध करने वाला और बड़ा शक्तिमान है; वह दोषी को किसी प्रकार निर्दोष न ठहराएगा॥ यहोवा बवंडर और आंधी में हो कर चलता है, और बादल उसके पांवों की धूलि है।"
    },
    "verse_number": 3
  },
  {
    "verse_count": "340104",
    "book_number": "34",
    "chapter_number": "1",
    "book_name": {
      "english": "NAHUM",
      "hindi": "नहूम"
    },
    "verse": {
      "english": "He rebuketh the sea, and maketh it dry, and drieth up all the rivers: Bashan languisheth, and Carmel, and the flower of Lebanon languisheth.",
      "hindi": "उसके घुड़कने से महानद सूख जाते हैं, और समुद्र भी निर्जल हो जाता है; बाशान और कर्म्मैल कुम्हलाते और लबानोन की हरियाली जाती रहती है।"
    },
    "verse_number": 4
  },
  {
    "verse_count": "340105",
    "book_number": "34",
    "chapter_number": "1",
    "book_name": {
      "english": "NAHUM",
      "hindi": "नहूम"
    },
    "verse": {
      "english": "The mountains quake at him, and the hills melt, and the earth is burned at his presence, yea, the world, and all that dwell therein.",
      "hindi": "उसके स्पर्श से पहाड़ कांप उठते हैं और पहाडिय़ां गल जाती हैं; उसके प्रताप से पृथ्वी वरन सारा संसार अपने सब रहने वालों समेत थरथरा उठता है॥"
    },
    "verse_number": 5
  },
  {
    "verse_count": "340106",
    "book_number": "34",
    "chapter_number": "1",
    "book_name": {
      "english": "NAHUM",
      "hindi": "नहूम"
    },
    "verse": {
      "english": "Who can stand before his indignation? and who can abide in the fierceness of his anger? his fury is poured out like fire, and the rocks are thrown down by him.",
      "hindi": "उसके क्रोध का साम्हना कौन कर सकता है? और जब उसका क्रोध भड़कता है, तब कौन ठहर सकता है? उसकी जलजलाहट आग की नाईं भड़क जाती है, और चट्टानें उसकी शक्ति से फट फटकर गिरती हैं।"
    },
    "verse_number": 6
  },
  {
    "verse_count": "340107",
    "book_number": "34",
    "chapter_number": "1",
    "book_name": {
      "english": "NAHUM",
      "hindi": "नहूम"
    },
    "verse": {
      "english": "The LORD is good, a strong hold in the day of trouble; and he knoweth them that trust in him.",
      "hindi": "यहोवा भला है; संकट के दिन में वह दृढ़ गढ़ ठहरता है, और अपने शरणागतों की सुधी रखता है।"
    },
    "verse_number": 7
  },
  {
    "verse_count": "340108",
    "book_number": "34",
    "chapter_number": "1",
    "book_name": {
      "english": "NAHUM",
      "hindi": "नहूम"
    },
    "verse": {
      "english": "But with an overrunning flood he will make an utter end of the place thereof, and darkness shall pursue his enemies.",
      "hindi": "परन्तु वह उमड़ती हुई धारा से उसके स्थान का अन्त कर देगा, और अपने शत्रुओं को खदेड़ कर अन्धकार में भगा देगा।"
    },
    "verse_number": 8
  },
  {
    "verse_count": "340109",
    "book_number": "34",
    "chapter_number": "1",
    "book_name": {
      "english": "NAHUM",
      "hindi": "नहूम"
    },
    "verse": {
      "english": "What do ye imagine against the LORD? he will make an utter end: affliction shall not rise up the second time.",
      "hindi": "तुम यहोवा के विरुद्ध क्या कल्पना कर रहे हो? वह तुम्हारा अन्त कर देगा; विपत्ति दूसरी बार पड़ने न पाएगी।"
    },
    "verse_number": 9
  },
  {
    "verse_count": "3401010",
    "book_number": "34",
    "chapter_number": "1",
    "book_name": {
      "english": "NAHUM",
      "hindi": "नहूम"
    },
    "verse": {
      "english": "For while they be folden together as thorns, and while they are drunken as drunkards, they shall be devoured as stubble fully dry.",
      "hindi": "क्योंकि चाहे वे कांटों से उलझे हुए हों, और मदिरा के नशे में चूर भी हों, तौभी वे सूखी खूंटी की नाईं भस्म किए जाएंगे।"
    },
    "verse_number": 10
  },
  {
    "verse_count": "3401011",
    "book_number": "34",
    "chapter_number": "1",
    "book_name": {
      "english": "NAHUM",
      "hindi": "नहूम"
    },
    "verse": {
      "english": "There is one come out of thee, that imagineth evil against the LORD, a wicked counsellor.",
      "hindi": "तुझ में से एक निकला है, जो यहोवा के विरुद्ध कल्पना करता और नीचता की युक्ति बान्धता है॥"
    },
    "verse_number": 11
  },
  {
    "verse_count": "3401012",
    "book_number": "34",
    "chapter_number": "1",
    "book_name": {
      "english": "NAHUM",
      "hindi": "नहूम"
    },
    "verse": {
      "english": "Thus saith the LORD; Though they be quiet, and likewise many, yet thus shall they be cut down, when he shall pass through. Though I have afflicted thee, I will afflict thee no more.",
      "hindi": "यहोवा यों कहता है, चाहे वे सब प्रकार के सामर्थी हों, और बहुत भी हों, तौभी पूरी रीति से काटे जाएंगे और शून्य हो जाएंगे। मैं ने तुझे दु:ख दिया है, परन्तु फिर न दूंगा।"
    },
    "verse_number": 12
  },
  {
    "verse_count": "3401013",
    "book_number": "34",
    "chapter_number": "1",
    "book_name": {
      "english": "NAHUM",
      "hindi": "नहूम"
    },
    "verse": {
      "english": "For now will I break his yoke from off thee, and will burst thy bonds in sunder.",
      "hindi": "क्योंकि अब मैं उसका जूआ तेरी गर्दन पर से उतार कर तोड़ डालूंगा, और तेरा बन्धन फाड़ डालूंगा॥"
    },
    "verse_number": 13
  },
  {
    "verse_count": "3401014",
    "book_number": "34",
    "chapter_number": "1",
    "book_name": {
      "english": "NAHUM",
      "hindi": "नहूम"
    },
    "verse": {
      "english": "And the LORD hath given a commandment concerning thee, that no more of thy name be sown: out of the house of thy gods will I cut off the graven image and the molten image: I will make thy grave; for thou art vile.",
      "hindi": "यहोवा ने तेरे विषय में यह आज्ञा दी है कि आगे को तेरा वंश न चले; मैं तेरे देवालयों में से ढली और गढ़ी हुई मूरतों को काट डालूंगा, मैं तेरे लिये कबर खोदूंगा, क्योंकि तू नीच है॥"
    },
    "verse_number": 14
  },
  {
    "verse_count": "3401015",
    "book_number": "34",
    "chapter_number": "1",
    "book_name": {
      "english": "NAHUM",
      "hindi": "नहूम"
    },
    "verse": {
      "english": "Behold upon the mountains the feet of him that bringeth good tidings, that publisheth peace! O Judah, keep thy solemn feasts, perform thy vows: for the wicked shall no more pass through thee; he is utterly cut off.",
      "hindi": "देखो, पहाड़ों पर शुभसमाचार का सुनाने वाला और शान्ति का प्रचार करने वाला आ रहा है! अब हे यहूदा, अपने पर्व मान, और अपनी मन्नतें पूरी कर, क्योंकि वह ओछा फिर कभी तेरे बीच में हो कर न चलेगा, और पूरी रीति से नाश हुआ है॥"
    },
    "verse_number": 15
  },
  {
    "verse_count": "340201",
    "book_number": "34",
    "chapter_number": "2",
    "book_name": {
      "english": "NAHUM",
      "hindi": "नहूम"
    },
    "verse": {
      "english": "He that dasheth in pieces is come up before thy face: keep the munition, watch the way, make thy loins strong, fortify thy power mightily.",
      "hindi": "सत्यानाश करने वाला तेरे विरुद्ध चढ़ आया है। गढ़ को दृढ़ कर; मार्ग देखता हुआ चौकस रह; अपनी कमर कस; अपना बल बढ़ा दे॥"
    },
    "verse_number": 1
  },
  {
    "verse_count": "340202",
    "book_number": "34",
    "chapter_number": "2",
    "book_name": {
      "english": "NAHUM",
      "hindi": "नहूम"
    },
    "verse": {
      "english": "For the LORD hath turned away the excellency of Jacob, as the excellency of Israel: for the emptiers have emptied them out, and marred their vine branches.",
      "hindi": "यहोवा याकूब की बड़ाई इस्राएल की बड़ाई के समान ज्यों की त्यों कर रहा है, क्योंकि उजाड़ने वालों ने उन को उजाड़ दिया है और दाखलता की डालियों को नाश किया है॥"
    },
    "verse_number": 2
  },
  {
    "verse_count": "340203",
    "book_number": "34",
    "chapter_number": "2",
    "book_name": {
      "english": "NAHUM",
      "hindi": "नहूम"
    },
    "verse": {
      "english": "The shield of his mighty men is made red, the valiant men are in scarlet: the chariots shall be with flaming torches in the day of his preparation, and the fir trees shall be terribly shaken.",
      "hindi": "उसके शूरवीरों की ढालें लाल रंग से रंगी गईं, और उसके योद्धा लाल रंग के वस्त्र पहिने हुए हैं। तैयारी के दिन रथों का लोहा आग की नाईं चमकता है, और भाले हिलाए जाते हैं।"
    },
    "verse_number": 3
  },
  {
    "verse_count": "340204",
    "book_number": "34",
    "chapter_number": "2",
    "book_name": {
      "english": "NAHUM",
      "hindi": "नहूम"
    },
    "verse": {
      "english": "The chariots shall rage in the streets, they shall justle one against another in the broad ways: they shall seem like torches, they shall run like the lightnings.",
      "hindi": "रथ सड़कों में बहुत वेग से हांके जाते हैं; वे पलीतों के समान दिखाईं देते हैं, और उनका वेग बिजली का सा है।"
    },
    "verse_number": 4
  },
  {
    "verse_count": "340205",
    "book_number": "34",
    "chapter_number": "2",
    "book_name": {
      "english": "NAHUM",
      "hindi": "नहूम"
    },
    "verse": {
      "english": "He shall recount his worthies: they shall stumble in their walk; they shall make haste to the wall thereof, and the defence shall be prepared.",
      "hindi": "वह अपने शूरवीरों को स्मरण करता है; वे चलते चलते ठोकर खाते हैं, वे शहरपनाह की ओर फुर्ती से जाते हैं, और काठ का गुम्मट तैयार किया जाता है।"
    },
    "verse_number": 5
  },
  {
    "verse_count": "340206",
    "book_number": "34",
    "chapter_number": "2",
    "book_name": {
      "english": "NAHUM",
      "hindi": "नहूम"
    },
    "verse": {
      "english": "The gates of the rivers shall be opened, and the palace shall be dissolved.",
      "hindi": "नहरों के द्वार खुल जाते हैं, और राजभवन गल कर बैठा जाता है।"
    },
    "verse_number": 6
  },
  {
    "verse_count": "340207",
    "book_number": "34",
    "chapter_number": "2",
    "book_name": {
      "english": "NAHUM",
      "hindi": "नहूम"
    },
    "verse": {
      "english": "And Huzzab shall be led away captive, she shall be brought up, and her maids shall lead her as with the voice of doves, tabering upon their breasts.",
      "hindi": "हुसेब नंगी कर के बंधुवाई में ले ली जाएगी, और उसकी दासियां छाती पीटती हुई पिण्डुकों की नाईं विलाप करेंगी।"
    },
    "verse_number": 7
  },
  {
    "verse_count": "340208",
    "book_number": "34",
    "chapter_number": "2",
    "book_name": {
      "english": "NAHUM",
      "hindi": "नहूम"
    },
    "verse": {
      "english": "But Nineveh is of old like a pool of water: yet they shall flee away. Stand, stand, shall they cry; but none shall look back.",
      "hindi": "नीनवे जब से बनी है, तब से तालाब के समान है, तौभी वे भागे जाते हैं, और “खड़े हो; खड़े हो\" , ऐसा पुकारे जाने पर भी कोई मुंह नहीं फेरता।"
    },
    "verse_number": 8
  },
  {
    "verse_count": "340209",
    "book_number": "34",
    "chapter_number": "2",
    "book_name": {
      "english": "NAHUM",
      "hindi": "नहूम"
    },
    "verse": {
      "english": "Take ye the spoil of silver, take the spoil of gold: for there is none end of the store and glory out of all the pleasant furniture.",
      "hindi": "चांदी को लूटो, सोने को लूटो, उसके रखे हुए धन की बहुतायत, और वैभव की सब प्रकार की मनभावनी सामग्री का कुछ परिमाण नहीं॥"
    },
    "verse_number": 9
  },
  {
    "verse_count": "3402010",
    "book_number": "34",
    "chapter_number": "2",
    "book_name": {
      "english": "NAHUM",
      "hindi": "नहूम"
    },
    "verse": {
      "english": "She is empty, and void, and waste: and the heart melteth, and the knees smite together, and much pain is in all loins, and the faces of them all gather blackness.",
      "hindi": "वह खाली, छूछीं और सूनी हो गई है! मन कच्चा हो गया, और पांव कांपते हैं; और उन सभों कि कटियों में बड़ी पीड़ा उठी, और सभों के मुख का रंग उड़ गया है!"
    },
    "verse_number": 10
  },
  {
    "verse_count": "3402011",
    "book_number": "34",
    "chapter_number": "2",
    "book_name": {
      "english": "NAHUM",
      "hindi": "नहूम"
    },
    "verse": {
      "english": "Where is the dwelling of the lions, and the feedingplace of the young lions, where the lion, even the old lion, walked, and the lion's whelp, and none made them afraid?",
      "hindi": "सिंहों की वह मांद, और जवान सिंह के आखेट का वह स्थान कहां रहा जिस में सिंह और सिंहनी अपने बच्चों समेत बेखटके फिरते थे?"
    },
    "verse_number": 11
  },
  {
    "verse_count": "3402012",
    "book_number": "34",
    "chapter_number": "2",
    "book_name": {
      "english": "NAHUM",
      "hindi": "नहूम"
    },
    "verse": {
      "english": "The lion did tear in pieces enough for his whelps, and strangled for his lionesses, and filled his holes with prey, and his dens with ravin.",
      "hindi": "सिंह तो अपने डांवरूओं के लिये बहुत आहेर को फाड़ता था, और अपनी सिंहनियों के लिये आहेर का गला घोंट घोंटकर ले जाता था, और अपनी गुफाओं और मांदों को आहेर से भर लेता था॥"
    },
    "verse_number": 12
  },
  {
    "verse_count": "3402013",
    "book_number": "34",
    "chapter_number": "2",
    "book_name": {
      "english": "NAHUM",
      "hindi": "नहूम"
    },
    "verse": {
      "english": "Behold, I am against thee, saith the LORD of hosts, and I will burn her chariots in the smoke, and the sword shall devour thy young lions: and I will cut off thy prey from the earth, and the voice of thy messengers shall no more be heard.",
      "hindi": "सेनाओं के यहोवा की यह वाणी है, मैं तेरे विरुद्ध हूं, और उसके रथों को भस्म कर के धुंएं में उड़ा दूंगा, और उसके जवान सिंह सरीखे वीर तलवार से मारे जाएंगे; मैं तेरे आहेर को पृथ्वी पर से नाश करूंगा, और तेरे दूतों का बोल फिर सुना न जाएगा॥"
    },
    "verse_number": 13
  },
  {
    "verse_count": "340301",
    "book_number": "34",
    "chapter_number": "3",
    "book_name": {
      "english": "NAHUM",
      "hindi": "नहूम"
    },
    "verse": {
      "english": "Woe to the bloody city! it is all full of lies and robbery; the prey departeth not;",
      "hindi": "हाय उस हत्यारी नगरी पर, वह तो छल और लूट के धन से भरी हुई है; लूट कम नहीं होती है।"
    },
    "verse_number": 1
  },
  {
    "verse_count": "340302",
    "book_number": "34",
    "chapter_number": "3",
    "book_name": {
      "english": "NAHUM",
      "hindi": "नहूम"
    },
    "verse": {
      "english": "The noise of a whip, and the noise of the rattling of the wheels, and of the pransing horses, and of the jumping chariots.",
      "hindi": "कोड़ों की फटकार और पहियों की घड़घड़ाहट हो रही है; घोड़े कूदते-फांदते और रथ उछलते चलते हैं।"
    },
    "verse_number": 2
  },
  {
    "verse_count": "340303",
    "book_number": "34",
    "chapter_number": "3",
    "book_name": {
      "english": "NAHUM",
      "hindi": "नहूम"
    },
    "verse": {
      "english": "The horseman lifteth up both the bright sword and the glittering spear: and there is a multitude of slain, and a great number of carcases; and there is none end of their corpses; they stumble upon their corpses:",
      "hindi": "सवार चढ़ाई करते, तलवारें और भाले बिजली की नाईं चमकते हैं, मारे हुओं की बहुतायत और लोथों का बड़ा ढेर है; मुर्दों की कुछ गिनती नहीं, लोग मुर्दों से ठोकर खा खाकर चलते हैं!"
    },
    "verse_number": 3
  },
  {
    "verse_count": "340304",
    "book_number": "34",
    "chapter_number": "3",
    "book_name": {
      "english": "NAHUM",
      "hindi": "नहूम"
    },
    "verse": {
      "english": "Because of the multitude of the whoredoms of the wellfavoured harlot, the mistress of witchcrafts, that selleth nations through her whoredoms, and families through her witchcrafts.",
      "hindi": "यह सब उस अति सुन्दर वेश्या, और निपुण टोनहिन के छिनाले की बहुतायत के कारण हुआ, जो छिनाले के द्वारा जाति-जाति के लोगों को, और टोने के द्वारा कुल-कुल के लोगों को बेच डालती है॥"
    },
    "verse_number": 4
  },
  {
    "verse_count": "340305",
    "book_number": "34",
    "chapter_number": "3",
    "book_name": {
      "english": "NAHUM",
      "hindi": "नहूम"
    },
    "verse": {
      "english": "Behold, I am against thee, saith the LORD of hosts; and I will discover thy skirts upon thy face, and I will shew the nations thy nakedness, and the kingdoms thy shame.",
      "hindi": "सेनाओं के यहोवा की यह वाणी है, मैं तेरे विरुद्ध हूं, और तेरे वस्त्र को उठा कर, तुझे जाति-जाति के साम्हने नंगी और राज्य-राज्य के साम्हने नीचा दिखाऊंगा।"
    },
    "verse_number": 5
  },
  {
    "verse_count": "340306",
    "book_number": "34",
    "chapter_number": "3",
    "book_name": {
      "english": "NAHUM",
      "hindi": "नहूम"
    },
    "verse": {
      "english": "And I will cast abominable filth upon thee, and make thee vile, and will set thee as a gazingstock.",
      "hindi": "मैं तुझ पर घिनौनी वस्तुएं फेंक कर तुझे तुच्छ कर दूंगा, और सब से तेरी हंसी कराऊंगा।"
    },
    "verse_number": 6
  },
  {
    "verse_count": "340307",
    "book_number": "34",
    "chapter_number": "3",
    "book_name": {
      "english": "NAHUM",
      "hindi": "नहूम"
    },
    "verse": {
      "english": "And it shall come to pass, that all they that look upon thee shall flee from thee, and say, Nineveh is laid waste: who will bemoan her? whence shall I seek comforters for thee?",
      "hindi": "और जितने तुझे देखेंगे, सब तेरे पास से भाग कर कहेंगे, नीनवे नाश हो गई; कौन उसके कारण विलाप करे? हम उसके लिये शान्ति देने वाला कहां से ढूंढ़ कर ले आएं?"
    },
    "verse_number": 7
  },
  {
    "verse_count": "340308",
    "book_number": "34",
    "chapter_number": "3",
    "book_name": {
      "english": "NAHUM",
      "hindi": "नहूम"
    },
    "verse": {
      "english": "Art thou better than populous No, that was situate among the rivers, that had the waters round about it, whose rampart was the sea, and her wall was from the sea?",
      "hindi": "क्या तू अमोन नगरी से बढ़ कर है, जो नहरों के बीच बसी थी, और उसके चारों ओर जल था, और महानद उसके लिये किला और शहरपनाह का काम देता था?"
    },
    "verse_number": 8
  },
  {
    "verse_count": "340309",
    "book_number": "34",
    "chapter_number": "3",
    "book_name": {
      "english": "NAHUM",
      "hindi": "नहूम"
    },
    "verse": {
      "english": "Ethiopia and Egypt were her strength, and it was infinite; Put and Lubim were thy helpers.",
      "hindi": "कूश और मिस्री उसको अनगिनित बल देते थे, पूत और लूबी तेरे सहायक थे॥"
    },
    "verse_number": 9
  },
  {
    "verse_count": "3403010",
    "book_number": "34",
    "chapter_number": "3",
    "book_name": {
      "english": "NAHUM",
      "hindi": "नहूम"
    },
    "verse": {
      "english": "Yet was she carried away, she went into captivity: her young children also were dashed in pieces at the top of all the streets: and they cast lots for her honourable men, and all her great men were bound in chains.",
      "hindi": "तौभी लोग उसको बंधुवाई में ले गए, और उसके नन्हें बच्चे सड़कों के सिरे पर पटक दिए गए; और उसके प्रतिष्ठित पुरूषों के लिये उन्होंने चिट्ठी डाली, और उसके सब रईस बेडिय़ों से जकड़े गए।"
    },
    "verse_number": 10
  },
  {
    "verse_count": "3403011",
    "book_number": "34",
    "chapter_number": "3",
    "book_name": {
      "english": "NAHUM",
      "hindi": "नहूम"
    },
    "verse": {
      "english": "Thou also shalt be drunken: thou shalt be hid, thou also shalt seek strength because of the enemy.",
      "hindi": "तू भी मतवाली होगी, तू घबरा जाएगी; तू भी शत्रु के डर के मारे शरण का स्थान ढूंढेगी।"
    },
    "verse_number": 11
  },
  {
    "verse_count": "3403012",
    "book_number": "34",
    "chapter_number": "3",
    "book_name": {
      "english": "NAHUM",
      "hindi": "नहूम"
    },
    "verse": {
      "english": "All thy strong holds shall be like fig trees with the firstripe figs: if they be shaken, they shall even fall into the mouth of the eater.",
      "hindi": "तेरे सब गढ़ ऐसे अंजीर के वृक्षों के समान होंगे जिन में पहिले पक्के अंजीर लगे हों, यदि वे हिलाए जाएं तो फल खाने वाले के मुंह में गिरेंगे।"
    },
    "verse_number": 12
  },
  {
    "verse_count": "3403013",
    "book_number": "34",
    "chapter_number": "3",
    "book_name": {
      "english": "NAHUM",
      "hindi": "नहूम"
    },
    "verse": {
      "english": "Behold, thy people in the midst of thee are women: the gates of thy land shall be set wide open unto thine enemies: the fire shall devour thy bars.",
      "hindi": "देख, तेरे लोग जो तेरे बीच में हैं, वे स्त्रियां बन गए हैं। तेरे देश में प्रवेश करने के मार्ग तेरे शत्रुओं के लिये बिलकुल खुले पड़े हैं; और रूकावट की छड़ें आग के कौर हो गई हैं॥"
    },
    "verse_number": 13
  },
  {
    "verse_count": "3403014",
    "book_number": "34",
    "chapter_number": "3",
    "book_name": {
      "english": "NAHUM",
      "hindi": "नहूम"
    },
    "verse": {
      "english": "Draw thee waters for the siege, fortify thy strong holds: go into clay, and tread the morter, make strong the brickkiln.",
      "hindi": "घिर जाने के दिनों के लिये पानी भर ले, और गढ़ों को अधिक दृढ़ कर; कीचड़ ले आकर गारा लताड़, और भट्ठे को सजा!"
    },
    "verse_number": 14
  },
  {
    "verse_count": "3403015",
    "book_number": "34",
    "chapter_number": "3",
    "book_name": {
      "english": "NAHUM",
      "hindi": "नहूम"
    },
    "verse": {
      "english": "There shall the fire devour thee; the sword shall cut thee off, it shall eat thee up like the cankerworm: make thyself many as the cankerworm, make thyself many as the locusts.",
      "hindi": "वहां तू आग में भस्म होगी, और तलवार से तू नाश हो जाएगी। वह येलेक नाम टिड्डी की नाईं तुझे निगल जाएगी॥ यद्यपि तू अर्बे नाम टिड्डी के समान अनगिनित भी हो जाए!"
    },
    "verse_number": 15
  },
  {
    "verse_count": "3403016",
    "book_number": "34",
    "chapter_number": "3",
    "book_name": {
      "english": "NAHUM",
      "hindi": "नहूम"
    },
    "verse": {
      "english": "Thou hast multiplied thy merchants above the stars of heaven: the cankerworm spoileth, and flieth away.",
      "hindi": "तेरे व्योपारी आकाश के तारागण से भी अधिक अनगिनित हुए। टिड्डी चट कर के उड़ जाती है।"
    },
    "verse_number": 16
  },
  {
    "verse_count": "3403017",
    "book_number": "34",
    "chapter_number": "3",
    "book_name": {
      "english": "NAHUM",
      "hindi": "नहूम"
    },
    "verse": {
      "english": "Thy crowned are as the locusts, and thy captains as the great grasshoppers, which camp in the hedges in the cold day, but when the sun ariseth they flee away, and their place is not known where they are.",
      "hindi": "तेरे मुकुटधारी लोग टिड्डियों के समान, और सेनापति टिड्डियों के दलों सरीखे ठहरेंगे जो जाड़े के दिन में बाड़ों पर टिकते हैं, परन्तु जब सूर्य दिखाई देता है तब भाग जाते हैं; और कोई नहीं जानता कि वे कहां गए॥"
    },
    "verse_number": 17
  },
  {
    "verse_count": "3403018",
    "book_number": "34",
    "chapter_number": "3",
    "book_name": {
      "english": "NAHUM",
      "hindi": "नहूम"
    },
    "verse": {
      "english": "Thy shepherds slumber, O king of Assyria: thy nobles shall dwell in the dust: thy people is scattered upon the mountains, and no man gathereth them.",
      "hindi": "हे अश्शूर के राजा, तेरे ठहराए हुए चरवाहे ऊंघते हैं; तेरे शूरवीर भारी नींद में पड़ गए हैं। तेरी प्रजा पहाड़ों पर तितर-बितर हो गई है, और कोई उन को फिर इकट्ठे नहीं करता।"
    },
    "verse_number": 18
  },
  {
    "verse_count": "3403019",
    "book_number": "34",
    "chapter_number": "3",
    "book_name": {
      "english": "NAHUM",
      "hindi": "नहूम"
    },
    "verse": {
      "english": "There is no healing of thy bruise; thy wound is grievous: all that hear the bruit of thee shall clap the hands over thee: for upon whom hath not thy wickedness passed continually?",
      "hindi": "तेरा घाव न भर सकेगा, तेरा रोग असाध्य है। जितने तेरा समाचार सुनेंगे, वे तेरे ऊपर ताली बजाएंगे। क्योंकि ऐसा कौन है जिस पर तेरी लगातार दुष्टता का प्रभाव न पड़ा हो?"
    },
    "verse_number": 19
  }
]