[
  {
    "verse_count": "220101",
    "book_number": "22",
    "chapter_number": "1",
    "book_name": {
      "english": "SONG OF SOLOMON",
      "hindi": "श्रेष्ठगीत"
    },
    "verse": {
      "english": "The song of songs, which is Solomon's.",
      "hindi": "श्रेष्टगीत जो सुलैमान का है॥"
    },
    "verse_number": 1
  },
  {
    "verse_count": "220102",
    "book_number": "22",
    "chapter_number": "1",
    "book_name": {
      "english": "SONG OF SOLOMON",
      "hindi": "श्रेष्ठगीत"
    },
    "verse": {
      "english": "Let him kiss me with the kisses of his mouth: for thy love is better than wine.",
      "hindi": "वह अपने मुंह के चुम्बनों से मुझे चूमे! क्योंकि तेरा प्रेम दाखमधु से उत्तम है,"
    },
    "verse_number": 2
  },
  {
    "verse_count": "220103",
    "book_number": "22",
    "chapter_number": "1",
    "book_name": {
      "english": "SONG OF SOLOMON",
      "hindi": "श्रेष्ठगीत"
    },
    "verse": {
      "english": "Because of the savour of thy good ointments thy name is as ointment poured forth, therefore do the virgins love thee.",
      "hindi": "तेरे भांति भांति के इत्रों का सुगन्ध उत्तम है, तेरा नाम उंडेले हुए इत्र के तुल्य है; इसीलिये कुमारियां तुझ से प्रेम रखती हैं"
    },
    "verse_number": 3
  },
  {
    "verse_count": "220104",
    "book_number": "22",
    "chapter_number": "1",
    "book_name": {
      "english": "SONG OF SOLOMON",
      "hindi": "श्रेष्ठगीत"
    },
    "verse": {
      "english": "Draw me, we will run after thee: the king hath brought me into his chambers: we will be glad and rejoice in thee, we will remember thy love more than wine: the upright love thee.",
      "hindi": "मुझे खींच ले; हम तेरे पीछे दौड़ेंगे राजा मुझे अपने महल में ले आया है। हम तुझ में मगन और आनन्दित होंगे; हम दाखमधु से अधिक तेरे प्रेम की चर्चा करेंगे; वे ठीक ही तुझ से प्रेम रखती हैं॥"
    },
    "verse_number": 4
  },
  {
    "verse_count": "220105",
    "book_number": "22",
    "chapter_number": "1",
    "book_name": {
      "english": "SONG OF SOLOMON",
      "hindi": "श्रेष्ठगीत"
    },
    "verse": {
      "english": "I am black, but comely, O ye daughters of Jerusalem, as the tents of Kedar, as the curtains of Solomon.",
      "hindi": "हे यरूशलेम की पुत्रियों, मैं काली तो हूं परन्तु सुन्दर हूं, केदार के तम्बुओं के और सुलैमान के पर्दों के तुल्य हूं।"
    },
    "verse_number": 5
  },
  {
    "verse_count": "220106",
    "book_number": "22",
    "chapter_number": "1",
    "book_name": {
      "english": "SONG OF SOLOMON",
      "hindi": "श्रेष्ठगीत"
    },
    "verse": {
      "english": "Look not upon me, because I am black, because the sun hath looked upon me: my mother's children were angry with me; they made me the keeper of the vineyards; but mine own vineyard have I not kept.",
      "hindi": "मुझे इसलिये न घूर कि मैं साँवली हूं, क्योंकि मैं धूप से झुलस गई। मेरी माता के पुत्र मुझ से अप्रसन्न थे, उन्होंने मुझ को दाख की बारियों की रखवालिन बनाया; परन्तु मैं ने अपनी निज दाख की बारी की रखवाली नहीं की!"
    },
    "verse_number": 6
  },
  {
    "verse_count": "220107",
    "book_number": "22",
    "chapter_number": "1",
    "book_name": {
      "english": "SONG OF SOLOMON",
      "hindi": "श्रेष्ठगीत"
    },
    "verse": {
      "english": "Tell me, O thou whom my soul loveth, where thou feedest, where thou makest thy flock to rest at noon: for why should I be as one that turneth aside by the flocks of thy companions?",
      "hindi": "हे मेरे प्राणप्रिय मुझे बता, तू अपनी भेड़-बकरियां कहां चराता है, दोपहर को तू उन्हें कहां बैठाता है; मैं क्यों तेरे संगियों की भेड़-बकरियों के पास घूंघट काढ़े हुए भटकती फिरूं?"
    },
    "verse_number": 7
  },
  {
    "verse_count": "220108",
    "book_number": "22",
    "chapter_number": "1",
    "book_name": {
      "english": "SONG OF SOLOMON",
      "hindi": "श्रेष्ठगीत"
    },
    "verse": {
      "english": "If thou know not, O thou fairest among women, go thy way forth by the footsteps of the flock, and feed thy kids beside the shepherds' tents.",
      "hindi": "हे स्त्रियों में सुन्दरी, यदि तू यह न जानती हो तो भेड़-बकरियों के खुरों के चिन्हों पर चल और चरावाहों के तम्बुओं के पास अपनी बकरियों के बच्चों को चरा॥"
    },
    "verse_number": 8
  },
  {
    "verse_count": "220109",
    "book_number": "22",
    "chapter_number": "1",
    "book_name": {
      "english": "SONG OF SOLOMON",
      "hindi": "श्रेष्ठगीत"
    },
    "verse": {
      "english": "I have compared thee, O my love, to a company of horses in Pharaoh's chariots.",
      "hindi": "हे मेरी प्रिय मैं ने तेरी तुलना फिरौन के रथों में जुती हुई घोड़ी से की है।"
    },
    "verse_number": 9
  },
  {
    "verse_count": "2201010",
    "book_number": "22",
    "chapter_number": "1",
    "book_name": {
      "english": "SONG OF SOLOMON",
      "hindi": "श्रेष्ठगीत"
    },
    "verse": {
      "english": "Thy cheeks are comely with rows of jewels, thy neck with chains of gold.",
      "hindi": "तेरे गाल केशों के लटों के बीच क्या ही सुन्दर हैं, और तेरा कण्ठ हीरों की लड़ों के बीच।"
    },
    "verse_number": 10
  },
  {
    "verse_count": "2201011",
    "book_number": "22",
    "chapter_number": "1",
    "book_name": {
      "english": "SONG OF SOLOMON",
      "hindi": "श्रेष्ठगीत"
    },
    "verse": {
      "english": "We will make thee borders of gold with studs of silver.",
      "hindi": "हम तेरे लिये चान्दी के फूलदार सोने के आभूषण बनाएंगे।"
    },
    "verse_number": 11
  },
  {
    "verse_count": "2201012",
    "book_number": "22",
    "chapter_number": "1",
    "book_name": {
      "english": "SONG OF SOLOMON",
      "hindi": "श्रेष्ठगीत"
    },
    "verse": {
      "english": "While the king sitteth at his table, my spikenard sendeth forth the smell thereof.",
      "hindi": "जब राजा अपनी मेज के पास बैठा था मेरी जटामासी की सुगन्ध फैल रही थी।"
    },
    "verse_number": 12
  },
  {
    "verse_count": "2201013",
    "book_number": "22",
    "chapter_number": "1",
    "book_name": {
      "english": "SONG OF SOLOMON",
      "hindi": "श्रेष्ठगीत"
    },
    "verse": {
      "english": "A bundle of myrrh is my well-beloved unto me; he shall lie all night betwixt my breasts.",
      "hindi": "मेरा प्रेमी मेरे लिये लोबान की थैली के समान है जो मेरी छातियों के बीच में पड़ी रहती है॥"
    },
    "verse_number": 13
  },
  {
    "verse_count": "2201014",
    "book_number": "22",
    "chapter_number": "1",
    "book_name": {
      "english": "SONG OF SOLOMON",
      "hindi": "श्रेष्ठगीत"
    },
    "verse": {
      "english": "My beloved is unto me as a cluster of camphire in the vineyards of Engedi.",
      "hindi": "मेरा प्रमी मेरे लिये मेंहदी के फूलों के गुच्छे के समान है, जो एनगदी की दाख की बारियों में होता है॥"
    },
    "verse_number": 14
  },
  {
    "verse_count": "2201015",
    "book_number": "22",
    "chapter_number": "1",
    "book_name": {
      "english": "SONG OF SOLOMON",
      "hindi": "श्रेष्ठगीत"
    },
    "verse": {
      "english": "Behold, thou art fair, my love; behold, thou art fair; thou hast doves' eyes.",
      "hindi": "तू सुन्दरी है, हे मेरी प्रिय, तू सुन्दरी है; तेरी आंखें कबूतरी की सी हैं।"
    },
    "verse_number": 15
  },
  {
    "verse_count": "2201016",
    "book_number": "22",
    "chapter_number": "1",
    "book_name": {
      "english": "SONG OF SOLOMON",
      "hindi": "श्रेष्ठगीत"
    },
    "verse": {
      "english": "Behold, thou art fair, my beloved, yea, pleasant: also our bed is green.",
      "hindi": "हे मेरी प्रिय तू सुन्दर और मनभावनी है। और हमारा बिछौना भी हरा है;"
    },
    "verse_number": 16
  },
  {
    "verse_count": "2201017",
    "book_number": "22",
    "chapter_number": "1",
    "book_name": {
      "english": "SONG OF SOLOMON",
      "hindi": "श्रेष्ठगीत"
    },
    "verse": {
      "english": "The beams of our house are cedar, and our rafters of fir.",
      "hindi": "हमारे घर के बरगे देवदार हैं और हमारी छत की कडिय़ां सनौवर हैं॥"
    },
    "verse_number": 17
  },
  {
    "verse_count": "220201",
    "book_number": "22",
    "chapter_number": "2",
    "book_name": {
      "english": "SONG OF SOLOMON",
      "hindi": "श्रेष्ठगीत"
    },
    "verse": {
      "english": "Iam the rose of Sharon, and the lily of the valleys.",
      "hindi": "मैंशारोन देश का गुलाब और तराइयों में का सोसन फूल हूं॥"
    },
    "verse_number": 1
  },
  {
    "verse_count": "220202",
    "book_number": "22",
    "chapter_number": "2",
    "book_name": {
      "english": "SONG OF SOLOMON",
      "hindi": "श्रेष्ठगीत"
    },
    "verse": {
      "english": "As the lily among thorns, so is my love among the daughters.",
      "hindi": "जैसे सोसन फूल कटीले पेड़ों के बीच वैसे ही मेरी प्रिय युवतियों के बीच में है॥"
    },
    "verse_number": 2
  },
  {
    "verse_count": "220203",
    "book_number": "22",
    "chapter_number": "2",
    "book_name": {
      "english": "SONG OF SOLOMON",
      "hindi": "श्रेष्ठगीत"
    },
    "verse": {
      "english": "As the apple tree among the trees of the wood, so is my beloved among the sons. I sat down under his shadow with great delight, and his fruit was sweet to my taste.",
      "hindi": "जैसे सेब के वृक्ष जंगल के वृक्षों के बीच में, वैसे ही मेरा प्रेमी जवानों के बीच में है। मैं उसकी छाया में हषिर्त हो कर बैठ गई, और उसका फल मुझे खाने मे मीठा लगा।"
    },
    "verse_number": 3
  },
  {
    "verse_count": "220204",
    "book_number": "22",
    "chapter_number": "2",
    "book_name": {
      "english": "SONG OF SOLOMON",
      "hindi": "श्रेष्ठगीत"
    },
    "verse": {
      "english": "He brought me to the banqueting house, and his banner over me was love.",
      "hindi": "वह मुझे भोज के घर में ले आया, और उसका जो झन्डा मेरे ऊपर फहराता था वह प्रेम था।"
    },
    "verse_number": 4
  },
  {
    "verse_count": "220205",
    "book_number": "22",
    "chapter_number": "2",
    "book_name": {
      "english": "SONG OF SOLOMON",
      "hindi": "श्रेष्ठगीत"
    },
    "verse": {
      "english": "Stay me with flagons, comfort me with apples: for I am sick of love.",
      "hindi": "मुझे सूखी दाखों से संभालो, सेब खिलाकर बल दो: क्योंकि मैं प्रेम में रोगी हूँ।"
    },
    "verse_number": 5
  },
  {
    "verse_count": "220206",
    "book_number": "22",
    "chapter_number": "2",
    "book_name": {
      "english": "SONG OF SOLOMON",
      "hindi": "श्रेष्ठगीत"
    },
    "verse": {
      "english": "His left hand is under my head, and his right hand doth embrace me.",
      "hindi": "काश, उसका बायां हाथ मेरे सिर के नीचे होता, और अपने दाहिने हाथ से वह मेरा आलिंगन करता!"
    },
    "verse_number": 6
  },
  {
    "verse_count": "220207",
    "book_number": "22",
    "chapter_number": "2",
    "book_name": {
      "english": "SONG OF SOLOMON",
      "hindi": "श्रेष्ठगीत"
    },
    "verse": {
      "english": "I charge you, O ye daughters of Jerusalem, by the roes, and by the hinds of the field, that ye stir not up, nor awake my love, till he please.",
      "hindi": "हे यरूशलेम की पुत्रियों, मैं तुम से चिकारियों और मैदान की हरिणियों की शपथ धराकर कहती हूं, कि जब तक प्रेम आप से न उठे, तब तक उसको न उकसाओ न जगाओ॥"
    },
    "verse_number": 7
  },
  {
    "verse_count": "220208",
    "book_number": "22",
    "chapter_number": "2",
    "book_name": {
      "english": "SONG OF SOLOMON",
      "hindi": "श्रेष्ठगीत"
    },
    "verse": {
      "english": "The voice of my beloved! behold, he cometh leaping upon the mountains, skipping upon the hills.",
      "hindi": "मेरे प्रेमी का शब्द सुन पड़ता है! देखो, वह पहाड़ों पर कूदता अर पहाड़ियों को फान्दता हुआ आता है।"
    },
    "verse_number": 8
  },
  {
    "verse_count": "220209",
    "book_number": "22",
    "chapter_number": "2",
    "book_name": {
      "english": "SONG OF SOLOMON",
      "hindi": "श्रेष्ठगीत"
    },
    "verse": {
      "english": "My beloved is like a roe or a young hart: behold, he standeth behind our wall, he looketh forth at the windows, shewing himself through the lattice.",
      "hindi": "मेरा प्रेमी चिकारे वा जवान हरिण के समान है। देखो, वह हमारी भीत के पीछे खड़ा है, और खिड़कियों की ओर ताक रहा है, और झंझरी में से देख रहा है।"
    },
    "verse_number": 9
  },
  {
    "verse_count": "2202010",
    "book_number": "22",
    "chapter_number": "2",
    "book_name": {
      "english": "SONG OF SOLOMON",
      "hindi": "श्रेष्ठगीत"
    },
    "verse": {
      "english": "My beloved spake, and said unto me, Rise up, my love, my fair one, and come away.",
      "hindi": "मेरा प्रेमी मुझ से कह रहा है, हे मेरी प्रिय, हे मेरी सुन्दरी, उठ कर चली आ;"
    },
    "verse_number": 10
  },
  {
    "verse_count": "2202011",
    "book_number": "22",
    "chapter_number": "2",
    "book_name": {
      "english": "SONG OF SOLOMON",
      "hindi": "श्रेष्ठगीत"
    },
    "verse": {
      "english": "For, lo, the winter is past, the rain is over and gone;",
      "hindi": "क्योंकि देख, जाड़ा जाता रहा; वर्षा भी हो चुकी और जाती रही है।"
    },
    "verse_number": 11
  },
  {
    "verse_count": "2202012",
    "book_number": "22",
    "chapter_number": "2",
    "book_name": {
      "english": "SONG OF SOLOMON",
      "hindi": "श्रेष्ठगीत"
    },
    "verse": {
      "english": "The flowers appear on the earth; the time of the singing of birds is come, and the voice of the turtle is heard in our land;",
      "hindi": "पृथ्वी पर फूल दिखाई देते हैं, चिडिय़ों के गाने का समय आ पहुंचा है, और हमारे देश में पिन्डुक का शब्द सुनाई देता है।"
    },
    "verse_number": 12
  },
  {
    "verse_count": "2202013",
    "book_number": "22",
    "chapter_number": "2",
    "book_name": {
      "english": "SONG OF SOLOMON",
      "hindi": "श्रेष्ठगीत"
    },
    "verse": {
      "english": "The fig tree putteth forth her green figs, and the vines with the tender grape give a good smell. Arise, my love, my fair one, and come away.",
      "hindi": "अंजीर पकने लगे हैं, और दाखलताएं फूल रही हैं; वे सुगन्ध दे रही हैं। हे मेरी प्रिय, हे मेरी सुन्दरी, उठ कर चली आ।"
    },
    "verse_number": 13
  },
  {
    "verse_count": "2202014",
    "book_number": "22",
    "chapter_number": "2",
    "book_name": {
      "english": "SONG OF SOLOMON",
      "hindi": "श्रेष्ठगीत"
    },
    "verse": {
      "english": "O my dove, that art in the clefts of the rock, in the secret places of the stairs, let me see thy countenance, let me hear thy voice; for sweet is thy voice, and thy countenance is comely.",
      "hindi": "हे मेरी कबूतरी, पहाड़ की दरारों में और टीलों के कुज्ज में तेरा मुख मुझे देखने दे, तेरा बोल मुझे सुनने दे, क्योंकि तेरा बोल मीठा, और तेरा मुख अति सुन्दर है।"
    },
    "verse_number": 14
  },
  {
    "verse_count": "2202015",
    "book_number": "22",
    "chapter_number": "2",
    "book_name": {
      "english": "SONG OF SOLOMON",
      "hindi": "श्रेष्ठगीत"
    },
    "verse": {
      "english": "Take us the foxes, the little foxes, that spoil the vines: for our vines have tender grapes.",
      "hindi": "जो छोटी लोमडिय़ां दाख की बारियों को बिगाड़ती हैं, उन्हें पकड़ ले, क्योंकि हमारी दाख की बारियों में फूल लगे हैं॥"
    },
    "verse_number": 15
  },
  {
    "verse_count": "2202016",
    "book_number": "22",
    "chapter_number": "2",
    "book_name": {
      "english": "SONG OF SOLOMON",
      "hindi": "श्रेष्ठगीत"
    },
    "verse": {
      "english": "My beloved is mine, and I am his: he feedeth among the lilies.",
      "hindi": "मेरा प्रमी मेरा है और मैं उसकी हूं, वह अपनी भेड़-बकरियां सोसन फूलों के बीच में चराता है।"
    },
    "verse_number": 16
  },
  {
    "verse_count": "2202017",
    "book_number": "22",
    "chapter_number": "2",
    "book_name": {
      "english": "SONG OF SOLOMON",
      "hindi": "श्रेष्ठगीत"
    },
    "verse": {
      "english": "Until the day break, and the shadows flee away, turn, my beloved, and be thou like a roe or a young hart upon the mountains of Bether.",
      "hindi": "जब तक दिन ठण्डा न हो और छाया लम्बी होते होते मिट न जाए, तब तक हे मेरे प्रेमी उस चिकारे वा जवान हरिण के समान बन जो बेतेर के पहाड़ों पर फिरता है।"
    },
    "verse_number": 17
  },
  {
    "verse_count": "220301",
    "book_number": "22",
    "chapter_number": "3",
    "book_name": {
      "english": "SONG OF SOLOMON",
      "hindi": "श्रेष्ठगीत"
    },
    "verse": {
      "english": "By night on my bed I sought him whom my soul loveth: I sought him, but I found him not.",
      "hindi": "रात के समय में अपने पलंग पर अपने प्राणप्रिय को ढूंढ़ती रही; मैं उसे ढूंढ़ती तो रही, परन्तु उसे न पाया; मैं ने कहा, मैं अब उठ कर नगर में,"
    },
    "verse_number": 1
  },
  {
    "verse_count": "220302",
    "book_number": "22",
    "chapter_number": "3",
    "book_name": {
      "english": "SONG OF SOLOMON",
      "hindi": "श्रेष्ठगीत"
    },
    "verse": {
      "english": "I will rise now, and go about the city in the streets, and in the broad ways I will seek him whom my soul loveth: I sought him, but I found him not.",
      "hindi": "और सड़कों और चौकों में घूमकर अपने प्राणप्रिय को ढूंढूंगी। मैं उसे ढूंढती तो रही, परन्तु उसे न पाया।"
    },
    "verse_number": 2
  },
  {
    "verse_count": "220303",
    "book_number": "22",
    "chapter_number": "3",
    "book_name": {
      "english": "SONG OF SOLOMON",
      "hindi": "श्रेष्ठगीत"
    },
    "verse": {
      "english": "The watchmen that go about the city found me: to whom I said, Saw ye him whom my soul loveth?",
      "hindi": "जो पहरूए नगर में घूमते थे, वे मुझे मिले, मैं ने उन से पूछा, क्या तुम ने मेरे प्राणप्रिय को देखा है?"
    },
    "verse_number": 3
  },
  {
    "verse_count": "220304",
    "book_number": "22",
    "chapter_number": "3",
    "book_name": {
      "english": "SONG OF SOLOMON",
      "hindi": "श्रेष्ठगीत"
    },
    "verse": {
      "english": "It was but a little that I passed from them, but I found him whom my soul loveth: I held him, and would not let him go, until I had brought him into my mother's house, and into the chamber of her that conceived me.",
      "hindi": "मुझ को उनके पास से आगे बढ़े थोड़े ही देर हुई थी कि मेरा प्राणप्रिय मुझे मिल गया। मैं ने उसको पकड़ लिया, और उसको जाने न दिया जब तक उसे अपनी मात के घर अर्थात अपनी जननी की कोठरी में न ले आई॥"
    },
    "verse_number": 4
  },
  {
    "verse_count": "220305",
    "book_number": "22",
    "chapter_number": "3",
    "book_name": {
      "english": "SONG OF SOLOMON",
      "hindi": "श्रेष्ठगीत"
    },
    "verse": {
      "english": "I charge you, O ye daughters of Jerusalem, by the roes, and by the hinds of the field, that ye stir not up, nor awake my love, till he please.",
      "hindi": "हे यरूशलेम की पुत्रियों, मैं तुम से चिकारियों और मैदान की हरिणियों की शपथ धराकर कहती हूं, कि जब तक प्रेम आप से न उठे, तब तक उसको न उकसाओ और न जगाओ॥"
    },
    "verse_number": 5
  },
  {
    "verse_count": "220306",
    "book_number": "22",
    "chapter_number": "3",
    "book_name": {
      "english": "SONG OF SOLOMON",
      "hindi": "श्रेष्ठगीत"
    },
    "verse": {
      "english": "Who is this that cometh out of the wilderness like pillars of smoke, perfumed with myrrh and frankincense, with all powders of the merchant?",
      "hindi": "यह क्या है जो धूएं के खम्भे के समान, गन्धरस और लोबान से सुगन्धित, और व्योपारी की सब भांति की बुकनी लगाए हुए जंगल से निकला आता है?"
    },
    "verse_number": 6
  },
  {
    "verse_count": "220307",
    "book_number": "22",
    "chapter_number": "3",
    "book_name": {
      "english": "SONG OF SOLOMON",
      "hindi": "श्रेष्ठगीत"
    },
    "verse": {
      "english": "Behold his bed, which is Solomon's; threescore valiant men are about it, of the valiant of Israel.",
      "hindi": "देखो, यह सुलैमान की पालकी है! उसके चारों ओर इस्राएल के शूरवीरों में के साठ वीर चल रहे हैं।"
    },
    "verse_number": 7
  },
  {
    "verse_count": "220308",
    "book_number": "22",
    "chapter_number": "3",
    "book_name": {
      "english": "SONG OF SOLOMON",
      "hindi": "श्रेष्ठगीत"
    },
    "verse": {
      "english": "They all hold swords, being expert in war: every man hath his sword upon his thigh because of fear in the night.",
      "hindi": "वे सब के सब तलवार बान्धने वाले और युद्ध विद्या में निपुण हैं। प्रत्येक पुरूष रात के डर से जांघ पर तलवार लटकाए रहता है।"
    },
    "verse_number": 8
  },
  {
    "verse_count": "220309",
    "book_number": "22",
    "chapter_number": "3",
    "book_name": {
      "english": "SONG OF SOLOMON",
      "hindi": "श्रेष्ठगीत"
    },
    "verse": {
      "english": "King Solomon made himself a chariot of the wood of Lebanon.",
      "hindi": "सुलैमान राजा ने अपने लिये लबानोन के काठ की एक बड़ी पालकी बनावा ली।"
    },
    "verse_number": 9
  },
  {
    "verse_count": "2203010",
    "book_number": "22",
    "chapter_number": "3",
    "book_name": {
      "english": "SONG OF SOLOMON",
      "hindi": "श्रेष्ठगीत"
    },
    "verse": {
      "english": "He made the pillars thereof of silver, the bottom thereof of gold, the covering of it of purple, the midst thereof being paved with love, for the daughters of Jerusalem.",
      "hindi": "उसने उसके खम्भे चान्दी के, उसका सिरहाना सोने का, और गद्दी अर्गवानी रंग की बनवाई हे; और उसके बीच का स्थान यरूशलेम की पुत्रियों की ओर से बड़े प्रेम से जड़ा गया है।"
    },
    "verse_number": 10
  },
  {
    "verse_count": "2203011",
    "book_number": "22",
    "chapter_number": "3",
    "book_name": {
      "english": "SONG OF SOLOMON",
      "hindi": "श्रेष्ठगीत"
    },
    "verse": {
      "english": "Go forth, O ye daughters of Zion, and behold king Solomon with the crown wherewith his mother crowned him in the day of his espousals, and in the day of the gladness of his heart.",
      "hindi": "हे सिय्योन की पुत्रियों निकल कर सुलैमान राजा पर दृष्टि डालो, देखो, वह वही मुकुट पहिने हुए है जिसे उसकी माता ने उसके विवाह के दिन और उसके मन के आनन्द के दिन, उसके सिर पर रखा था॥"
    },
    "verse_number": 11
  },
  {
    "verse_count": "220401",
    "book_number": "22",
    "chapter_number": "4",
    "book_name": {
      "english": "SONG OF SOLOMON",
      "hindi": "श्रेष्ठगीत"
    },
    "verse": {
      "english": "Behold, thou art fair, my love; behold, thou art fair; thou hast doves' eyes within thy locks: thy hair is as a flock of goats, that appear from mount Gilead.",
      "hindi": "हेमेरी प्रिय तू सुन्दर है, तू सुन्दर है! तेरी आंखें तेरी लटों के बीच में कबूतरों की सी दिखाई देती है। तेरे बाल उन बकरियों के झुण्ड के समान हैं जो गिलाद पहाड़ के ढाल पर लेटी हुई हों।"
    },
    "verse_number": 1
  },
  {
    "verse_count": "220402",
    "book_number": "22",
    "chapter_number": "4",
    "book_name": {
      "english": "SONG OF SOLOMON",
      "hindi": "श्रेष्ठगीत"
    },
    "verse": {
      "english": "Thy teeth are like a flock of sheep that are even shorn, which came up from the washing; whereof every one bear twins, and none is barren among them.",
      "hindi": "तेरे दान्त उन ऊन कतरी हुई भेड़ों के झुण्ड के समान हैं, जो नहाकर ऊपर आईं हों, उन में हर एक के दो दो जुड़वा बच्चे होते हैं। और उन में से किसी का साक्षी नहीं मरा।"
    },
    "verse_number": 2
  },
  {
    "verse_count": "220403",
    "book_number": "22",
    "chapter_number": "4",
    "book_name": {
      "english": "SONG OF SOLOMON",
      "hindi": "श्रेष्ठगीत"
    },
    "verse": {
      "english": "Thy lips are like a thread of scarlet, and thy speech is comely: thy temples are like a piece of a pomegranate within thy locks.",
      "hindi": "तेरे होंठ लाल रंग की डोरी के समान हैं, और तेरा मुंह मनोहर है, तेरे कपोल तेरी लटों के नीचे अनार की फाँक से देख पड़ते हैं।"
    },
    "verse_number": 3
  },
  {
    "verse_count": "220404",
    "book_number": "22",
    "chapter_number": "4",
    "book_name": {
      "english": "SONG OF SOLOMON",
      "hindi": "श्रेष्ठगीत"
    },
    "verse": {
      "english": "Thy neck is like the tower of David builded for an armoury, whereon there hang a thousand bucklers, all shields of mighty men.",
      "hindi": "तेरा गला दाऊद के गुम्मट के समान है, जो अस्त्र-शस्त्र के लिये बना हो, और जिस पर हजार ढालें टंगी हुई हों, वे सब ढालें शूरवीरों की हैं।"
    },
    "verse_number": 4
  },
  {
    "verse_count": "220405",
    "book_number": "22",
    "chapter_number": "4",
    "book_name": {
      "english": "SONG OF SOLOMON",
      "hindi": "श्रेष्ठगीत"
    },
    "verse": {
      "english": "Thy two breasts are like two young roes that are twins, which feed among the lilies.",
      "hindi": "तेरी दोनों छातियां मृग के दो जुड़वे बच्चों के तुल्य हैं, जो सोसन फूलों के बीच में चरते हों।"
    },
    "verse_number": 5
  },
  {
    "verse_count": "220406",
    "book_number": "22",
    "chapter_number": "4",
    "book_name": {
      "english": "SONG OF SOLOMON",
      "hindi": "श्रेष्ठगीत"
    },
    "verse": {
      "english": "Until the day break, and the shadows flee away, I will get me to the mountain of myrrh, and to the hill of frankincense.",
      "hindi": "जब तक दिन ठण्डा न हो, और छाया लम्बी होते होते मिट न जाए, तब तक मैं शीघ्रता से गन्धरस के पहाड़ और लोबान की पहाड़ी पर चला जाऊंगा।"
    },
    "verse_number": 6
  },
  {
    "verse_count": "220407",
    "book_number": "22",
    "chapter_number": "4",
    "book_name": {
      "english": "SONG OF SOLOMON",
      "hindi": "श्रेष्ठगीत"
    },
    "verse": {
      "english": "Thou art all fair, my love; there is no spot in thee.",
      "hindi": "हे मेरी प्रिय तू सर्वांग सुन्दरी है; तुझ में कोई दोष नहीं।"
    },
    "verse_number": 7
  },
  {
    "verse_count": "220408",
    "book_number": "22",
    "chapter_number": "4",
    "book_name": {
      "english": "SONG OF SOLOMON",
      "hindi": "श्रेष्ठगीत"
    },
    "verse": {
      "english": "Come with me from Lebanon, my spouse, with me from Lebanon: look from the top of Amana, from the top of Shenir and Hermon, from the lions' dens, from the mountains of the leopards.",
      "hindi": "हे मेरी दुल्हिन, तू मेरे संग लबानोन से, मेरे संग लबानोन से चली आ। तू आमाना की चोटी पर से, शनीर और हेर्मोन की चोटी पर से, सिहों की गुफाओं से, चितों के पहाड़ों पर से दृष्टि कर।"
    },
    "verse_number": 8
  },
  {
    "verse_count": "220409",
    "book_number": "22",
    "chapter_number": "4",
    "book_name": {
      "english": "SONG OF SOLOMON",
      "hindi": "श्रेष्ठगीत"
    },
    "verse": {
      "english": "Thou hast ravished my heart, my sister, my spouse; thou hast ravished my heart with one of thine eyes, with one chain of thy neck.",
      "hindi": "हे मेरी बहिन, हे मेरी दुल्हिन, तू ने मेरा मन मोह लिया है, तू ने अपनी आंखों की एक ही चितवन से, और अपने गले के एक ही हीरे से मेरा हृदय मोह लिया है।"
    },
    "verse_number": 9
  },
  {
    "verse_count": "2204010",
    "book_number": "22",
    "chapter_number": "4",
    "book_name": {
      "english": "SONG OF SOLOMON",
      "hindi": "श्रेष्ठगीत"
    },
    "verse": {
      "english": "How fair is thy love, my sister, my spouse! how much better is thy love than wine! and the smell of thine ointments than all spices!",
      "hindi": "हे मेरी बहिन, हे मेरी दुल्हिन, तेरा प्रेम क्या ही मनोहर है! तेरा प्रेम दाखमधु से क्या ही उत्तम है, और तेरे इत्रोंका सुगन्ध इस प्रकार के मसालों के सुगन्ध से!"
    },
    "verse_number": 10
  },
  {
    "verse_count": "2204011",
    "book_number": "22",
    "chapter_number": "4",
    "book_name": {
      "english": "SONG OF SOLOMON",
      "hindi": "श्रेष्ठगीत"
    },
    "verse": {
      "english": "Thy lips, O my spouse, drop as the honeycomb: honey and milk are under thy tongue; and the smell of thy garments is like the smell of Lebanon.",
      "hindi": "हे मेरी दुल्हिन, तेरे होठों से मधु टपकता है; तेरी जीभ के नीचे मधु ओर दूध रहता है; तेरी जीभ के नीचे मधु और दूध रहता है; तेरे वस्त्रों का सुगन्ध लबानोन का सा है।"
    },
    "verse_number": 11
  },
  {
    "verse_count": "2204012",
    "book_number": "22",
    "chapter_number": "4",
    "book_name": {
      "english": "SONG OF SOLOMON",
      "hindi": "श्रेष्ठगीत"
    },
    "verse": {
      "english": "A garden inclosed is my sister, my spouse; a spring shut up, a fountain sealed.",
      "hindi": "मेरी बहिन, मेरी दुल्हिन, किवाड़ लगाई हुई बारी के समान, किवाड़ बन्द किया हुआ सोता, ओर छाप लगाया हुआ झरना है।"
    },
    "verse_number": 12
  },
  {
    "verse_count": "2204013",
    "book_number": "22",
    "chapter_number": "4",
    "book_name": {
      "english": "SONG OF SOLOMON",
      "hindi": "श्रेष्ठगीत"
    },
    "verse": {
      "english": "Thy plants are an orchard of pomegranates, with pleasant fruits; camphire, with spikenard,",
      "hindi": "तेरे अंकुर उत्तम फलवाली अनार की बारी के तुल्य है, जिस में मेंहदी और सुम्बुल,"
    },
    "verse_number": 13
  },
  {
    "verse_count": "2204014",
    "book_number": "22",
    "chapter_number": "4",
    "book_name": {
      "english": "SONG OF SOLOMON",
      "hindi": "श्रेष्ठगीत"
    },
    "verse": {
      "english": "Spikenard and saffron; calamus and cinnamon, with all trees of frankincense; myrrh and aloes, with all the chief spices:",
      "hindi": "जटामासी और केसर, लोबान के सब भांति के पेड़, मुश्क और दालचीनी, गन्धरस, अगर, आदि सब मुख्य मुख्य सुगन्ध द्रव्य होते हैं।"
    },
    "verse_number": 14
  },
  {
    "verse_count": "2204015",
    "book_number": "22",
    "chapter_number": "4",
    "book_name": {
      "english": "SONG OF SOLOMON",
      "hindi": "श्रेष्ठगीत"
    },
    "verse": {
      "english": "A fountain of gardens, a well of living waters, and streams from Lebanon.",
      "hindi": "तू बारियों का सोता है, फूटते हुए जल का कुआँ, और लबानोन से बहती हुई धाराएं हैं॥"
    },
    "verse_number": 15
  },
  {
    "verse_count": "2204016",
    "book_number": "22",
    "chapter_number": "4",
    "book_name": {
      "english": "SONG OF SOLOMON",
      "hindi": "श्रेष्ठगीत"
    },
    "verse": {
      "english": "Awake, O north wind; and come, thou south; blow upon my garden, that the spices thereof may flow out. Let my beloved come into his garden, and eat his pleasant fruits.",
      "hindi": "हे उत्तर वायु जाग, और हे दक्खिनी वायु चली आ! मेरी बारी पर बह, जिस से उसका सुगन्ध फैले। मेरा प्रेमी अपनी बारी में आये, और उसके उत्तम उत्तम फल खाए॥"
    },
    "verse_number": 16
  },
  {
    "verse_count": "220501",
    "book_number": "22",
    "chapter_number": "5",
    "book_name": {
      "english": "SONG OF SOLOMON",
      "hindi": "श्रेष्ठगीत"
    },
    "verse": {
      "english": "Iam come into my garden, my sister, my spouse: I have gathered my myrrh with my spice; I have eaten my honeycomb with my honey; I have drunk my wine with my milk: eat, O friends; drink, yea, drink abundantly, O beloved.",
      "hindi": "हेमेरी बहिन, हे मेरी दुल्हिन, मैं अपनी बारी में आया हूं, मैं ने अपना गन्धरस और बलसान चुन लिया; मैं ने मधु समेत छत्ता खा लिया, मैं ने दूध और दाखमधु भी लिया॥ हे मित्रों, तुम भी खाओ, हे प्यारों, पियो, मनमाना पियो!"
    },
    "verse_number": 1
  },
  {
    "verse_count": "220502",
    "book_number": "22",
    "chapter_number": "5",
    "book_name": {
      "english": "SONG OF SOLOMON",
      "hindi": "श्रेष्ठगीत"
    },
    "verse": {
      "english": "I sleep, but my heart waketh: it is the voice of my beloved that knocketh, saying, Open to me, my sister, my love, my dove, my undefiled: for my head is filled with dew, and my locks with the drops of the night.",
      "hindi": "मैं सोती थी, परन्तु मेरा मन जागता था। सुन! मेरा प्रेमी खटखटाता है, और कहता है, हे मेरी बहिन, हे मेरी प्रिय, हे मेरी कबूतरी, हे मेरी निर्मल, मेरे लिये द्वार खोल; क्योंकि मेरा सिर ओस से भरा है, और मेरी लटें रात में गिरी हुई बून्दोंसे भीगी हैं।"
    },
    "verse_number": 2
  },
  {
    "verse_count": "220503",
    "book_number": "22",
    "chapter_number": "5",
    "book_name": {
      "english": "SONG OF SOLOMON",
      "hindi": "श्रेष्ठगीत"
    },
    "verse": {
      "english": "I have put off my coat; how shall I put it on? I have washed my feet; how shall I defile them?",
      "hindi": "मैं अपना वस्त्र उतार चुकी थी मैं उसे फिर कैसे पहिनूं? मैं तो अपने पांव धो चुकी थी अब उन को कैसे मैला करूं?"
    },
    "verse_number": 3
  },
  {
    "verse_count": "220504",
    "book_number": "22",
    "chapter_number": "5",
    "book_name": {
      "english": "SONG OF SOLOMON",
      "hindi": "श्रेष्ठगीत"
    },
    "verse": {
      "english": "My beloved put in his hand by the hole of the door, and my bowels were moved for him.",
      "hindi": "मेरे प्रेमी ने अपना हाथ किवाड़ के छेद से भीतर डाल दिया, तब मेरा हृदय उसके लिये उभर उठा।"
    },
    "verse_number": 4
  },
  {
    "verse_count": "220505",
    "book_number": "22",
    "chapter_number": "5",
    "book_name": {
      "english": "SONG OF SOLOMON",
      "hindi": "श्रेष्ठगीत"
    },
    "verse": {
      "english": "I rose up to open to my beloved; and my hands dropped with myrrh, and my fingers with sweet smelling myrrh, upon the handles of the lock.",
      "hindi": "मैं अपने प्रेमी के लिये द्वार खोलने को उठी, और मेरे हाथों से गन्धरस टपका, और मेरी अंगुलियों पर से टपकता हुआ गन्धरस बेण्डे की मूठों पर पड़ा।"
    },
    "verse_number": 5
  },
  {
    "verse_count": "220506",
    "book_number": "22",
    "chapter_number": "5",
    "book_name": {
      "english": "SONG OF SOLOMON",
      "hindi": "श्रेष्ठगीत"
    },
    "verse": {
      "english": "I opened to my beloved; but my beloved had withdrawn himself, and was gone: my soul failed when he spake: I sought him, but I could not find him; I called him, but he gave me no answer.",
      "hindi": "मैं ने अपने प्रेमी के लिये द्वार तो खोला परन्तु मेरा प्रेमी मुड़कर चला गया था। जब वह बोल रहा था, तब मेरा प्राण घबरा गया था मैं ने उसको ढूंढ़ा, परन्तु न पाया; मैं ने उसको पुकारा, परन्तु उसने कुछ उत्तर न दिया।"
    },
    "verse_number": 6
  },
  {
    "verse_count": "220507",
    "book_number": "22",
    "chapter_number": "5",
    "book_name": {
      "english": "SONG OF SOLOMON",
      "hindi": "श्रेष्ठगीत"
    },
    "verse": {
      "english": "The watchmen that went about the city found me, they smote me, they wounded me; the keepers of the walls took away my veil from me.",
      "hindi": "पहरे वाले जो नगर में घूमते थे, मुझे मिले, उन्होंने मुझे मारा और घायल किया; शहरपनाह के पहरूओं ने मेरी चद्दर मुझ से छीन ली।"
    },
    "verse_number": 7
  },
  {
    "verse_count": "220508",
    "book_number": "22",
    "chapter_number": "5",
    "book_name": {
      "english": "SONG OF SOLOMON",
      "hindi": "श्रेष्ठगीत"
    },
    "verse": {
      "english": "I charge you, O daughters of Jerusalem, if ye find my beloved, that ye tell him, that I am sick of love.",
      "hindi": "हे यरूशलेम की पुत्रियों, मैं तुम को शपथ धराकर कहती हूं, यदि मेरा प्रेमी तुम को मिल जाए, तो उस से कह देना कि में प्रेम में रोगी हूं।"
    },
    "verse_number": 8
  },
  {
    "verse_count": "220509",
    "book_number": "22",
    "chapter_number": "5",
    "book_name": {
      "english": "SONG OF SOLOMON",
      "hindi": "श्रेष्ठगीत"
    },
    "verse": {
      "english": "What is thy beloved more than another beloved, O thou fairest among women? what is thy beloved more than another beloved, that thou dost so charge us?",
      "hindi": "हे स्त्रियों में परम सुन्दरी तेरा प्रेमी और प्रेमियों से किस बात में उत्तम है? तू क्यों हम को ऐसी शपथ धराती है?"
    },
    "verse_number": 9
  },
  {
    "verse_count": "2205010",
    "book_number": "22",
    "chapter_number": "5",
    "book_name": {
      "english": "SONG OF SOLOMON",
      "hindi": "श्रेष्ठगीत"
    },
    "verse": {
      "english": "My beloved is white and ruddy, the chiefest among ten thousand.",
      "hindi": "मेरा प्रेमी गोरा और लाल सा है, वह दस हजार में उत्तम है।"
    },
    "verse_number": 10
  },
  {
    "verse_count": "2205011",
    "book_number": "22",
    "chapter_number": "5",
    "book_name": {
      "english": "SONG OF SOLOMON",
      "hindi": "श्रेष्ठगीत"
    },
    "verse": {
      "english": "His head is as the most fine gold, his locks are bushy, and black as a raven.",
      "hindi": "उसका सिर चोखा कुन्दन है; उसकी लटकती हुई लटें कौवों की नाईं काली हैं।"
    },
    "verse_number": 11
  },
  {
    "verse_count": "2205012",
    "book_number": "22",
    "chapter_number": "5",
    "book_name": {
      "english": "SONG OF SOLOMON",
      "hindi": "श्रेष्ठगीत"
    },
    "verse": {
      "english": "His eyes are as the eyes of doves by the rivers of waters, washed with milk, and fitly set.",
      "hindi": "उसकी आंखें उन कबूतरों के समान हैं जो दुध में नहा कर नदी के किनारे अपने झुण्ड में एक कतार से बैठे हुए हों।"
    },
    "verse_number": 12
  },
  {
    "verse_count": "2205013",
    "book_number": "22",
    "chapter_number": "5",
    "book_name": {
      "english": "SONG OF SOLOMON",
      "hindi": "श्रेष्ठगीत"
    },
    "verse": {
      "english": "His cheeks are as a bed of spices, as sweet flowers: his lips like lilies, dropping sweet smelling myrrh.",
      "hindi": "उसके गाल फूलों की फुलवारी और बलसान की उभरी हुई क्यारियां हैं। उसके होंठ सोसन फूल हैं जिन से पिघला हुआ गन्धरस टपकता है॥"
    },
    "verse_number": 13
  },
  {
    "verse_count": "2205014",
    "book_number": "22",
    "chapter_number": "5",
    "book_name": {
      "english": "SONG OF SOLOMON",
      "hindi": "श्रेष्ठगीत"
    },
    "verse": {
      "english": "His hands are as gold rings set with the beryl: his belly is as bright ivory overlaid with sapphires.",
      "hindi": "उसके हाथ फीरोजा जड़े हुए सोने के किवाड़ हैं। उसका शरीर नीलम के फूलों से जड़े हुए हाथीदांत का काम है।"
    },
    "verse_number": 14
  },
  {
    "verse_count": "2205015",
    "book_number": "22",
    "chapter_number": "5",
    "book_name": {
      "english": "SONG OF SOLOMON",
      "hindi": "श्रेष्ठगीत"
    },
    "verse": {
      "english": "His legs are as pillars of marble, set upon sockets of fine gold: his countenance is as Lebanon, excellent as the cedars.",
      "hindi": "उसके पांव कुन्दन पर बैठाये हुए संगमर्मर के खम्भे हैं। वह देखने में लबानोन और सुन्दरता में देवदार के वृक्षों के समान मनोहर है।"
    },
    "verse_number": 15
  },
  {
    "verse_count": "2205016",
    "book_number": "22",
    "chapter_number": "5",
    "book_name": {
      "english": "SONG OF SOLOMON",
      "hindi": "श्रेष्ठगीत"
    },
    "verse": {
      "english": "His mouth is most sweet: yea, he is altogether lovely. This is my beloved, and this is my friend, O daughters of Jerusalem.",
      "hindi": "उसकी वाणी अति मधुर है, हां वह परम सुन्दर है। हे यरूशलेम की पुत्रियो, यही मेरा प्रेमी और यही मेरा मित्र है॥"
    },
    "verse_number": 16
  },
  {
    "verse_count": "220601",
    "book_number": "22",
    "chapter_number": "6",
    "book_name": {
      "english": "SONG OF SOLOMON",
      "hindi": "श्रेष्ठगीत"
    },
    "verse": {
      "english": "Whither is thy beloved gone, O thou fairest among women? whither is thy beloved turned aside? that we may seek him with thee.",
      "hindi": "हेस्त्रियों में परम सुन्दरी, तेरा प्रेमी कहां गया? तेरा प्रेमी कहां चला गया कि हम तेरे संग उसको ढूंढने निकलें?"
    },
    "verse_number": 1
  },
  {
    "verse_count": "220602",
    "book_number": "22",
    "chapter_number": "6",
    "book_name": {
      "english": "SONG OF SOLOMON",
      "hindi": "श्रेष्ठगीत"
    },
    "verse": {
      "english": "My beloved is gone down into his garden, to the beds of spices, to feed in the gardens, and to gather lilies.",
      "hindi": "मेरा प्रेमी अपनी बारी में अर्थात बलसान की क्यारियों की ओर गया है, कि बारी में अपनी भेड़-बकरियां चराए और सोसन फूल बटोरे।"
    },
    "verse_number": 2
  },
  {
    "verse_count": "220603",
    "book_number": "22",
    "chapter_number": "6",
    "book_name": {
      "english": "SONG OF SOLOMON",
      "hindi": "श्रेष्ठगीत"
    },
    "verse": {
      "english": "I am my beloved's, and my beloved is mine: he feedeth among the lilies.",
      "hindi": "मैं अपने प्रेमी की हूं और मेरा प्रेमी मेरा है, वह अपनी भेड़-बकरियां सोसन फूलों के बीच चराता है।"
    },
    "verse_number": 3
  },
  {
    "verse_count": "220604",
    "book_number": "22",
    "chapter_number": "6",
    "book_name": {
      "english": "SONG OF SOLOMON",
      "hindi": "श्रेष्ठगीत"
    },
    "verse": {
      "english": "Thou art beautiful, O my love, as Tirzah, comely as Jerusalem, terrible as an army with banners.",
      "hindi": "हे मेरी प्रिय, तू तिर्सा की नाईं सुन्दरी है तू यरूशलेम के समान रूपवान है, और पताका फहराती हुई सेना के तुल्य भयंकर है।"
    },
    "verse_number": 4
  },
  {
    "verse_count": "220605",
    "book_number": "22",
    "chapter_number": "6",
    "book_name": {
      "english": "SONG OF SOLOMON",
      "hindi": "श्रेष्ठगीत"
    },
    "verse": {
      "english": "Turn away thine eyes from me, for they have overcome me: thy hair is as a flock of goats that appear from Gilead.",
      "hindi": "अपनी आंखें मेरी ओर से फेर ले, क्योंकि मैं उन से घबराता हूं; तेरे बाल ऐसी बकरियों के झुण्ड के समान हैं, जो गिलाद की ढलान पर लेटी हुई देख पड़ती हों।"
    },
    "verse_number": 5
  },
  {
    "verse_count": "220606",
    "book_number": "22",
    "chapter_number": "6",
    "book_name": {
      "english": "SONG OF SOLOMON",
      "hindi": "श्रेष्ठगीत"
    },
    "verse": {
      "english": "Thy teeth are as a flock of sheep which go up from the washing, whereof every one beareth twins, and there is not one barren among them.",
      "hindi": "तेरे दांत ऐसी भेड़ों के झुण्ड के समान हैं जिन्हें स्नान कराया गया हो, उन में प्रत्येक दो दो जुड़वा बच्चे देती हैं, जिन में से किसी का साथी नहीं मरा।"
    },
    "verse_number": 6
  },
  {
    "verse_count": "220607",
    "book_number": "22",
    "chapter_number": "6",
    "book_name": {
      "english": "SONG OF SOLOMON",
      "hindi": "श्रेष्ठगीत"
    },
    "verse": {
      "english": "As a piece of a pomegranate are thy temples within thy locks.",
      "hindi": "तेरे कपोल तेरी लटों के नीचे अनार की फाँक से देख पड़ते हैं।"
    },
    "verse_number": 7
  },
  {
    "verse_count": "220608",
    "book_number": "22",
    "chapter_number": "6",
    "book_name": {
      "english": "SONG OF SOLOMON",
      "hindi": "श्रेष्ठगीत"
    },
    "verse": {
      "english": "There are threescore queens, and fourscore concubines, and virgins without number.",
      "hindi": "वहां साठ रानियां और अस्सी रखेलियां और असंख्य कुमारियां भी हैं।"
    },
    "verse_number": 8
  },
  {
    "verse_count": "220609",
    "book_number": "22",
    "chapter_number": "6",
    "book_name": {
      "english": "SONG OF SOLOMON",
      "hindi": "श्रेष्ठगीत"
    },
    "verse": {
      "english": "My dove, my undefiled is but one; she is the only one of her mother, she is the choice one of her that bare her. The daughters saw her, and blessed her; yea, the queens and the concubines, and they praised her.",
      "hindi": "परन्तु मेरी कबूतरी, मेरी निर्मल, अद्वैत है अपनी माता की एकलौती अपनी जननी की दुलारी है। पुत्रियों ने उसे देखा और धन्य कहा; रानियों और रखेलियों ने देखकर उसकी प्रशंसा की।"
    },
    "verse_number": 9
  },
  {
    "verse_count": "2206010",
    "book_number": "22",
    "chapter_number": "6",
    "book_name": {
      "english": "SONG OF SOLOMON",
      "hindi": "श्रेष्ठगीत"
    },
    "verse": {
      "english": "Who is she that looketh forth as the morning, fair as the moon, clear as the sun, and terrible as an army with banners?",
      "hindi": "यह कौन है जिसकी शोभा भोर के तुल्य है, जो सुन्दरता में चन्द्रमा और निर्मलता में सूर्य और पताका फहराती हुई सेना के तुल्य भयंकर दिखाई पड़ती है?"
    },
    "verse_number": 10
  },
  {
    "verse_count": "2206011",
    "book_number": "22",
    "chapter_number": "6",
    "book_name": {
      "english": "SONG OF SOLOMON",
      "hindi": "श्रेष्ठगीत"
    },
    "verse": {
      "english": "I went down into the garden of nuts to see the fruits of the valley, and to see whether the vine flourished, and the pomegranates budded.",
      "hindi": "मैं अखरोट की बारी में उत्तर गई, कि तराई के फूल देखूं, और देखूं की दाखलता में कलियें लगीं, और अनारों के फूल खिले कि नहीं।"
    },
    "verse_number": 11
  },
  {
    "verse_count": "2206012",
    "book_number": "22",
    "chapter_number": "6",
    "book_name": {
      "english": "SONG OF SOLOMON",
      "hindi": "श्रेष्ठगीत"
    },
    "verse": {
      "english": "Or ever I was aware, my soul made me like the chariots of Amminadib.",
      "hindi": "मुझे पता भी न था कि मेरी कल्पना ने मुझे अपने राजकुमार के रथ पर चढ़ा दिया॥"
    },
    "verse_number": 12
  },
  {
    "verse_count": "2206013",
    "book_number": "22",
    "chapter_number": "6",
    "book_name": {
      "english": "SONG OF SOLOMON",
      "hindi": "श्रेष्ठगीत"
    },
    "verse": {
      "english": "Return, return, O Shulamite; return, return, that we may look upon thee. What will ye see in the Shulamite? As it were the company of two armies.",
      "hindi": "लौट आ, लौट आ, हे शूलम्मिन, लौट आ, लौट आ, कि हम तुझ पर दृष्टि करें॥ क्या तुम शूलेम्मिन को इस प्रकार देखोगे जैसा महनैम के नृत्य को देखते हो?"
    },
    "verse_number": 13
  },
  {
    "verse_count": "220701",
    "book_number": "22",
    "chapter_number": "7",
    "book_name": {
      "english": "SONG OF SOLOMON",
      "hindi": "श्रेष्ठगीत"
    },
    "verse": {
      "english": "How beautiful are thy feet with shoes, O prince's daughter! the joints of thy thighs are like jewels, the work of the hands of a cunning workman.",
      "hindi": "हेकुलीन की पुत्री, तेरे पांव जूतियों में क्या ही सुन्दर हैं! तेरी जांघों की गोलाई ऐसे गहनों के समान है, जिस को किसी निपुण कारीगर ने रचा हो।"
    },
    "verse_number": 1
  },
  {
    "verse_count": "220702",
    "book_number": "22",
    "chapter_number": "7",
    "book_name": {
      "english": "SONG OF SOLOMON",
      "hindi": "श्रेष्ठगीत"
    },
    "verse": {
      "english": "Thy navel is like a round goblet, which wanteth not liquor: thy belly is like an heap of wheat set about with lilies.",
      "hindi": "तेरी नाभि गोल कटोरा है, जो मसाला मिले हुए दाखमधु से पूर्ण हो तेरा पेट गेहूं के ढेर के समान है जिसके चहुँओर सोसन फूल हों।"
    },
    "verse_number": 2
  },
  {
    "verse_count": "220703",
    "book_number": "22",
    "chapter_number": "7",
    "book_name": {
      "english": "SONG OF SOLOMON",
      "hindi": "श्रेष्ठगीत"
    },
    "verse": {
      "english": "Thy two breasts are like two young roes that are twins.",
      "hindi": "तेरी दोनों छातियां मृगनी के दो जुड़वे बच्चों के समान हैं।"
    },
    "verse_number": 3
  },
  {
    "verse_count": "220704",
    "book_number": "22",
    "chapter_number": "7",
    "book_name": {
      "english": "SONG OF SOLOMON",
      "hindi": "श्रेष्ठगीत"
    },
    "verse": {
      "english": "Thy neck is as a tower of ivory; thine eyes like the fishpools in Heshbon, by the gate of Bathrabbim: thy nose is as the tower of Lebanon which looketh toward Damascus.",
      "hindi": "तेरा गला हाथीदांत का गुम्मट है। तेरी आंखें हेशबोन के उन कुन्डों के समान हैं, जो बत्रब्बीम के फाटक के पास हैं। तेरी नाक लबानोन के गुम्मट के तुल्य है, जिसका मुख दमिश्क की ओर है।"
    },
    "verse_number": 4
  },
  {
    "verse_count": "220705",
    "book_number": "22",
    "chapter_number": "7",
    "book_name": {
      "english": "SONG OF SOLOMON",
      "hindi": "श्रेष्ठगीत"
    },
    "verse": {
      "english": "Thine head upon thee is like Carmel, and the hair of thine head like purple; the king is held in the galleries.",
      "hindi": "तेरा सिर तुझ पर कर्मेल के समान शोभायमान है, और तेरे सर की लटें अर्गवानी रंग के वस्त्र के तुल्य है; राजा उन लटाओं में बंधुआ हो गया है।"
    },
    "verse_number": 5
  },
  {
    "verse_count": "220706",
    "book_number": "22",
    "chapter_number": "7",
    "book_name": {
      "english": "SONG OF SOLOMON",
      "hindi": "श्रेष्ठगीत"
    },
    "verse": {
      "english": "How fair and how pleasant art thou, O love, for delights!",
      "hindi": "हे प्रिय और मनभावनी कुमारी, तू कैसी सुन्दर और कैसी मनोहर है!"
    },
    "verse_number": 6
  },
  {
    "verse_count": "220707",
    "book_number": "22",
    "chapter_number": "7",
    "book_name": {
      "english": "SONG OF SOLOMON",
      "hindi": "श्रेष्ठगीत"
    },
    "verse": {
      "english": "This thy stature is like to a palm tree, and thy breasts to clusters of grapes.",
      "hindi": "तेरा डील डौल खजूर के समान शानदार है और तेरी छातियां अंगूर के गुच्छों के समान हैं॥"
    },
    "verse_number": 7
  },
  {
    "verse_count": "220708",
    "book_number": "22",
    "chapter_number": "7",
    "book_name": {
      "english": "SONG OF SOLOMON",
      "hindi": "श्रेष्ठगीत"
    },
    "verse": {
      "english": "I said, I will go up to the palm tree, I will take hold of the boughs thereof: now also thy breasts shall be as clusters of the vine, and the smell of thy nose like apples;",
      "hindi": "मैं ने कहा, मैं इस खजूर पर चढ़कर उसकी डालियों को पकडूंगा। तेरी छातियां अंगूर के गुच्छे हो, और तेरी श्वास का सुगन्ध सेबों के समान हो,"
    },
    "verse_number": 8
  },
  {
    "verse_count": "220709",
    "book_number": "22",
    "chapter_number": "7",
    "book_name": {
      "english": "SONG OF SOLOMON",
      "hindi": "श्रेष्ठगीत"
    },
    "verse": {
      "english": "And the roof of thy mouth like the best wine for my beloved, that goeth down sweetly, causing the lips of those that are asleep to speak.",
      "hindi": "और तेरे चुम्बन उत्तम दाखमधु के समान हैं जो सरलता से ओठों पर से धीरे धीरे बह जाती है॥"
    },
    "verse_number": 9
  },
  {
    "verse_count": "2207010",
    "book_number": "22",
    "chapter_number": "7",
    "book_name": {
      "english": "SONG OF SOLOMON",
      "hindi": "श्रेष्ठगीत"
    },
    "verse": {
      "english": "I am my beloved's, and his desire is toward me.",
      "hindi": "मैं अपनी प्रेमी की हूं। और उसकी लालसा मेरी ओर नित बनी रहती है।"
    },
    "verse_number": 10
  },
  {
    "verse_count": "2207011",
    "book_number": "22",
    "chapter_number": "7",
    "book_name": {
      "english": "SONG OF SOLOMON",
      "hindi": "श्रेष्ठगीत"
    },
    "verse": {
      "english": "Come, my beloved, let us go forth into the field; let us lodge in the villages.",
      "hindi": "हे मेरे प्रेमी, आ, हम खेतों में निकल जाएं और गांवों में रहें;"
    },
    "verse_number": 11
  },
  {
    "verse_count": "2207012",
    "book_number": "22",
    "chapter_number": "7",
    "book_name": {
      "english": "SONG OF SOLOMON",
      "hindi": "श्रेष्ठगीत"
    },
    "verse": {
      "english": "Let us get up early to the vineyards; let us see if the vine flourish, whether the tender grape appear, and the pomegranates bud forth: there will I give thee my loves.",
      "hindi": "फिर सबेरे उठ कर दाख की बारियों में चलें, और देखें कि दाखलता में कलियें लगी हैं कि नहीं, कि दाख के फूल खिलें हैं या नहीं, और अनार फूले हैं वा नहीं वहां मैं तुझ को अपना प्रेम दिखाऊंगी।"
    },
    "verse_number": 12
  },
  {
    "verse_count": "2207013",
    "book_number": "22",
    "chapter_number": "7",
    "book_name": {
      "english": "SONG OF SOLOMON",
      "hindi": "श्रेष्ठगीत"
    },
    "verse": {
      "english": "The mandrakes give a smell, and at our gates are all manner of pleasant fruits, new and old, which I have laid up for thee, O my beloved.",
      "hindi": "दोदाफलों से सुगन्ध आ रही है, और हमारे द्वारों पर सब भांति के उत्तम फल हैं, नये और पुराने भी, जो, हे मेरे प्रेमी, मैं ने तेरे लिये इकट्ठे कर रखे हैं॥"
    },
    "verse_number": 13
  },
  {
    "verse_count": "220801",
    "book_number": "22",
    "chapter_number": "8",
    "book_name": {
      "english": "SONG OF SOLOMON",
      "hindi": "श्रेष्ठगीत"
    },
    "verse": {
      "english": "Othat thou wert as my brother, that sucked the breasts of my mother! when I should find thee without, I would kiss thee; yea, I should not be despised.",
      "hindi": "भला होता कि तू मेरे भाई के समान होता, जिसने मेरी माता की छातियों से दूध पिया! तब मैं तुझे बाहर पाकर तेरा चुम्बन लेती, और कोई मेरी निन्दा न करता।"
    },
    "verse_number": 1
  },
  {
    "verse_count": "220802",
    "book_number": "22",
    "chapter_number": "8",
    "book_name": {
      "english": "SONG OF SOLOMON",
      "hindi": "श्रेष्ठगीत"
    },
    "verse": {
      "english": "I would lead thee, and bring thee into my mother's house, who would instruct me: I would cause thee to drink of spiced wine of the juice of my pomegranate.",
      "hindi": "मैं तुझ को अपनी माता के घर ले चलती, और वह मुझ को सिखाती, और मैं तुझे मसाला मिला हुआ दाखमघु, और अपने अनारों का रस पिलाती।"
    },
    "verse_number": 2
  },
  {
    "verse_count": "220803",
    "book_number": "22",
    "chapter_number": "8",
    "book_name": {
      "english": "SONG OF SOLOMON",
      "hindi": "श्रेष्ठगीत"
    },
    "verse": {
      "english": "His left hand should be under my head, and his right hand should embrace me.",
      "hindi": "काश, उसका बायां हाथ मेरे सिर के नीचे होता, और अपने दाहिने हाथ से वह मेरा आलिंगन करता!"
    },
    "verse_number": 3
  },
  {
    "verse_count": "220804",
    "book_number": "22",
    "chapter_number": "8",
    "book_name": {
      "english": "SONG OF SOLOMON",
      "hindi": "श्रेष्ठगीत"
    },
    "verse": {
      "english": "I charge you, O daughters of Jerusalem, that ye stir not up, nor awake my love, until he please.",
      "hindi": "हे यरूशलेम की पुत्रियों, मैं तुम को शपथ धराती हूं, कि तुम मेरे प्रेमी को न जगाना जब तक वह स्वयं न उठना चाहे॥"
    },
    "verse_number": 4
  },
  {
    "verse_count": "220805",
    "book_number": "22",
    "chapter_number": "8",
    "book_name": {
      "english": "SONG OF SOLOMON",
      "hindi": "श्रेष्ठगीत"
    },
    "verse": {
      "english": "Who is this that cometh up from the wilderness, leaning upon her beloved? I raised thee up under the apple tree: there thy mother brought thee forth: there she brought thee forth that bare thee.",
      "hindi": "यह कौन है जो अपने प्रेमी पर टेक लगाये हुए जंगल से चली आती है? सेब के पेड़ के नीचे मैं ने तुझे जगया। वहां तेरी माता ने तुझे जन्म दिया वहां तेरी माता को पीड़ाएं उठीं॥"
    },
    "verse_number": 5
  },
  {
    "verse_count": "220806",
    "book_number": "22",
    "chapter_number": "8",
    "book_name": {
      "english": "SONG OF SOLOMON",
      "hindi": "श्रेष्ठगीत"
    },
    "verse": {
      "english": "Set me as a seal upon thine heart, as a seal upon thine arm: for love is strong as death; jealousy is cruel as the grave: the coals thereof are coals of fire, which hath a most vehement flame.",
      "hindi": "मुझे नगीने की नाईं अपने हृदय पर लगा रख, और ताबीज की नाईं अपनी बांह पर रख; क्योंकि प्रेम मृत्यु के तुल्य सामर्थी है, और ईर्षा कब्र के समान निर्दयी है। उसकी ज्वाला अग्नि की दमक है वरन परमेश्वर ही की ज्वाला है।"
    },
    "verse_number": 6
  },
  {
    "verse_count": "220807",
    "book_number": "22",
    "chapter_number": "8",
    "book_name": {
      "english": "SONG OF SOLOMON",
      "hindi": "श्रेष्ठगीत"
    },
    "verse": {
      "english": "Many waters cannot quench love, neither can the floods drown it: if a man would give all the substance of his house for love, it would utterly be contemned.",
      "hindi": "पानी की बाढ़ से भी प्रेम नहीं बुझ सकता, और न महानदों से डूब सकता है। यदि कोई अपने घर की सारी सम्पत्ति प्रेम की सन्ती दे दे तौभी वह अत्यन्त तुच्छ ठहरेगी॥"
    },
    "verse_number": 7
  },
  {
    "verse_count": "220808",
    "book_number": "22",
    "chapter_number": "8",
    "book_name": {
      "english": "SONG OF SOLOMON",
      "hindi": "श्रेष्ठगीत"
    },
    "verse": {
      "english": "We have a little sister, and she hath no breasts: what shall we do for our sister in the day when she shall be spoken for?",
      "hindi": "हमारी एक छोटी बहिन है, जिसकी छातियां अभी नहीं उभरी। जिस दिन हमारी बहिन के ब्याह की बात लगे, उस दिन हम उसके लिये क्या करें?"
    },
    "verse_number": 8
  },
  {
    "verse_count": "220809",
    "book_number": "22",
    "chapter_number": "8",
    "book_name": {
      "english": "SONG OF SOLOMON",
      "hindi": "श्रेष्ठगीत"
    },
    "verse": {
      "english": "If she be a wall, we will build upon her a palace of silver: and if she be a door, we will inclose her with boards of cedar.",
      "hindi": "यदि वह शहरपनाह हो तो हम उस पर चान्दी का कंगूरा बनाएंगे; और यदि वह फाटक का किवाड़ हो, तो हम उस पर देवदारू की लकड़ी के पटरे लगाएंगे॥"
    },
    "verse_number": 9
  },
  {
    "verse_count": "2208010",
    "book_number": "22",
    "chapter_number": "8",
    "book_name": {
      "english": "SONG OF SOLOMON",
      "hindi": "श्रेष्ठगीत"
    },
    "verse": {
      "english": "I am a wall, and my breasts like towers: then was I in his eyes as one that found favour.",
      "hindi": "मैं शहरपनाह थी और मेरी छातियां उसके गुम्मट; तब मैं अपने प्रेमी की दृष्टि में शान्ति लाने वाले के नाईं थी॥"
    },
    "verse_number": 10
  },
  {
    "verse_count": "2208011",
    "book_number": "22",
    "chapter_number": "8",
    "book_name": {
      "english": "SONG OF SOLOMON",
      "hindi": "श्रेष्ठगीत"
    },
    "verse": {
      "english": "Solomon had a vineyard at Baalhamon; he let out the vineyard unto keepers; every one for the fruit thereof was to bring a thousand pieces of silver.",
      "hindi": "बाल्हामोन में सुलैमान की एक दाख की बारी थी; उसने वह दाख की बारी रखवालों को सौंप दी; हर एक रखवाले को उसके फलों के लिये चान्दी के हजार हजार टुकड़े देने थे।"
    },
    "verse_number": 11
  },
  {
    "verse_count": "2208012",
    "book_number": "22",
    "chapter_number": "8",
    "book_name": {
      "english": "SONG OF SOLOMON",
      "hindi": "श्रेष्ठगीत"
    },
    "verse": {
      "english": "My vineyard, which is mine, is before me: thou, O Solomon, must have a thousand, and those that keep the fruit thereof two hundred.",
      "hindi": "मेरी निज दाख की बारी मेरे ही लिये है; हे सुलैमान, हजार तुझी को और फल के रखवालों को दो सौ मिलें॥"
    },
    "verse_number": 12
  },
  {
    "verse_count": "2208013",
    "book_number": "22",
    "chapter_number": "8",
    "book_name": {
      "english": "SONG OF SOLOMON",
      "hindi": "श्रेष्ठगीत"
    },
    "verse": {
      "english": "Thou that dwellest in the gardens, the companions hearken to thy voice: cause me to hear it.",
      "hindi": "तू जो बारियों में रहती है, मेरे मित्र तेरा बोल सुनना चाहते हैं; उसे मुझे भी सुनने दे॥"
    },
    "verse_number": 13
  },
  {
    "verse_count": "2208014",
    "book_number": "22",
    "chapter_number": "8",
    "book_name": {
      "english": "SONG OF SOLOMON",
      "hindi": "श्रेष्ठगीत"
    },
    "verse": {
      "english": "Make haste, my beloved, and be thou like to a roe or to a young hart upon the mountains of spices.",
      "hindi": "हे मेरे प्रेमी, शीघ्रता कर, और सुगन्ध द्रव्यों के पहाड़ों पर चिकारे वा जवान हरिण के नाईं बन जा॥"
    },
    "verse_number": 14
  }
]