[
  {
    "verse_count": "560101",
    "book_number": "56",
    "chapter_number": "1",
    "book_name": {
      "english": "TITUS",
      "hindi": "तीतुस"
    },
    "verse": {
      "english": "Paul, a servant of God, and an apostle of Jesus Christ, according to the faith of God's elect, and the acknowledging of the truth which is after godliness;",
      "hindi": "पौलुस की ओर से जो परमेश्वर का दास और यीशु मसीह का प्रेरित है, परमेश्वर के चुने हुए लोगों के विश्वास, और उस सत्य की पहिचान के अनुसार जो भक्ति के अनुसार है।"
    },
    "verse_number": 1
  },
  {
    "verse_count": "560102",
    "book_number": "56",
    "chapter_number": "1",
    "book_name": {
      "english": "TITUS",
      "hindi": "तीतुस"
    },
    "verse": {
      "english": "In hope of eternal life, which God, that cannot lie, promised before the world began;",
      "hindi": "उस अनन्त जीवन की आशा पर, जिस की प्रतिज्ञा परमेश्वर ने जो झूठ बोल नहीं सकता सनातन से की है।"
    },
    "verse_number": 2
  },
  {
    "verse_count": "560103",
    "book_number": "56",
    "chapter_number": "1",
    "book_name": {
      "english": "TITUS",
      "hindi": "तीतुस"
    },
    "verse": {
      "english": "But hath in due times manifested his word through preaching, which is committed unto me according to the commandment of God our Saviour;",
      "hindi": "पर ठीक समय पर अपने वचन को उस प्रचार के द्वारा प्रगट किया, जो हमारे उद्धारकर्ता परमेश्वर की आज्ञा के अनुसार मुझे सौंपा गया।"
    },
    "verse_number": 3
  },
  {
    "verse_count": "560104",
    "book_number": "56",
    "chapter_number": "1",
    "book_name": {
      "english": "TITUS",
      "hindi": "तीतुस"
    },
    "verse": {
      "english": "To Titus, mine own son after the common faith: Grace, mercy, and peace, from God the Father and the Lord Jesus Christ our Saviour.",
      "hindi": "तीतुस के नाम जो विश्वास की सहभागिता के विचार से मेरा सच्चा पुत्र है: परमेश्वर पिता और हमारे उद्धारकर्ता मसीह यीशु से अनुग्रह और शान्ति होती रहे॥"
    },
    "verse_number": 4
  },
  {
    "verse_count": "560105",
    "book_number": "56",
    "chapter_number": "1",
    "book_name": {
      "english": "TITUS",
      "hindi": "तीतुस"
    },
    "verse": {
      "english": "For this cause left I thee in Crete, that thou shouldest set in order the things that are wanting, and ordain elders in every city, as I had appointed thee:",
      "hindi": "मैं इसलिये तुझे क्रेते में छोड़ आया था, कि तू शेष रही हुई बातों को सुधारे, और मेरी आज्ञा के अनुसार नगर नगर प्राचीनों को नियुक्त करे।"
    },
    "verse_number": 5
  },
  {
    "verse_count": "560106",
    "book_number": "56",
    "chapter_number": "1",
    "book_name": {
      "english": "TITUS",
      "hindi": "तीतुस"
    },
    "verse": {
      "english": "If any be blameless, the husband of one wife, having faithful children not accused of riot or unruly.",
      "hindi": "जो निर्दोष और एक ही पत्नी के पति हों, जिन के लड़के बाले विश्वासी हो, और जिन्हें लुचपन और निरंकुशता का दोष नहीं।"
    },
    "verse_number": 6
  },
  {
    "verse_count": "560107",
    "book_number": "56",
    "chapter_number": "1",
    "book_name": {
      "english": "TITUS",
      "hindi": "तीतुस"
    },
    "verse": {
      "english": "For a bishop must be blameless, as the steward of God; not selfwilled, not soon angry, not given to wine, no striker, not given to filthy lucre;",
      "hindi": "क्योंकि अध्यक्ष को परमेश्वर का भण्डारी होने के कारण निर्दोष होना चाहिए; न हठी, न क्रोधी, न पियक्कड़, न मार पीट करने वाला, और न नीच कमाई का लोभी।"
    },
    "verse_number": 7
  },
  {
    "verse_count": "560108",
    "book_number": "56",
    "chapter_number": "1",
    "book_name": {
      "english": "TITUS",
      "hindi": "तीतुस"
    },
    "verse": {
      "english": "But a lover of hospitality, a lover of good men, sober, just, holy, temperate;",
      "hindi": "पर पहुनाई करने वाला, भलाई का चाहने वाला, संयमी, न्यायी, पवित्र और जितेन्द्रिय हो।"
    },
    "verse_number": 8
  },
  {
    "verse_count": "560109",
    "book_number": "56",
    "chapter_number": "1",
    "book_name": {
      "english": "TITUS",
      "hindi": "तीतुस"
    },
    "verse": {
      "english": "Holding fast the faithful word as he hath been taught, that he may be able by sound doctrine both to exhort and to convince the gainsayers.",
      "hindi": "और विश्वासयोग्य वचन पर जो धर्मोपदेश के अनुसार है, स्थिर रहे; कि खरी शिक्षा से उपदेश दे सके; और विवादियों का मुंह भी बन्द कर सके॥"
    },
    "verse_number": 9
  },
  {
    "verse_count": "5601010",
    "book_number": "56",
    "chapter_number": "1",
    "book_name": {
      "english": "TITUS",
      "hindi": "तीतुस"
    },
    "verse": {
      "english": "For there are many unruly and vain talkers and deceivers, specially they of the circumcision:",
      "hindi": "क्योंकि बहुत से लोग निरंकुश बकवादी और धोखा देने वाले हैं; विशेष करके खतना वालों में से।"
    },
    "verse_number": 10
  },
  {
    "verse_count": "5601011",
    "book_number": "56",
    "chapter_number": "1",
    "book_name": {
      "english": "TITUS",
      "hindi": "तीतुस"
    },
    "verse": {
      "english": "Whose mouths must be stopped, who subvert whole houses, teaching things which they ought not, for filthy lucre's sake.",
      "hindi": "इन का मुंह बन्द करना चाहिए: ये लोग नीच कमाई के लिये अनुचित बातें सिखा कर घर के घर बिगाड़ देते हैं।"
    },
    "verse_number": 11
  },
  {
    "verse_count": "5601012",
    "book_number": "56",
    "chapter_number": "1",
    "book_name": {
      "english": "TITUS",
      "hindi": "तीतुस"
    },
    "verse": {
      "english": "One of themselves, even a prophet of their own, said, The Cretians are alway liars, evil beasts, slow bellies.",
      "hindi": "उन्हीं में से एक जन ने जो उन्हीं का भविष्यद्क्ता है, कहा है, कि क्रेती लोग सदा झूठे, दुष्ट पशु और आलसी पेटू होते हैं।"
    },
    "verse_number": 12
  },
  {
    "verse_count": "5601013",
    "book_number": "56",
    "chapter_number": "1",
    "book_name": {
      "english": "TITUS",
      "hindi": "तीतुस"
    },
    "verse": {
      "english": "This witness is true. Wherefore rebuke them sharply, that they may be sound in the faith;",
      "hindi": "यह गवाही सच है, इसलिये उन्हें कड़ाई से चितौनी दिया कर, कि वे विश्वास में पक्के हो जाएं।"
    },
    "verse_number": 13
  },
  {
    "verse_count": "5601014",
    "book_number": "56",
    "chapter_number": "1",
    "book_name": {
      "english": "TITUS",
      "hindi": "तीतुस"
    },
    "verse": {
      "english": "Not giving heed to Jewish fables, and commandments of men, that turn from the truth.",
      "hindi": "और वे यहूदियों की कथा कहानियों और उन मनुष्यों की आज्ञाओं पर मन न लगाएं, जो सत्य से भटक जाते हैं।"
    },
    "verse_number": 14
  },
  {
    "verse_count": "5601015",
    "book_number": "56",
    "chapter_number": "1",
    "book_name": {
      "english": "TITUS",
      "hindi": "तीतुस"
    },
    "verse": {
      "english": "Unto the pure all things are pure: but unto them that are defiled and unbelieving is nothing pure; but even their mind and conscience is defiled.",
      "hindi": "शुद्ध लोगों के लिये सब वस्तु शुद्ध हैं, पर अशुद्ध और अविश्वासियों के लिये कुछ भी शुद्ध नहीं: वरन उन की बुद्धि और विवेक दोनों अशुद्ध हैं।"
    },
    "verse_number": 15
  },
  {
    "verse_count": "5601016",
    "book_number": "56",
    "chapter_number": "1",
    "book_name": {
      "english": "TITUS",
      "hindi": "तीतुस"
    },
    "verse": {
      "english": "They profess that they know God; but in works they deny him, being abominable, and disobedient, and unto every good work reprobate.",
      "hindi": "वे कहते हैं, कि हम परमेश्वर को जानते हैं: परअपने कामों से उसका इन्कार करते हैं, क्योंकि वे घृणित और आज्ञा न मानने वाले हैं: और किसी अच्छे काम के योग्य नहीं॥"
    },
    "verse_number": 16
  },
  {
    "verse_count": "560201",
    "book_number": "56",
    "chapter_number": "2",
    "book_name": {
      "english": "TITUS",
      "hindi": "तीतुस"
    },
    "verse": {
      "english": "But speak thou the things which become sound doctrine:",
      "hindi": "पर तू ऐसी बातें कहा कर, जो खरे उपदेश के योग्य हैं।"
    },
    "verse_number": 1
  },
  {
    "verse_count": "560202",
    "book_number": "56",
    "chapter_number": "2",
    "book_name": {
      "english": "TITUS",
      "hindi": "तीतुस"
    },
    "verse": {
      "english": "That the aged men be sober, grave, temperate, sound in faith, in charity, in patience.",
      "hindi": "अर्थात बूढ़े पुरूष, सचेत और गम्भीर और संयमी हों, और उन का विश्वास और प्रेम और धीरज पक्का हो।"
    },
    "verse_number": 2
  },
  {
    "verse_count": "560203",
    "book_number": "56",
    "chapter_number": "2",
    "book_name": {
      "english": "TITUS",
      "hindi": "तीतुस"
    },
    "verse": {
      "english": "The aged women likewise, that they be in behaviour as becometh holiness, not false accusers, not given to much wine, teachers of good things;",
      "hindi": "इसी प्रकार बूढ़ी स्त्रियों का चाल चलन पवित्र लोगों सा हो, दोष लगाने वाली और पियक्कड़ नहीं; पर अच्छी बातें सिखाने वाली हों।"
    },
    "verse_number": 3
  },
  {
    "verse_count": "560204",
    "book_number": "56",
    "chapter_number": "2",
    "book_name": {
      "english": "TITUS",
      "hindi": "तीतुस"
    },
    "verse": {
      "english": "That they may teach the young women to be sober, to love their husbands, to love their children,",
      "hindi": "ताकि वे जवान स्त्रियों को चितौनी देती रहें, कि अपने पतियों और बच्चों से प्रीति रखें।"
    },
    "verse_number": 4
  },
  {
    "verse_count": "560205",
    "book_number": "56",
    "chapter_number": "2",
    "book_name": {
      "english": "TITUS",
      "hindi": "तीतुस"
    },
    "verse": {
      "english": "To be discreet, chaste, keepers at home, good, obedient to their own husbands, that the word of God be not blasphemed.",
      "hindi": "और संयमी, पतिव्रता, घर का कारबार करने वाली, भली और अपने अपने पति के आधीन रहने वाली हों, ताकि परमेश्वर के वचन की निन्दा न होने पाए।"
    },
    "verse_number": 5
  },
  {
    "verse_count": "560206",
    "book_number": "56",
    "chapter_number": "2",
    "book_name": {
      "english": "TITUS",
      "hindi": "तीतुस"
    },
    "verse": {
      "english": "Young men likewise exhort to be sober minded.",
      "hindi": "ऐसे ही जवान पुरूषों को भी समझाया कर, कि संयमी हों।"
    },
    "verse_number": 6
  },
  {
    "verse_count": "560207",
    "book_number": "56",
    "chapter_number": "2",
    "book_name": {
      "english": "TITUS",
      "hindi": "तीतुस"
    },
    "verse": {
      "english": "In all things shewing thyself a pattern of good works: in doctrine shewing uncorruptness, gravity, sincerity,",
      "hindi": "सब बातों में अपने आप को भले कामों का नमूना बना: तेरे उपदेश में सफाई, गम्भीरता"
    },
    "verse_number": 7
  },
  {
    "verse_count": "560208",
    "book_number": "56",
    "chapter_number": "2",
    "book_name": {
      "english": "TITUS",
      "hindi": "तीतुस"
    },
    "verse": {
      "english": "Sound speech, that cannot be condemned; that he that is of the contrary part may be ashamed, having no evil thing to say of you.",
      "hindi": "और ऐसी खराई पाई जाए, कि कोई उसे बुरा न कह सके; जिस से विरोधी हम पर कोई दोष लगाने का अवसर न पाकर लज्ज़ित हों।"
    },
    "verse_number": 8
  },
  {
    "verse_count": "560209",
    "book_number": "56",
    "chapter_number": "2",
    "book_name": {
      "english": "TITUS",
      "hindi": "तीतुस"
    },
    "verse": {
      "english": "Exhort servants to be obedient unto their own masters, and to please them well in all things; not answering again;",
      "hindi": "दासों को समझा, कि अपने अपने स्वामी के आधीन रहें, और सब बातों में उन्हें प्रसन्न रखें, और उलट कर जवाब न दें।"
    },
    "verse_number": 9
  },
  {
    "verse_count": "5602010",
    "book_number": "56",
    "chapter_number": "2",
    "book_name": {
      "english": "TITUS",
      "hindi": "तीतुस"
    },
    "verse": {
      "english": "Not purloining, but shewing all good fidelity; that they may adorn the doctrine of God our Saviour in all things.",
      "hindi": "चोरी चालाकी न करें; पर सब प्रकार से पूरे विश्वासी निकलें, कि वे सब बातों में हमारे उद्धारकर्ता परमेश्वर के उपदेश को शोभा दें।"
    },
    "verse_number": 10
  },
  {
    "verse_count": "5602011",
    "book_number": "56",
    "chapter_number": "2",
    "book_name": {
      "english": "TITUS",
      "hindi": "तीतुस"
    },
    "verse": {
      "english": "For the grace of God that bringeth salvation hath appeared to all men,",
      "hindi": "क्योंकि परमेश्वर का अनुग्रह प्रगट है, जो सब मनुष्यों के उद्धार का कारण है।"
    },
    "verse_number": 11
  },
  {
    "verse_count": "5602012",
    "book_number": "56",
    "chapter_number": "2",
    "book_name": {
      "english": "TITUS",
      "hindi": "तीतुस"
    },
    "verse": {
      "english": "Teaching us that, denying ungodliness and worldly lusts, we should live soberly, righteously, and godly, in this present world;",
      "hindi": "और हमें चिताता है, कि हम अभक्ति और सांसारिक अभिलाषाओं से मन फेर कर इस युग में संयम और धर्म और भक्ति से जीवन बिताएं।"
    },
    "verse_number": 12
  },
  {
    "verse_count": "5602013",
    "book_number": "56",
    "chapter_number": "2",
    "book_name": {
      "english": "TITUS",
      "hindi": "तीतुस"
    },
    "verse": {
      "english": "Looking for that blessed hope, and the glorious appearing of the great God and our Saviour Jesus Christ;",
      "hindi": "और उस धन्य आशा की अर्थात अपने महान परमेश्वर और उद्धारकर्ता यीशु मसीह की महिमा के प्रगट होने की बाट जोहते रहें।"
    },
    "verse_number": 13
  },
  {
    "verse_count": "5602014",
    "book_number": "56",
    "chapter_number": "2",
    "book_name": {
      "english": "TITUS",
      "hindi": "तीतुस"
    },
    "verse": {
      "english": "Who gave himself for us, that he might redeem us from all iniquity, and purify unto himself a peculiar people, zealous of good works.",
      "hindi": "जिस ने अपने आप को हमारे लिये दे दिया, कि हमें हर प्रकार के अधर्म से छुड़ा ले, और शुद्ध करके अपने लिये एक ऐसी जाति बना ले जो भले भले कामों में सरगर्म हो॥"
    },
    "verse_number": 14
  },
  {
    "verse_count": "5602015",
    "book_number": "56",
    "chapter_number": "2",
    "book_name": {
      "english": "TITUS",
      "hindi": "तीतुस"
    },
    "verse": {
      "english": "These things speak, and exhort, and rebuke with all authority. Let no man despise thee.",
      "hindi": "पूरे अधिकार के साथ ये बातें कह और समझा और सिखाता रह: कोई तुझे तुच्छ न जानने पाए॥"
    },
    "verse_number": 15
  },
  {
    "verse_count": "560301",
    "book_number": "56",
    "chapter_number": "3",
    "book_name": {
      "english": "TITUS",
      "hindi": "तीतुस"
    },
    "verse": {
      "english": "Put them in mind to be subject to principalities and powers, to obey magistrates, to be ready to every good work,",
      "hindi": "लोगों को सुधि दिला, कि हाकिमों और अधिकारियों के आधीन रहें, और उन की आज्ञा मानें, और हर एक अच्छे काम के लिये तैयार रहें।"
    },
    "verse_number": 1
  },
  {
    "verse_count": "560302",
    "book_number": "56",
    "chapter_number": "3",
    "book_name": {
      "english": "TITUS",
      "hindi": "तीतुस"
    },
    "verse": {
      "english": "To speak evil of no man, to be no brawlers, but gentle, shewing all meekness unto all men.",
      "hindi": "किसी को बदनाम न करें; झगडालू न हों: पर कोमल स्वभाव के हों, और सब मनुष्यों के साथ बड़ी नम्रता के साथ रहें।"
    },
    "verse_number": 2
  },
  {
    "verse_count": "560303",
    "book_number": "56",
    "chapter_number": "3",
    "book_name": {
      "english": "TITUS",
      "hindi": "तीतुस"
    },
    "verse": {
      "english": "For we ourselves also were sometimes foolish, disobedient, deceived, serving divers lusts and pleasures, living in malice and envy, hateful, and hating one another.",
      "hindi": "क्योंकि हम भी पहिले, निर्बुद्धि, और आज्ञा न मानने वाले, और भ्रम में पड़े हुए, और रंग रंग के अभिलाषाओं और सुखविलास के दासत्व में थे, और बैरभाव, और डाह करने में जीवन निर्वाह करते थे, और घृणित थे, और एक दूसरे से बैर रखते थे।"
    },
    "verse_number": 3
  },
  {
    "verse_count": "560304",
    "book_number": "56",
    "chapter_number": "3",
    "book_name": {
      "english": "TITUS",
      "hindi": "तीतुस"
    },
    "verse": {
      "english": "But after that the kindness and love of God our Saviour toward man appeared,",
      "hindi": "पर जब हमारे उद्धारकर्ता परमेश्वर की कृपा, और मनुष्यों पर उसकी प्रीति प्रगट हुई।"
    },
    "verse_number": 4
  },
  {
    "verse_count": "560305",
    "book_number": "56",
    "chapter_number": "3",
    "book_name": {
      "english": "TITUS",
      "hindi": "तीतुस"
    },
    "verse": {
      "english": "Not by works of righteousness which we have done, but according to his mercy he saved us, by the washing of regeneration, and renewing of the Holy Ghost;",
      "hindi": "तो उस ने हमारा उद्धार किया: और यह धर्म के कामों के कारण नहीं, जो हम ने आप किए, पर अपनी दया के अनुसार, नए जन्म के स्नान, और पवित्र आत्मा के हमें नया बनाने के द्वारा हुआ।"
    },
    "verse_number": 5
  },
  {
    "verse_count": "560306",
    "book_number": "56",
    "chapter_number": "3",
    "book_name": {
      "english": "TITUS",
      "hindi": "तीतुस"
    },
    "verse": {
      "english": "Which he shed on us abundantly through Jesus Christ our Saviour;",
      "hindi": "जिसे उस ने हमारे उद्धारकर्ता यीशु मसीह के द्वारा हम पर अधिकाई से उंडेला।"
    },
    "verse_number": 6
  },
  {
    "verse_count": "560307",
    "book_number": "56",
    "chapter_number": "3",
    "book_name": {
      "english": "TITUS",
      "hindi": "तीतुस"
    },
    "verse": {
      "english": "That being justified by his grace, we should be made heirs according to the hope of eternal life.",
      "hindi": "जिस से हम उसके अनुग्रह से धर्मी ठहरकर, अनन्त जीवन की आशा के अनुसार वारिस बनें।"
    },
    "verse_number": 7
  },
  {
    "verse_count": "560308",
    "book_number": "56",
    "chapter_number": "3",
    "book_name": {
      "english": "TITUS",
      "hindi": "तीतुस"
    },
    "verse": {
      "english": "This is a faithful saying, and these things I will that thou affirm constantly, that they which have believed in God might be careful to maintain good works. These things are good and profitable unto men.",
      "hindi": "यह बात सच है, और मैं चाहता हूं, कि तू इन बातों के विषय में दृढ़ता से बोले इसलिये कि जिन्हों ने परमेश्वर की प्रतीति की है, वे भले-भले कामों में लगे रहने का ध्यान रखें: ये बातें भली, और मनुष्यों के लाभ की हैं।"
    },
    "verse_number": 8
  },
  {
    "verse_count": "560309",
    "book_number": "56",
    "chapter_number": "3",
    "book_name": {
      "english": "TITUS",
      "hindi": "तीतुस"
    },
    "verse": {
      "english": "But avoid foolish questions, and genealogies, and contentions, and strivings about the law; for they are unprofitable and vain.",
      "hindi": "पर मूर्खता के विवादों, और वंशावलियों, और बैर विरोध, और उन झगड़ों से, जो व्यवस्था के विषय में हों बचा रह; क्योंकि वे निष्फल और व्यर्थ हैं।"
    },
    "verse_number": 9
  },
  {
    "verse_count": "5603010",
    "book_number": "56",
    "chapter_number": "3",
    "book_name": {
      "english": "TITUS",
      "hindi": "तीतुस"
    },
    "verse": {
      "english": "A man that is an heretick after the first and second admonition reject;",
      "hindi": "किसी पाखंडी को एक दो बार समझा बुझाकर उस से अलग रह।"
    },
    "verse_number": 10
  },
  {
    "verse_count": "5603011",
    "book_number": "56",
    "chapter_number": "3",
    "book_name": {
      "english": "TITUS",
      "hindi": "तीतुस"
    },
    "verse": {
      "english": "Knowing that he that is such is subverted, and sinneth, being condemned of himself.",
      "hindi": "यह जानकर कि ऐसा मनुष्य भटक गया है, और अपने आप को दोषी ठहराकर पाप करता रहता है॥"
    },
    "verse_number": 11
  },
  {
    "verse_count": "5603012",
    "book_number": "56",
    "chapter_number": "3",
    "book_name": {
      "english": "TITUS",
      "hindi": "तीतुस"
    },
    "verse": {
      "english": "When I shall send Artemas unto thee, or Tychicus, be diligent to come unto me to Nicopolis: for I have determined there to winter.",
      "hindi": "जब मैं तेरे पास अरतिमास या तुखिकुस को भेजूं, तो मेरे पास नीकुपुलिस आने का प्रयत्न करना: क्योंकि मैं ने वहीं जाड़ा काटने की ठानी है।"
    },
    "verse_number": 12
  },
  {
    "verse_count": "5603013",
    "book_number": "56",
    "chapter_number": "3",
    "book_name": {
      "english": "TITUS",
      "hindi": "तीतुस"
    },
    "verse": {
      "english": "Bring Zenas the lawyer and Apollos on their journey diligently, that nothing be wanting unto them.",
      "hindi": "जेनास व्यवस्थापक और अपुल्लोस को यत्न करके आगे पहुंचा दे, और देख, कि उन्हें किसी वस्तु की घटी न होने पाए।"
    },
    "verse_number": 13
  },
  {
    "verse_count": "5603014",
    "book_number": "56",
    "chapter_number": "3",
    "book_name": {
      "english": "TITUS",
      "hindi": "तीतुस"
    },
    "verse": {
      "english": "And let ours also learn to maintain good works for necessary uses, that they be not unfruitful.",
      "hindi": "और हमारे लोग भी आवश्यकताओं को पूरा करने के लिये अच्छे कामों में लगे रहना सीखें ताकि निष्फल न रहें॥"
    },
    "verse_number": 14
  },
  {
    "verse_count": "5603015",
    "book_number": "56",
    "chapter_number": "3",
    "book_name": {
      "english": "TITUS",
      "hindi": "तीतुस"
    },
    "verse": {
      "english": "All that are with me salute thee. Greet them that love us in the faith. Grace be with you all. Amen.",
      "hindi": "मेरे सब साथियों का तुझे नमस्कार और जो विश्वास के कारण हम से प्रीति रखते हैं, उन को नमस्कार॥ तुम सब पर अनुग्रह होता रहे॥"
    },
    "verse_number": 15
  }
]