[
  {
    "verse_count": "590101",
    "book_number": "59",
    "chapter_number": "1",
    "book_name": {
      "english": "JAMES",
      "hindi": "याकूब"
    },
    "verse": {
      "english": "James, a servant of God and of the Lord Jesus Christ, to the twelve tribes which are scattered abroad, greeting.",
      "hindi": "परमेश्वर के और प्रभु यीशु मसीह के दास याकूब की ओर से उन बारहों गोत्रों को जो तित्तर बित्तर होकर रहते हैं नमस्कार पहुंचे॥"
    },
    "verse_number": 1
  },
  {
    "verse_count": "590102",
    "book_number": "59",
    "chapter_number": "1",
    "book_name": {
      "english": "JAMES",
      "hindi": "याकूब"
    },
    "verse": {
      "english": "My brethren, count it all joy when ye fall into divers temptations;",
      "hindi": "हे मेरे भाइयों, जब तुम नाना प्रकार की परीक्षाओं में पड़ो"
    },
    "verse_number": 2
  },
  {
    "verse_count": "590103",
    "book_number": "59",
    "chapter_number": "1",
    "book_name": {
      "english": "JAMES",
      "hindi": "याकूब"
    },
    "verse": {
      "english": "Knowing this, that the trying of your faith worketh patience.",
      "hindi": "तो इसको पूरे आनन्द की बात समझो, यह जान कर, कि तुम्हारे विश्वास के परखे जाने से धीरज उत्पन्न होता है।"
    },
    "verse_number": 3
  },
  {
    "verse_count": "590104",
    "book_number": "59",
    "chapter_number": "1",
    "book_name": {
      "english": "JAMES",
      "hindi": "याकूब"
    },
    "verse": {
      "english": "But let patience have her perfect work, that ye may be perfect and entire, wanting nothing.",
      "hindi": "पर धीरज को अपना पूरा काम करने दो, कि तुम पूरे और सिद्ध हो जाओ और तुम में किसी बात की घटी न रहे॥"
    },
    "verse_number": 4
  },
  {
    "verse_count": "590105",
    "book_number": "59",
    "chapter_number": "1",
    "book_name": {
      "english": "JAMES",
      "hindi": "याकूब"
    },
    "verse": {
      "english": "If any of you lack wisdom, let him ask of God, that giveth to all men liberally, and upbraideth not; and it shall be given him.",
      "hindi": "पर यदि तुम में से किसी को बुद्धि की घटी हो, तो परमेश्वर से मांगे, जो बिना उलाहना दिए सब को उदारता से देता है; और उस को दी जाएगी।"
    },
    "verse_number": 5
  },
  {
    "verse_count": "590106",
    "book_number": "59",
    "chapter_number": "1",
    "book_name": {
      "english": "JAMES",
      "hindi": "याकूब"
    },
    "verse": {
      "english": "But let him ask in faith, nothing wavering. For he that wavereth is like a wave of the sea driven with the wind and tossed.",
      "hindi": "पर विश्वास से मांगे, और कुछ सन्देह न करे; क्योंकि सन्देह करने वाला समुद्र की लहर के समान है जो हवा से बहती और उछलती है।"
    },
    "verse_number": 6
  },
  {
    "verse_count": "590107",
    "book_number": "59",
    "chapter_number": "1",
    "book_name": {
      "english": "JAMES",
      "hindi": "याकूब"
    },
    "verse": {
      "english": "For let not that man think that he shall receive any thing of the Lord.",
      "hindi": "ऐसा मनुष्य यह न समझे, कि मुझे प्रभु से कुछ मिलेगा।"
    },
    "verse_number": 7
  },
  {
    "verse_count": "590108",
    "book_number": "59",
    "chapter_number": "1",
    "book_name": {
      "english": "JAMES",
      "hindi": "याकूब"
    },
    "verse": {
      "english": "A double minded man is unstable in all his ways.",
      "hindi": "वह व्यक्ति दुचित्ता है, और अपनी सारी बातों में चंचल है॥"
    },
    "verse_number": 8
  },
  {
    "verse_count": "590109",
    "book_number": "59",
    "chapter_number": "1",
    "book_name": {
      "english": "JAMES",
      "hindi": "याकूब"
    },
    "verse": {
      "english": "Let the brother of low degree rejoice in that he is exalted:",
      "hindi": "दीन भाई अपने ऊंचे पद पर घमण्ड करे।"
    },
    "verse_number": 9
  },
  {
    "verse_count": "5901010",
    "book_number": "59",
    "chapter_number": "1",
    "book_name": {
      "english": "JAMES",
      "hindi": "याकूब"
    },
    "verse": {
      "english": "But the rich, in that he is made low: because as the flower of the grass he shall pass away.",
      "hindi": "और धनवान अपनी नीच दशा पर: क्योंकि वह घास के फूल की नाईं जाता रहेगा।"
    },
    "verse_number": 10
  },
  {
    "verse_count": "5901011",
    "book_number": "59",
    "chapter_number": "1",
    "book_name": {
      "english": "JAMES",
      "hindi": "याकूब"
    },
    "verse": {
      "english": "For the sun is no sooner risen with a burning heat, but it withereth the grass, and the flower thereof falleth, and the grace of the fashion of it perisheth: so also shall the rich man fade away in his ways.",
      "hindi": "क्योंकि सूर्य उदय होते ही कड़ी धूप पड़ती है और घास को सुखा देती है, और उसका फूल झड़ जाता है, और उस की शोभा जाती रहती है; उसी प्रकार धनवान भी अपने मार्ग पर चलते चलते धूल में मिल जाएगा।"
    },
    "verse_number": 11
  },
  {
    "verse_count": "5901012",
    "book_number": "59",
    "chapter_number": "1",
    "book_name": {
      "english": "JAMES",
      "hindi": "याकूब"
    },
    "verse": {
      "english": "Blessed is the man that endureth temptation: for when he is tried, he shall receive the crown of life, which the Lord hath promised to them that love him.",
      "hindi": "धन्य है वह मनुष्य, जो परीक्षा में स्थिर रहता है; क्योंकि वह खरा निकल कर जीवन का वह मुकुट पाएगा, जिस की प्रतिज्ञा प्रभु ने अपने प्रेम करने वालों को दी है।"
    },
    "verse_number": 12
  },
  {
    "verse_count": "5901013",
    "book_number": "59",
    "chapter_number": "1",
    "book_name": {
      "english": "JAMES",
      "hindi": "याकूब"
    },
    "verse": {
      "english": "Let no man say when he is tempted, I am tempted of God: for God cannot be tempted with evil, neither tempteth he any man:",
      "hindi": "जब किसी की परीक्षा हो, तो वह यह न कहे, कि मेरी परीक्षा परमेश्वर की ओर से होती है; क्योंकि न तो बुरी बातों से परमेश्वर की परीक्षा हो सकती है, और न वह किसी की परीक्षा आप करता है।"
    },
    "verse_number": 13
  },
  {
    "verse_count": "5901014",
    "book_number": "59",
    "chapter_number": "1",
    "book_name": {
      "english": "JAMES",
      "hindi": "याकूब"
    },
    "verse": {
      "english": "But every man is tempted, when he is drawn away of his own lust, and enticed.",
      "hindi": "परन्तु प्रत्येक व्यक्ति अपनी ही अभिलाषा में खिंच कर, और फंस कर परीक्षा में पड़ता है।"
    },
    "verse_number": 14
  },
  {
    "verse_count": "5901015",
    "book_number": "59",
    "chapter_number": "1",
    "book_name": {
      "english": "JAMES",
      "hindi": "याकूब"
    },
    "verse": {
      "english": "Then when lust hath conceived, it bringeth forth sin: and sin, when it is finished, bringeth forth death.",
      "hindi": "फिर अभिलाषा गर्भवती होकर पाप को जनती है और पाप जब बढ़ जाता है तो मृत्यु को उत्पन्न करता है।"
    },
    "verse_number": 15
  },
  {
    "verse_count": "5901016",
    "book_number": "59",
    "chapter_number": "1",
    "book_name": {
      "english": "JAMES",
      "hindi": "याकूब"
    },
    "verse": {
      "english": "Do not err, my beloved brethren.",
      "hindi": "हे मेरे प्रिय भाइयों, धोखा न खाओ।"
    },
    "verse_number": 16
  },
  {
    "verse_count": "5901017",
    "book_number": "59",
    "chapter_number": "1",
    "book_name": {
      "english": "JAMES",
      "hindi": "याकूब"
    },
    "verse": {
      "english": "Every good gift and every perfect gift is from above, and cometh down from the Father of lights, with whom is no variableness, neither shadow of turning.",
      "hindi": "क्योंकि हर एक अच्छा वरदान और हर एक उत्तम दान ऊपर ही से है, और ज्योतियों के पिता की ओर से मिलता है, जिस में न तो कोई परिवर्तन हो सकता है, ओर न अदल बदल के कारण उस पर छाया पड़ती है।"
    },
    "verse_number": 17
  },
  {
    "verse_count": "5901018",
    "book_number": "59",
    "chapter_number": "1",
    "book_name": {
      "english": "JAMES",
      "hindi": "याकूब"
    },
    "verse": {
      "english": "Of his own will begat he us with the word of truth, that we should be a kind of firstfruits of his creatures.",
      "hindi": "उस ने अपनी ही इच्छा से हमें सत्य के वचन के द्वारा उत्पन्न किया, ताकि हम उस की सृष्टि की हुई वस्तुओं में से एक प्रकार के प्रथम फल हों॥"
    },
    "verse_number": 18
  },
  {
    "verse_count": "5901019",
    "book_number": "59",
    "chapter_number": "1",
    "book_name": {
      "english": "JAMES",
      "hindi": "याकूब"
    },
    "verse": {
      "english": "Wherefore, my beloved brethren, let every man be swift to hear, slow to speak, slow to wrath:",
      "hindi": "हे मेरे प्रिय भाइयो, यह बात तुम जानते हो: इसलिये हर एक मनुष्य सुनने के लिये तत्पर और बोलने में धीरा और क्रोध में धीमा हो।"
    },
    "verse_number": 19
  },
  {
    "verse_count": "5901020",
    "book_number": "59",
    "chapter_number": "1",
    "book_name": {
      "english": "JAMES",
      "hindi": "याकूब"
    },
    "verse": {
      "english": "For the wrath of man worketh not the righteousness of God.",
      "hindi": "क्योंकि मनुष्य का क्रोध परमेश्वर के धर्म का निर्वाह नहीं कर सकता है।"
    },
    "verse_number": 20
  },
  {
    "verse_count": "5901021",
    "book_number": "59",
    "chapter_number": "1",
    "book_name": {
      "english": "JAMES",
      "hindi": "याकूब"
    },
    "verse": {
      "english": "Wherefore lay apart all filthiness and superfluity of naughtiness, and receive with meekness the engrafted word, which is able to save your souls.",
      "hindi": "इसलिये सारी मलिनता और बैर भाव की बढ़ती को दूर करके, उस वचन को नम्रता से ग्रहण कर लो, जो हृदय में बोया गया और जो तुम्हारे प्राणों का उद्धार कर सकता है।"
    },
    "verse_number": 21
  },
  {
    "verse_count": "5901022",
    "book_number": "59",
    "chapter_number": "1",
    "book_name": {
      "english": "JAMES",
      "hindi": "याकूब"
    },
    "verse": {
      "english": "But be ye doers of the word, and not hearers only, deceiving your own selves.",
      "hindi": "परन्तु वचन पर चलने वाले बनो, और केवल सुनने वाले ही नहीं जो अपने आप को धोखा देते हैं।"
    },
    "verse_number": 22
  },
  {
    "verse_count": "5901023",
    "book_number": "59",
    "chapter_number": "1",
    "book_name": {
      "english": "JAMES",
      "hindi": "याकूब"
    },
    "verse": {
      "english": "For if any be a hearer of the word, and not a doer, he is like unto a man beholding his natural face in a glass:",
      "hindi": "क्योंकि जो कोई वचन का सुनने वाला हो, और उस पर चलने वाला न हो, तो वह उस मनुष्य के समान है जो अपना स्वाभाविक मुंह दर्पण में देखता है।"
    },
    "verse_number": 23
  },
  {
    "verse_count": "5901024",
    "book_number": "59",
    "chapter_number": "1",
    "book_name": {
      "english": "JAMES",
      "hindi": "याकूब"
    },
    "verse": {
      "english": "For he beholdeth himself, and goeth his way, and straightway forgetteth what manner of man he was.",
      "hindi": "इसलिये कि वह अपने आप को देख कर चला जाता, और तुरन्त भूल जाता है कि मैं कैसा था।"
    },
    "verse_number": 24
  },
  {
    "verse_count": "5901025",
    "book_number": "59",
    "chapter_number": "1",
    "book_name": {
      "english": "JAMES",
      "hindi": "याकूब"
    },
    "verse": {
      "english": "But whoso looketh into the perfect law of liberty, and continueth therein, he being not a forgetful hearer, but a doer of the work, this man shall be blessed in his deed.",
      "hindi": "पर जो व्यक्ति स्वतंत्रता की सिद्ध व्यवस्था पर ध्यान करता रहता है, वह अपने काम में इसलिये आशीष पाएगा कि सुनकर नहीं, पर वैसा ही काम करता है।"
    },
    "verse_number": 25
  },
  {
    "verse_count": "5901026",
    "book_number": "59",
    "chapter_number": "1",
    "book_name": {
      "english": "JAMES",
      "hindi": "याकूब"
    },
    "verse": {
      "english": "If any man among you seem to be religious, and bridleth not his tongue, but deceiveth his own heart, this man's religion is vain.",
      "hindi": "यदि कोई अपने आप को भक्त समझे, और अपनी जीभ पर लगाम न दे, पर अपने हृदय को धोखा दे, तो उस की भक्ति व्यर्थ है।"
    },
    "verse_number": 26
  },
  {
    "verse_count": "5901027",
    "book_number": "59",
    "chapter_number": "1",
    "book_name": {
      "english": "JAMES",
      "hindi": "याकूब"
    },
    "verse": {
      "english": "Pure religion and undefiled before God and the Father is this, To visit the fatherless and widows in their affliction, and to keep himself unspotted from the world.",
      "hindi": "हमारे परमेश्वर और पिता के निकट शुद्ध और निर्मल भक्ति यह है, कि अनाथों और विधवाओं के क्लेश में उन की सुधि लें, और अपने आप को संसार से निष्कलंक रखें॥"
    },
    "verse_number": 27
  },
  {
    "verse_count": "590201",
    "book_number": "59",
    "chapter_number": "2",
    "book_name": {
      "english": "JAMES",
      "hindi": "याकूब"
    },
    "verse": {
      "english": "My brethren, have not the faith of our Lord Jesus Christ, the Lord of glory, with respect of persons.",
      "hindi": "हेमेरे भाइयों, हमारे महिमायुक्त प्रभु यीशु मसीह का विश्वास तुम में पक्षपात के साथ न हो।"
    },
    "verse_number": 1
  },
  {
    "verse_count": "590202",
    "book_number": "59",
    "chapter_number": "2",
    "book_name": {
      "english": "JAMES",
      "hindi": "याकूब"
    },
    "verse": {
      "english": "For if there come unto your assembly a man with a gold ring, in goodly apparel, and there come in also a poor man in vile raiment;",
      "hindi": "क्योंकि यदि एक पुरूष सोने के छल्ले और सुन्दर वस्त्र पहिने हुए तुम्हारी सभा में आए और एक कंगाल भी मैले कुचैले कपड़े पहिने हुए आए।"
    },
    "verse_number": 2
  },
  {
    "verse_count": "590203",
    "book_number": "59",
    "chapter_number": "2",
    "book_name": {
      "english": "JAMES",
      "hindi": "याकूब"
    },
    "verse": {
      "english": "And ye have respect to him that weareth the gay clothing, and say unto him, Sit thou here in a good place; and say to the poor, Stand thou there, or sit here under my footstool:",
      "hindi": "और तुम उस सुन्दर वस्त्र वाले का मुंह देख कर कहो कि तू वहां अच्छी जगह बैठ; और उस कंगाल से कहो, कि तू यहां खड़ा रह, या मेरे पांव की पीढ़ी के पास बैठ।"
    },
    "verse_number": 3
  },
  {
    "verse_count": "590204",
    "book_number": "59",
    "chapter_number": "2",
    "book_name": {
      "english": "JAMES",
      "hindi": "याकूब"
    },
    "verse": {
      "english": "Are ye not then partial in yourselves, and are become judges of evil thoughts?",
      "hindi": "तो क्या तुम ने आपस में भेद भाव न किया और कुविचार से न्याय करने वाले न ठहरे?"
    },
    "verse_number": 4
  },
  {
    "verse_count": "590205",
    "book_number": "59",
    "chapter_number": "2",
    "book_name": {
      "english": "JAMES",
      "hindi": "याकूब"
    },
    "verse": {
      "english": "Hearken, my beloved brethren, Hath not God chosen the poor of this world rich in faith, and heirs of the kingdom which he hath promised to them that love him?",
      "hindi": "हे मेरे प्रिय भाइयों सुनो; क्या परमेश्वर ने इस जगत के कंगालों को नहीं चुना कि विश्वास में धनी, और उस राज्य के अधिकारी हों, जिस की प्रतिज्ञा उस ने उन से की है जो उस से प्रेम रखते हैं"
    },
    "verse_number": 5
  },
  {
    "verse_count": "590206",
    "book_number": "59",
    "chapter_number": "2",
    "book_name": {
      "english": "JAMES",
      "hindi": "याकूब"
    },
    "verse": {
      "english": "But ye have despised the poor. Do not rich men oppress you, and draw you before the judgment seats?",
      "hindi": "पर तुम ने उस कंगाल का अपमान किया: क्या धनी लोग तुम पर अत्याचार नहीं करते? और क्या वे ही तुम्हें कचहिरयों में घसीट घसीट कर नहीं ले जाते?"
    },
    "verse_number": 6
  },
  {
    "verse_count": "590207",
    "book_number": "59",
    "chapter_number": "2",
    "book_name": {
      "english": "JAMES",
      "hindi": "याकूब"
    },
    "verse": {
      "english": "Do not they blaspheme that worthy name by the which ye are called?",
      "hindi": "क्या वे उस उत्तम नाम की निन्दा नहीं करते जिस के तुम कहलाए जाते हो?"
    },
    "verse_number": 7
  },
  {
    "verse_count": "590208",
    "book_number": "59",
    "chapter_number": "2",
    "book_name": {
      "english": "JAMES",
      "hindi": "याकूब"
    },
    "verse": {
      "english": "If ye fulfil the royal law according to the scripture, Thou shalt love thy neighbour as thyself, ye do well:",
      "hindi": "तौभी यदि तुम पवित्र शास्त्र के इस वचन के अनुसार, कि तू अपने पड़ोसी से अपने समान प्रेम रख, सचमुच उस राज व्यवस्था को पूरी करते हो, तो अच्छा ही करते हो।"
    },
    "verse_number": 8
  },
  {
    "verse_count": "590209",
    "book_number": "59",
    "chapter_number": "2",
    "book_name": {
      "english": "JAMES",
      "hindi": "याकूब"
    },
    "verse": {
      "english": "But if ye have respect to persons, ye commit sin, and are convinced of the law as transgressors.",
      "hindi": "पर यदि तुम पक्षपात करते हो, तो पाप करते हो; और व्यवस्था तुम्हें अपराधी ठहराती है।"
    },
    "verse_number": 9
  },
  {
    "verse_count": "5902010",
    "book_number": "59",
    "chapter_number": "2",
    "book_name": {
      "english": "JAMES",
      "hindi": "याकूब"
    },
    "verse": {
      "english": "For whosoever shall keep the whole law, and yet offend in one point, he is guilty of all.",
      "hindi": "क्योंकि जो कोई सारी व्यवस्था का पालन करता है परन्तु एक ही बात में चूक जाए तो वह सब बातों में दोषी ठहरा।"
    },
    "verse_number": 10
  },
  {
    "verse_count": "5902011",
    "book_number": "59",
    "chapter_number": "2",
    "book_name": {
      "english": "JAMES",
      "hindi": "याकूब"
    },
    "verse": {
      "english": "For he that said, Do not commit adultery, said also, Do not kill. Now if thou commit no adultery, yet if thou kill, thou art become a transgressor of the law.",
      "hindi": "इसलिये कि जिस ने यह कहा, कि तू व्यभिचार न करना उसी ने यह भी कहा, कि तू हत्या न करना इसलिये यदि तू ने व्यभिचार तो नहीं किया, पर हत्या की तौभी तू व्यवस्था का उलंघन करने वाला ठहरा।"
    },
    "verse_number": 11
  },
  {
    "verse_count": "5902012",
    "book_number": "59",
    "chapter_number": "2",
    "book_name": {
      "english": "JAMES",
      "hindi": "याकूब"
    },
    "verse": {
      "english": "So speak ye, and so do, as they that shall be judged by the law of liberty.",
      "hindi": "तुम उन लोगों की नाईं वचन बोलो, और काम भी करो, जिन का न्याय स्वतंत्रता की व्यवस्था के अनुसार होगा।"
    },
    "verse_number": 12
  },
  {
    "verse_count": "5902013",
    "book_number": "59",
    "chapter_number": "2",
    "book_name": {
      "english": "JAMES",
      "hindi": "याकूब"
    },
    "verse": {
      "english": "For he shall have judgment without mercy, that hath shewed no mercy; and mercy rejoiceth against judgment.",
      "hindi": "क्योंकि जिस ने दया नहीं की, उसका न्याय बिना दया के होगा: दया न्याय पर जयवन्त होती है॥"
    },
    "verse_number": 13
  },
  {
    "verse_count": "5902014",
    "book_number": "59",
    "chapter_number": "2",
    "book_name": {
      "english": "JAMES",
      "hindi": "याकूब"
    },
    "verse": {
      "english": "What doth it profit, my brethren, though a man say he hath faith, and have not works? can faith save him?",
      "hindi": "हे मेरे भाइयों, यदि कोई कहे कि मुझे विश्वास है पर वह कर्म न करता हो, तो उस से क्या लाभ? क्या ऐसा विश्वास कभी उसका उद्धार कर सकता है?"
    },
    "verse_number": 14
  },
  {
    "verse_count": "5902015",
    "book_number": "59",
    "chapter_number": "2",
    "book_name": {
      "english": "JAMES",
      "hindi": "याकूब"
    },
    "verse": {
      "english": "If a brother or sister be naked, and destitute of daily food,",
      "hindi": "यदि कोई भाई या बहिन नगें उघाड़े हों, और उन्हें प्रति दिन भोजन की घटी हो।"
    },
    "verse_number": 15
  },
  {
    "verse_count": "5902016",
    "book_number": "59",
    "chapter_number": "2",
    "book_name": {
      "english": "JAMES",
      "hindi": "याकूब"
    },
    "verse": {
      "english": "And one of you say unto them, Depart in peace, be ye warmed and filled; notwithstanding ye give them not those things which are needful to the body; what doth it profit?",
      "hindi": "और तुम में से कोई उन से कहे, कुशल से जाओ, तुम गरम रहो और तृप्त रहो; पर जो वस्तुएं देह के लिये आवश्यक हैं वह उन्हें न दे, तो क्या लाभ?"
    },
    "verse_number": 16
  },
  {
    "verse_count": "5902017",
    "book_number": "59",
    "chapter_number": "2",
    "book_name": {
      "english": "JAMES",
      "hindi": "याकूब"
    },
    "verse": {
      "english": "Even so faith, if it hath not works, is dead, being alone.",
      "hindi": "वैसे ही विश्वास भी, यदि कर्म सहित न हो तो अपने स्वभाव में मरा हुआ है।"
    },
    "verse_number": 17
  },
  {
    "verse_count": "5902018",
    "book_number": "59",
    "chapter_number": "2",
    "book_name": {
      "english": "JAMES",
      "hindi": "याकूब"
    },
    "verse": {
      "english": "Yea, a man may say, Thou hast faith, and I have works: shew me thy faith without thy works, and I will shew thee my faith by my works.",
      "hindi": "वरन कोई कह सकता है कि तुझे विश्वास है, और मैं कर्म करता हूं: तू अपना विश्वास मुझे कर्म बिना तो दिखा; और मैं अपना विश्वास अपने कर्मों के द्वारा तुझे दिखाऊंगा।"
    },
    "verse_number": 18
  },
  {
    "verse_count": "5902019",
    "book_number": "59",
    "chapter_number": "2",
    "book_name": {
      "english": "JAMES",
      "hindi": "याकूब"
    },
    "verse": {
      "english": "Thou believest that there is one God; thou doest well: the devils also believe, and tremble.",
      "hindi": "तुझे विश्वास है कि एक ही परमेश्वर है: तू अच्छा करता है: दुष्टात्मा भी विश्वास रखते, और थरथराते हैं।"
    },
    "verse_number": 19
  },
  {
    "verse_count": "5902020",
    "book_number": "59",
    "chapter_number": "2",
    "book_name": {
      "english": "JAMES",
      "hindi": "याकूब"
    },
    "verse": {
      "english": "But wilt thou know, O vain man, that faith without works is dead?",
      "hindi": "पर हे निकम्मे मनुष्य क्या तू यह भी नहीं जानता, कि कर्म बिना विश्वास व्यर्थ है?"
    },
    "verse_number": 20
  },
  {
    "verse_count": "5902021",
    "book_number": "59",
    "chapter_number": "2",
    "book_name": {
      "english": "JAMES",
      "hindi": "याकूब"
    },
    "verse": {
      "english": "Was not Abraham our father justified by works, when he had offered Isaac his son upon the altar?",
      "hindi": "जब हमारे पिता इब्राहीम ने अपने पुत्र इसहाक को वेदी पर चढ़ाया, तो क्या वह कर्मों से धामिर्क न ठहरा था?"
    },
    "verse_number": 21
  },
  {
    "verse_count": "5902022",
    "book_number": "59",
    "chapter_number": "2",
    "book_name": {
      "english": "JAMES",
      "hindi": "याकूब"
    },
    "verse": {
      "english": "Seest thou how faith wrought with his works, and by works was faith made perfect?",
      "hindi": "सो तू ने देख लिया कि विश्वास ने उस के कामों के साथ मिल कर प्रभाव डाला है और कर्मों से विश्वास सिद्ध हुआ।"
    },
    "verse_number": 22
  },
  {
    "verse_count": "5902023",
    "book_number": "59",
    "chapter_number": "2",
    "book_name": {
      "english": "JAMES",
      "hindi": "याकूब"
    },
    "verse": {
      "english": "And the scripture was fulfilled which saith, Abraham believed God, and it was imputed unto him for righteousness: and he was called the Friend of God.",
      "hindi": "और पवित्र शास्त्र का यह वचन पूरा हुआ, कि इब्राहीम ने परमेश्वर की प्रतीति की, और यह उसके लिये धर्म गिना गया, और वह परमेश्वर का मित्र कहलाया।"
    },
    "verse_number": 23
  },
  {
    "verse_count": "5902024",
    "book_number": "59",
    "chapter_number": "2",
    "book_name": {
      "english": "JAMES",
      "hindi": "याकूब"
    },
    "verse": {
      "english": "Ye see then how that by works a man is justified, and not by faith only.",
      "hindi": "सो तुम ने देख लिया कि मनुष्य केवल विश्वास से ही नहीं, वरन कर्मों से भी धर्मी ठहरता है।"
    },
    "verse_number": 24
  },
  {
    "verse_count": "5902025",
    "book_number": "59",
    "chapter_number": "2",
    "book_name": {
      "english": "JAMES",
      "hindi": "याकूब"
    },
    "verse": {
      "english": "Likewise also was not Rahab the harlot justified by works, when she had received the messengers, and had sent them out another way?",
      "hindi": "वैसे ही राहाब वेश्या भी जब उस ने दूतों को अपने घर में उतारा, और दूसरे मार्ग से विदा किया, तो क्या कर्मों से धामिर्क न ठहरी?"
    },
    "verse_number": 25
  },
  {
    "verse_count": "5902026",
    "book_number": "59",
    "chapter_number": "2",
    "book_name": {
      "english": "JAMES",
      "hindi": "याकूब"
    },
    "verse": {
      "english": "For as the body without the spirit is dead, so faith without works is dead also.",
      "hindi": "निदान, जैसे देह आत्मा बिना मरी हुई है वैसा ही विश्वास भी कर्म बिना मरा हुआ है॥"
    },
    "verse_number": 26
  },
  {
    "verse_count": "590301",
    "book_number": "59",
    "chapter_number": "3",
    "book_name": {
      "english": "JAMES",
      "hindi": "याकूब"
    },
    "verse": {
      "english": "My brethren, be not many masters, knowing that we shall receive the greater condemnation.",
      "hindi": "हेमेरे भाइयों, तुम में से बहुत उपदेशक न बनें, क्योंकि जानते हो, कि हम उपदेशक और भी दोषी ठहरेंगे।"
    },
    "verse_number": 1
  },
  {
    "verse_count": "590302",
    "book_number": "59",
    "chapter_number": "3",
    "book_name": {
      "english": "JAMES",
      "hindi": "याकूब"
    },
    "verse": {
      "english": "For in many things we offend all. If any man offend not in word, the same is a perfect man, and able also to bridle the whole body.",
      "hindi": "इसलिये कि हम सब बहुत बार चूक जाते हैं: जो कोई वचन में नहीं चूकता, वही तो सिद्ध मनुष्य है; और सारी देह पर भी लगाम लगा सकता है।"
    },
    "verse_number": 2
  },
  {
    "verse_count": "590303",
    "book_number": "59",
    "chapter_number": "3",
    "book_name": {
      "english": "JAMES",
      "hindi": "याकूब"
    },
    "verse": {
      "english": "Behold, we put bits in the horses' mouths, that they may obey us; and we turn about their whole body.",
      "hindi": "जब हम अपने वश में करने के लिये घोड़ों के मुंह में लगाम लगाते हैं, तो हम उन की सारी देह को भी फेर सकते हैं।"
    },
    "verse_number": 3
  },
  {
    "verse_count": "590304",
    "book_number": "59",
    "chapter_number": "3",
    "book_name": {
      "english": "JAMES",
      "hindi": "याकूब"
    },
    "verse": {
      "english": "Behold also the ships, which though they be so great, and are driven of fierce winds, yet are they turned about with a very small helm, whithersoever the governor listeth.",
      "hindi": "देखो, जहाज भी, यद्यपि ऐसे बड़े होते हैं, और प्रचण्ड वायु से चलाए जाते हैं, तौभी एक छोटी सी पतवार के द्वारा मांझी की इच्छा के अनुसार घुमाए जाते हैं।"
    },
    "verse_number": 4
  },
  {
    "verse_count": "590305",
    "book_number": "59",
    "chapter_number": "3",
    "book_name": {
      "english": "JAMES",
      "hindi": "याकूब"
    },
    "verse": {
      "english": "Even so the tongue is a little member, and boasteth great things. Behold, how great a matter a little fire kindleth!",
      "hindi": "वैसे ही जीभ भी एक छोटा सा अंग है और बड़ी बड़ी डींगे मारती है: देखो, थोड़ी सी आग से कितने बड़े वन में आग लग जाती है।"
    },
    "verse_number": 5
  },
  {
    "verse_count": "590306",
    "book_number": "59",
    "chapter_number": "3",
    "book_name": {
      "english": "JAMES",
      "hindi": "याकूब"
    },
    "verse": {
      "english": "And the tongue is a fire, a world of iniquity: so is the tongue among our members, that it defileth the whole body, and setteth on fire the course of nature; and it is set on fire of hell.",
      "hindi": "जीभ भी एक आग है: जीभ हमारे अंगों में अधर्म का एक लोक है और सारी देह पर कलंक लगाती है, और भवचक्र में आग लगा देती है और नरक कुण्ड की आग से जलती रहती है।"
    },
    "verse_number": 6
  },
  {
    "verse_count": "590307",
    "book_number": "59",
    "chapter_number": "3",
    "book_name": {
      "english": "JAMES",
      "hindi": "याकूब"
    },
    "verse": {
      "english": "For every kind of beasts, and of birds, and of serpents, and of things in the sea, is tamed, and hath been tamed of mankind:",
      "hindi": "क्योंकि हर प्रकार के बन-पशु, पक्षी, और रेंगने वाले जन्तु और जलचर तो मनुष्य जाति के वश में हो सकते हैं और हो भी गए हैं।"
    },
    "verse_number": 7
  },
  {
    "verse_count": "590308",
    "book_number": "59",
    "chapter_number": "3",
    "book_name": {
      "english": "JAMES",
      "hindi": "याकूब"
    },
    "verse": {
      "english": "But the tongue can no man tame; it is an unruly evil, full of deadly poison.",
      "hindi": "पर जीभ को मनुष्यों में से कोई वश में नहीं कर सकता; वह एक ऐसी बला है जो कभी रुकती ही नहीं; वह प्राण नाशक विष से भरी हुई है।"
    },
    "verse_number": 8
  },
  {
    "verse_count": "590309",
    "book_number": "59",
    "chapter_number": "3",
    "book_name": {
      "english": "JAMES",
      "hindi": "याकूब"
    },
    "verse": {
      "english": "Therewith bless we God, even the Father; and therewith curse we men, which are made after the similitude of God.",
      "hindi": "इसी से हम प्रभु और पिता की स्तुति करते हैं; और इसी से मनुष्यों को जो परमेश्वर के स्वरूप में उत्पन्न हुए हैं श्राप देते हैं।"
    },
    "verse_number": 9
  },
  {
    "verse_count": "5903010",
    "book_number": "59",
    "chapter_number": "3",
    "book_name": {
      "english": "JAMES",
      "hindi": "याकूब"
    },
    "verse": {
      "english": "Out of the same mouth proceedeth blessing and cursing. My brethren, these things ought not so to be.",
      "hindi": "एक ही मुंह से धन्यवाद और श्राप दोनों निकलते हैं।"
    },
    "verse_number": 10
  },
  {
    "verse_count": "5903011",
    "book_number": "59",
    "chapter_number": "3",
    "book_name": {
      "english": "JAMES",
      "hindi": "याकूब"
    },
    "verse": {
      "english": "Doth a fountain send forth at the same place sweet water and bitter?",
      "hindi": "हे मेरे भाइयों, ऐसा नहीं होना चाहिए।"
    },
    "verse_number": 11
  },
  {
    "verse_count": "5903012",
    "book_number": "59",
    "chapter_number": "3",
    "book_name": {
      "english": "JAMES",
      "hindi": "याकूब"
    },
    "verse": {
      "english": "Can the fig tree, my brethren, bear olive berries? either a vine, figs? so can no fountain both yield salt water and fresh.",
      "hindi": "क्या सोते के एक ही मुंह से मीठा और खारा जल दोनों निकलते हैं? हे मेरे भाइयों, क्या अंजीर के पेड़ में जैतून, या दाख की लता में अंजीर लग सकते हैं? वैसे ही खारे सोते से मीठा पानी नहीं निकल सकता॥"
    },
    "verse_number": 12
  },
  {
    "verse_count": "5903013",
    "book_number": "59",
    "chapter_number": "3",
    "book_name": {
      "english": "JAMES",
      "hindi": "याकूब"
    },
    "verse": {
      "english": "Who is a wise man and endued with knowledge among you? let him shew out of a good conversation his works with meekness of wisdom.",
      "hindi": "तुम में ज्ञानवान और समझदार कौन है? जो ऐसा हो वह अपने कामों को अच्छे चालचलन से उस नम्रता सहित प्रगट करे जो ज्ञान से उत्पन्न होती है।"
    },
    "verse_number": 13
  },
  {
    "verse_count": "5903014",
    "book_number": "59",
    "chapter_number": "3",
    "book_name": {
      "english": "JAMES",
      "hindi": "याकूब"
    },
    "verse": {
      "english": "But if ye have bitter envying and strife in your hearts, glory not, and lie not against the truth.",
      "hindi": "पर यदि तुम अपने अपने मन में कड़वी डाह और विरोध रखते हो, तो सत्य के विरोध में घमण्ड न करना, और न तो झूठ बोलना।"
    },
    "verse_number": 14
  },
  {
    "verse_count": "5903015",
    "book_number": "59",
    "chapter_number": "3",
    "book_name": {
      "english": "JAMES",
      "hindi": "याकूब"
    },
    "verse": {
      "english": "This wisdom descendeth not from above, but is earthly, sensual, devilish.",
      "hindi": "यह ज्ञान वह नहीं, जो ऊपर से उतरता है वरन सांसारिक, और शारीरिक, और शैतानी है।"
    },
    "verse_number": 15
  },
  {
    "verse_count": "5903016",
    "book_number": "59",
    "chapter_number": "3",
    "book_name": {
      "english": "JAMES",
      "hindi": "याकूब"
    },
    "verse": {
      "english": "For where envying and strife is, there is confusion and every evil work.",
      "hindi": "इसलिये कि जहां डाह और विरोध होता है, वहां बखेड़ा और हर प्रकार का दुष्कर्म भी होता है।"
    },
    "verse_number": 16
  },
  {
    "verse_count": "5903017",
    "book_number": "59",
    "chapter_number": "3",
    "book_name": {
      "english": "JAMES",
      "hindi": "याकूब"
    },
    "verse": {
      "english": "But the wisdom that is from above is first pure, then peaceable, gentle, and easy to be intreated, full of mercy and good fruits, without partiality, and without hypocrisy.",
      "hindi": "पर जो ज्ञान ऊपर से आता है वह पहिले तो पवित्र होता है फिर मिलनसार, कोमल और मृदुभाव और दया, और अच्छे फलों से लदा हुआ और पक्षपात और कपट रहित होता है।"
    },
    "verse_number": 17
  },
  {
    "verse_count": "5903018",
    "book_number": "59",
    "chapter_number": "3",
    "book_name": {
      "english": "JAMES",
      "hindi": "याकूब"
    },
    "verse": {
      "english": "And the fruit of righteousness is sown in peace of them that make peace.",
      "hindi": "और मिलाप कराने वालों के लिये धामिर्कता का फल मेल-मिलाप के साथ बोया जाता है॥"
    },
    "verse_number": 18
  },
  {
    "verse_count": "590401",
    "book_number": "59",
    "chapter_number": "4",
    "book_name": {
      "english": "JAMES",
      "hindi": "याकूब"
    },
    "verse": {
      "english": "From whence come wars and fightings among you? come they not hence, even of your lusts that war in your members?",
      "hindi": "तुम में लड़ाइयां और झगड़े कहां से आ गए? क्या उन सुख-विलासों से नहीं जो तुम्हारे अंगों में लड़ते-भिड़ते हैं?"
    },
    "verse_number": 1
  },
  {
    "verse_count": "590402",
    "book_number": "59",
    "chapter_number": "4",
    "book_name": {
      "english": "JAMES",
      "hindi": "याकूब"
    },
    "verse": {
      "english": "Ye lust, and have not: ye kill, and desire to have, and cannot obtain: ye fight and war, yet ye have not, because ye ask not.",
      "hindi": "तुम लालसा रखते हो, और तुम्हें मिलता नहीं; तुम हत्या और डाह करते हो, ओर कुछ प्राप्त नहीं कर सकते; तुम झगड़ते और लड़ते हो; तुम्हें इसलिये नहीं मिलता, कि मांगते नहीं।"
    },
    "verse_number": 2
  },
  {
    "verse_count": "590403",
    "book_number": "59",
    "chapter_number": "4",
    "book_name": {
      "english": "JAMES",
      "hindi": "याकूब"
    },
    "verse": {
      "english": "Ye ask, and receive not, because ye ask amiss, that ye may consume it upon your lusts.",
      "hindi": "तुम मांगते हो और पाते नहीं, इसलिये कि बुरी इच्छा से मांगते हो, ताकि अपने भोग विलास में उड़ा दो।"
    },
    "verse_number": 3
  },
  {
    "verse_count": "590404",
    "book_number": "59",
    "chapter_number": "4",
    "book_name": {
      "english": "JAMES",
      "hindi": "याकूब"
    },
    "verse": {
      "english": "Ye adulterers and adulteresses, know ye not that the friendship of the world is enmity with God? whosoever therefore will be a friend of the world is the enemy of God.",
      "hindi": "हे व्यभिचारिणयों, क्या तुम नहीं जानतीं, कि संसार से मित्रता करनी परमेश्वर से बैर करना है सो जो कोई संसार का मित्र होना चाहता है, वह अपने आप को परमेश्वर का बैरी बनाता है।"
    },
    "verse_number": 4
  },
  {
    "verse_count": "590405",
    "book_number": "59",
    "chapter_number": "4",
    "book_name": {
      "english": "JAMES",
      "hindi": "याकूब"
    },
    "verse": {
      "english": "Do ye think that the scripture saith in vain, The spirit that dwelleth in us lusteth to envy?",
      "hindi": "क्या तुम यह समझते हो, कि पवित्र शास्त्र व्यर्थ कहता है जिस आत्मा को उस ने हमारे भीतर बसाया है, क्या वह ऐसी लालसा करता है, जिस का प्रतिफल डाह हो?"
    },
    "verse_number": 5
  },
  {
    "verse_count": "590406",
    "book_number": "59",
    "chapter_number": "4",
    "book_name": {
      "english": "JAMES",
      "hindi": "याकूब"
    },
    "verse": {
      "english": "But he giveth more grace. Wherefore he saith, God resisteth the proud, but giveth grace unto the humble.",
      "hindi": "वह तो और भी अनुग्रह देता है; इस कारण यह लिखा है, कि परमेश्वर अभिमानियों से विरोध करता है, पर दीनों पर अनुग्रह करता है।"
    },
    "verse_number": 6
  },
  {
    "verse_count": "590407",
    "book_number": "59",
    "chapter_number": "4",
    "book_name": {
      "english": "JAMES",
      "hindi": "याकूब"
    },
    "verse": {
      "english": "Submit yourselves therefore to God. Resist the devil, and he will flee from you.",
      "hindi": "इसलिये परमेश्वर के आधीन हो जाओ; और शैतान का साम्हना करो, तो वह तुम्हारे पास से भाग निकलेगा।"
    },
    "verse_number": 7
  },
  {
    "verse_count": "590408",
    "book_number": "59",
    "chapter_number": "4",
    "book_name": {
      "english": "JAMES",
      "hindi": "याकूब"
    },
    "verse": {
      "english": "Draw nigh to God, and he will draw nigh to you. Cleanse your hands, ye sinners; and purify your hearts, ye double minded.",
      "hindi": "परमेश्वर के निकट आओ, तो वह भी तुम्हारे निकट आएगा: हे पापियों, अपने हाथ शुद्ध करो; और हे दुचित्ते लोगों अपने हृदय को पवित्र करो।"
    },
    "verse_number": 8
  },
  {
    "verse_count": "590409",
    "book_number": "59",
    "chapter_number": "4",
    "book_name": {
      "english": "JAMES",
      "hindi": "याकूब"
    },
    "verse": {
      "english": "Be afflicted, and mourn, and weep: let your laughter be turned to mourning, and your joy to heaviness.",
      "hindi": "दुखी होओ, और शोक करा, और रोओ: तुम्हारी हंसी शोक में और तुम्हारा आनन्द उदासी में बदल जाए।"
    },
    "verse_number": 9
  },
  {
    "verse_count": "5904010",
    "book_number": "59",
    "chapter_number": "4",
    "book_name": {
      "english": "JAMES",
      "hindi": "याकूब"
    },
    "verse": {
      "english": "Humble yourselves in the sight of the Lord, and he shall lift you up.",
      "hindi": "प्रभु के साम्हने दीन बनो, तो वह तुम्हें शिरोमणि बनाएगा।"
    },
    "verse_number": 10
  },
  {
    "verse_count": "5904011",
    "book_number": "59",
    "chapter_number": "4",
    "book_name": {
      "english": "JAMES",
      "hindi": "याकूब"
    },
    "verse": {
      "english": "Speak not evil one of another, brethren. He that speaketh evil of his brother, and judgeth his brother, speaketh evil of the law, and judgeth the law: but if thou judge the law, thou art not a doer of the law, but a judge.",
      "hindi": "हे भाइयों, एक दूसरे की बदनामी न करो, जो अपने भाई की बदनामी करता है, या भाई पर दोष लगाता है, वह व्यवस्था की बदनामी करता है, और व्यवस्था पर दोष लगाता है; और यदि तू व्यवस्था पर दोष लगाता है, तो तू व्यवस्था पर चलने वाला नहीं, पर उस पर हाकिम ठहरा।"
    },
    "verse_number": 11
  },
  {
    "verse_count": "5904012",
    "book_number": "59",
    "chapter_number": "4",
    "book_name": {
      "english": "JAMES",
      "hindi": "याकूब"
    },
    "verse": {
      "english": "There is one lawgiver, who is able to save and to destroy: who art thou that judgest another?",
      "hindi": "व्यवस्था देने वाला और हाकिम तो एक ही है, जिसे बचाने और नाश करने की सामर्थ है; तू कौन है, जो अपने पड़ोसी पर दोष लगाता है?"
    },
    "verse_number": 12
  },
  {
    "verse_count": "5904013",
    "book_number": "59",
    "chapter_number": "4",
    "book_name": {
      "english": "JAMES",
      "hindi": "याकूब"
    },
    "verse": {
      "english": "Go to now, ye that say, To day or to morrow we will go into such a city, and continue there a year, and buy and sell, and get gain:",
      "hindi": "तुम जो यह कहते हो, कि आज या कल हम किसी और नगर में जाकर वहां एक वर्ष बिताएंगे, और व्यापार करके लाभ उठाएंगे।"
    },
    "verse_number": 13
  },
  {
    "verse_count": "5904014",
    "book_number": "59",
    "chapter_number": "4",
    "book_name": {
      "english": "JAMES",
      "hindi": "याकूब"
    },
    "verse": {
      "english": "Whereas ye know not what shall be on the morrow. For what is your life? It is even a vapour, that appeareth for a little time, and then vanisheth away.",
      "hindi": "और यह नहीं जानते कि कल क्या होगा: सुन तो लो, तुम्हारा जीवन है ही क्या? तुम तो मानो भाप समान हो, जो थोड़ी देर दिखाई देती है, फिर लोप हो जाती है।"
    },
    "verse_number": 14
  },
  {
    "verse_count": "5904015",
    "book_number": "59",
    "chapter_number": "4",
    "book_name": {
      "english": "JAMES",
      "hindi": "याकूब"
    },
    "verse": {
      "english": "For that ye ought to say, If the Lord will, we shall live, and do this, or that.",
      "hindi": "इस के विपरीत तुम्हें यह कहना चाहिए, कि यदि प्रभु चाहे तो हम जीवित रहेंगे, और यह या वह काम भी करेंगे।"
    },
    "verse_number": 15
  },
  {
    "verse_count": "5904016",
    "book_number": "59",
    "chapter_number": "4",
    "book_name": {
      "english": "JAMES",
      "hindi": "याकूब"
    },
    "verse": {
      "english": "But now ye rejoice in your boastings: all such rejoicing is evil.",
      "hindi": "पर अब तुम अपनी ड़ींग पर घमण्ड करते हो; ऐसा सब घमण्ड बुरा होता है।"
    },
    "verse_number": 16
  },
  {
    "verse_count": "5904017",
    "book_number": "59",
    "chapter_number": "4",
    "book_name": {
      "english": "JAMES",
      "hindi": "याकूब"
    },
    "verse": {
      "english": "Therefore to him that knoweth to do good, and doeth it not, to him it is sin.",
      "hindi": "इसलिये जो कोई भलाई करना जानता है और नहीं करता, उसके लिये यह पाप है॥"
    },
    "verse_number": 17
  },
  {
    "verse_count": "590501",
    "book_number": "59",
    "chapter_number": "5",
    "book_name": {
      "english": "JAMES",
      "hindi": "याकूब"
    },
    "verse": {
      "english": "Go to now, ye rich men, weep and howl for your miseries that shall come upon you.",
      "hindi": "हेधनवानों सुन तो लो; तुम अपने आने वाले क्लेशों पर चिल्ला-चिल्लाकर रोओ।"
    },
    "verse_number": 1
  },
  {
    "verse_count": "590502",
    "book_number": "59",
    "chapter_number": "5",
    "book_name": {
      "english": "JAMES",
      "hindi": "याकूब"
    },
    "verse": {
      "english": "Your riches are corrupted, and your garments are motheaten.",
      "hindi": "तुम्हारा धन बिगड़ गया और तुम्हारे वस्त्रों को कीड़े खा गए।"
    },
    "verse_number": 2
  },
  {
    "verse_count": "590503",
    "book_number": "59",
    "chapter_number": "5",
    "book_name": {
      "english": "JAMES",
      "hindi": "याकूब"
    },
    "verse": {
      "english": "Your gold and silver is cankered; and the rust of them shall be a witness against you, and shall eat your flesh as it were fire. Ye have heaped treasure together for the last days.",
      "hindi": "तुम्हारे सोने-चान्दी में काई लग गई है; और वह काई तुम पर गवाही देगी, और आग की नाईं तुम्हारा मांस खा जाएगी: तुम ने अन्तिम युग में धन बटोरा है।"
    },
    "verse_number": 3
  },
  {
    "verse_count": "590504",
    "book_number": "59",
    "chapter_number": "5",
    "book_name": {
      "english": "JAMES",
      "hindi": "याकूब"
    },
    "verse": {
      "english": "Behold, the hire of the labourers who have reaped down your fields, which is of you kept back by fraud, crieth: and the cries of them which have reaped are entered into the ears of the Lord of sabaoth.",
      "hindi": "देखो, जिन मजदूरों ने तुम्हारे खेत काटे, उन की वह मजदूरी जो तुम ने धोखा देकर रख ली है चिल्ला रही है, और लवने वालों की दोहाई, सेनाओं के प्रभु के कानों तक पहुंच गई है।"
    },
    "verse_number": 4
  },
  {
    "verse_count": "590505",
    "book_number": "59",
    "chapter_number": "5",
    "book_name": {
      "english": "JAMES",
      "hindi": "याकूब"
    },
    "verse": {
      "english": "Ye have lived in pleasure on the earth, and been wanton; ye have nourished your hearts, as in a day of slaughter.",
      "hindi": "तुम पृथ्वी पर भोग-विलास में लगे रहे और बड़ा ही सुख भोगा; तुम ने इस वध के दिन के लिये अपने हृदय का पालन-पोषण करके मोटा ताजा किया।"
    },
    "verse_number": 5
  },
  {
    "verse_count": "590506",
    "book_number": "59",
    "chapter_number": "5",
    "book_name": {
      "english": "JAMES",
      "hindi": "याकूब"
    },
    "verse": {
      "english": "Ye have condemned and killed the just; and he doth not resist you.",
      "hindi": "तुम ने धर्मी को दोषी ठहरा कर मार डाला; वह तुम्हारा साम्हना नहीं करता॥"
    },
    "verse_number": 6
  },
  {
    "verse_count": "590507",
    "book_number": "59",
    "chapter_number": "5",
    "book_name": {
      "english": "JAMES",
      "hindi": "याकूब"
    },
    "verse": {
      "english": "Be patient therefore, brethren, unto the coming of the Lord. Behold, the husbandman waiteth for the precious fruit of the earth, and hath long patience for it, until he receive the early and latter rain.",
      "hindi": "सो हे भाइयों, प्रभु के आगमन तक धीरज धरो, देखो, गृहस्थ पृथ्वी के बहुमूल्य फल की आशा रखता हुआ प्रथम और अन्तिम वर्षा होने तक धीरज धरता है।"
    },
    "verse_number": 7
  },
  {
    "verse_count": "590508",
    "book_number": "59",
    "chapter_number": "5",
    "book_name": {
      "english": "JAMES",
      "hindi": "याकूब"
    },
    "verse": {
      "english": "Be ye also patient; stablish your hearts: for the coming of the Lord draweth nigh.",
      "hindi": "तुम भी धीरज धरो, और अपने हृदय को दृढ़ करो, क्योंकि प्रभु का शुभागमन निकट है।"
    },
    "verse_number": 8
  },
  {
    "verse_count": "590509",
    "book_number": "59",
    "chapter_number": "5",
    "book_name": {
      "english": "JAMES",
      "hindi": "याकूब"
    },
    "verse": {
      "english": "Grudge not one against another, brethren, lest ye be condemned: behold, the judge standeth before the door.",
      "hindi": "हे भाइयों, एक दूसरे पर दोष न लगाओ ताकि तुम दोषी न ठहरो, देखो, हाकिम द्वार पर खड़ा है।"
    },
    "verse_number": 9
  },
  {
    "verse_count": "5905010",
    "book_number": "59",
    "chapter_number": "5",
    "book_name": {
      "english": "JAMES",
      "hindi": "याकूब"
    },
    "verse": {
      "english": "Take, my brethren, the prophets, who have spoken in the name of the Lord, for an example of suffering affliction, and of patience.",
      "hindi": "हे भाइयो, जिन भविष्यद्वक्ताओं ने प्रभु के नाम से बातें की, उन्हें दुख उठाने और धीरज धरने का एक आदर्श समझो।"
    },
    "verse_number": 10
  },
  {
    "verse_count": "5905011",
    "book_number": "59",
    "chapter_number": "5",
    "book_name": {
      "english": "JAMES",
      "hindi": "याकूब"
    },
    "verse": {
      "english": "Behold, we count them happy which endure. Ye have heard of the patience of Job, and have seen the end of the Lord; that the Lord is very pitiful, and of tender mercy.",
      "hindi": "देखो, हम धीरज धरने वालों को धन्य कहते हैं: तुम ने अय्यूब के धीरज के विषय में तो सुना ही है, और प्रभु की ओर से जो उसका प्रतिफल हुआ उसे भी जान लिया है, जिस से प्रभु की अत्यन्त करूणा और दया प्रगट होती है।"
    },
    "verse_number": 11
  },
  {
    "verse_count": "5905012",
    "book_number": "59",
    "chapter_number": "5",
    "book_name": {
      "english": "JAMES",
      "hindi": "याकूब"
    },
    "verse": {
      "english": "But above all things, my brethren, swear not, neither by heaven, neither by the earth, neither by any other oath: but let your yea be yea; and your nay, nay; lest ye fall into condemnation.",
      "hindi": "पर हे मेरे भाइयों, सब से श्रेष्ठ बात यह है, कि शपथ न खाना; न स्वर्ग की न पृथ्वी की, न किसी और वस्तु की, पर तुम्हारी बातचीत हां की हां, और नहीं की नहीं हो, कि तुम दण्ड के योग्य न ठहरो॥"
    },
    "verse_number": 12
  },
  {
    "verse_count": "5905013",
    "book_number": "59",
    "chapter_number": "5",
    "book_name": {
      "english": "JAMES",
      "hindi": "याकूब"
    },
    "verse": {
      "english": "Is any among you afflicted? let him pray. Is any merry? let him sing psalms.",
      "hindi": "यदि तुम में कोई दुखी हो तो वह प्रार्थना करे: यदि आनन्दित हो, तो वह स्तुति के भजन गाए।"
    },
    "verse_number": 13
  },
  {
    "verse_count": "5905014",
    "book_number": "59",
    "chapter_number": "5",
    "book_name": {
      "english": "JAMES",
      "hindi": "याकूब"
    },
    "verse": {
      "english": "Is any sick among you? let him call for the elders of the church; and let them pray over him, anointing him with oil in the name of the Lord:",
      "hindi": "यदि तुम में कोई रोगी हो, तो कलीसिया के प्राचीनों को बुलाए, और वे प्रभु के नाम से उस पर तेल मल कर उसके लिये प्रार्थना करें।"
    },
    "verse_number": 14
  },
  {
    "verse_count": "5905015",
    "book_number": "59",
    "chapter_number": "5",
    "book_name": {
      "english": "JAMES",
      "hindi": "याकूब"
    },
    "verse": {
      "english": "And the prayer of faith shall save the sick, and the Lord shall raise him up; and if he have committed sins, they shall be forgiven him.",
      "hindi": "और विश्वास की प्रार्थना के द्वारा रोगी बच जाएगा और प्रभु उस को उठा कर खड़ा करेगा; और यदि उस ने पाप भी किए हों, तो उन की भी क्षमा हो जाएगी।"
    },
    "verse_number": 15
  },
  {
    "verse_count": "5905016",
    "book_number": "59",
    "chapter_number": "5",
    "book_name": {
      "english": "JAMES",
      "hindi": "याकूब"
    },
    "verse": {
      "english": "Confess your faults one to another, and pray one for another, that ye may be healed. The effectual fervent prayer of a righteous man availeth much.",
      "hindi": "इसलिये तुम आपस में एक दूसरे के साम्हने अपने अपने पापों को मान लो; और एक दूसरे के लिये प्रार्थना करो, जिस से चंगे हो जाओ; धर्मी जन की प्रार्थना के प्रभाव से बहुत कुछ हो सकता है।"
    },
    "verse_number": 16
  },
  {
    "verse_count": "5905017",
    "book_number": "59",
    "chapter_number": "5",
    "book_name": {
      "english": "JAMES",
      "hindi": "याकूब"
    },
    "verse": {
      "english": "Elias was a man subject to like passions as we are, and he prayed earnestly that it might not rain: and it rained not on the earth by the space of three years and six months.",
      "hindi": "एलिय्याह भी तो हमारे समान दुख-सुख भोगी मनुष्य था; और उस ने गिड़िगड़ा कर प्रार्थना की; कि मेंह न बरसे; और साढ़े तीन वर्ष तक भूमि पर मेंह नहीं बरसा।"
    },
    "verse_number": 17
  },
  {
    "verse_count": "5905018",
    "book_number": "59",
    "chapter_number": "5",
    "book_name": {
      "english": "JAMES",
      "hindi": "याकूब"
    },
    "verse": {
      "english": "And he prayed again, and the heaven gave rain, and the earth brought forth her fruit.",
      "hindi": "फिर उस ने प्रार्थना की, तो आकाश से वर्षा हुई, और भूमि फलवन्त हुई॥"
    },
    "verse_number": 18
  },
  {
    "verse_count": "5905019",
    "book_number": "59",
    "chapter_number": "5",
    "book_name": {
      "english": "JAMES",
      "hindi": "याकूब"
    },
    "verse": {
      "english": "Brethren, if any of you do err from the truth, and one convert him;",
      "hindi": "हे मेरे भाइयों, यदि तुम में कोई सत्य के मार्ग से भटक जाए, और कोई उस को फेर लाए।"
    },
    "verse_number": 19
  },
  {
    "verse_count": "5905020",
    "book_number": "59",
    "chapter_number": "5",
    "book_name": {
      "english": "JAMES",
      "hindi": "याकूब"
    },
    "verse": {
      "english": "Let him know, that he which converteth the sinner from the error of his way shall save a soul from death, and shall hide a multitude of sins.",
      "hindi": "तो वह यह जान ले, कि जो कोई किसी भटके हुए पापी को फेर लाएगा, वह एक प्राण को मृत्यु से बचाएगा, और अनेक पापों पर परदा डालेगा॥"
    },
    "verse_number": 20
  }
]