[
  {
    "verse_count": "510101",
    "book_number": "51",
    "chapter_number": "1",
    "book_name": {
      "english": "COLOSSIANS",
      "hindi": "कुलुस्सियों"
    },
    "verse": {
      "english": "Paul, an apostle of Jesus Christ by the will of God, and Timotheus our brother,",
      "hindi": "पौलुस की ओर से, जो परमेश्वर की इच्छा से मसीह यीशु का प्रेरित है, और भाई तीमुथियुस की ओर से।"
    },
    "verse_number": 1
  },
  {
    "verse_count": "510102",
    "book_number": "51",
    "chapter_number": "1",
    "book_name": {
      "english": "COLOSSIANS",
      "hindi": "कुलुस्सियों"
    },
    "verse": {
      "english": "To the saints and faithful brethren in Christ which are at Colosse: Grace be unto you, and peace, from God our Father and the Lord Jesus Christ.",
      "hindi": "मसीह में उन पवित्र और विश्वासी भाइयों के नाम जो कुलुस्से में रहते हैं॥ हमारे पिता परमेश्वर की ओर से तुम्हें अनुग्रह और शान्ति प्राप्त होती रहे॥"
    },
    "verse_number": 2
  },
  {
    "verse_count": "510103",
    "book_number": "51",
    "chapter_number": "1",
    "book_name": {
      "english": "COLOSSIANS",
      "hindi": "कुलुस्सियों"
    },
    "verse": {
      "english": "We give thanks to God and the Father of our Lord Jesus Christ, praying always for you,",
      "hindi": "हम तुम्हारे लिये नित प्रार्थना करके अपने प्रभु यीशु मसीह के पिता अर्थात परमेश्वर का धन्यवाद करते हैं।"
    },
    "verse_number": 3
  },
  {
    "verse_count": "510104",
    "book_number": "51",
    "chapter_number": "1",
    "book_name": {
      "english": "COLOSSIANS",
      "hindi": "कुलुस्सियों"
    },
    "verse": {
      "english": "Since we heard of your faith in Christ Jesus, and of the love which ye have to all the saints,",
      "hindi": "क्योंकि हम ने सुना है, कि मसीह यीशु पर तुम्हारा विश्वास है, और सब पवित्र लोगों से प्रेम रखते हो।"
    },
    "verse_number": 4
  },
  {
    "verse_count": "510105",
    "book_number": "51",
    "chapter_number": "1",
    "book_name": {
      "english": "COLOSSIANS",
      "hindi": "कुलुस्सियों"
    },
    "verse": {
      "english": "For the hope which is laid up for you in heaven, whereof ye heard before in the word of the truth of the gospel;",
      "hindi": "उस आशा की हुई वस्तु के कारण जो तुम्हारे लिये स्वर्ग में रखी हुई है, जिस का वर्णन तुम उस सुसमाचार के सत्य वचन में सुन चुके हो।"
    },
    "verse_number": 5
  },
  {
    "verse_count": "510106",
    "book_number": "51",
    "chapter_number": "1",
    "book_name": {
      "english": "COLOSSIANS",
      "hindi": "कुलुस्सियों"
    },
    "verse": {
      "english": "Which is come unto you, as it is in all the world; and bringeth forth fruit, as it doth also in you, since the day ye heard of it, and knew the grace of God in truth:",
      "hindi": "जो तुम्हारे पास पहुंचा है और जैसा जगत में भी फल लाता, और बढ़ता जाता है; अर्थात जिस दिन से तुम ने उस को सुना, और सच्चाई से परमेश्वर का अनुग्रह पहिचाना है, तुम में भी ऐसा ही करता है।"
    },
    "verse_number": 6
  },
  {
    "verse_count": "510107",
    "book_number": "51",
    "chapter_number": "1",
    "book_name": {
      "english": "COLOSSIANS",
      "hindi": "कुलुस्सियों"
    },
    "verse": {
      "english": "As ye also learned of Epaphras our dear fellowservant, who is for you a faithful minister of Christ;",
      "hindi": "उसी की शिक्षा तुम ने हमारे प्रिय सहकर्मी इपफ्रास से पाई, जो हमारे लिये मसीह का विश्वास योग्य सेवक है।"
    },
    "verse_number": 7
  },
  {
    "verse_count": "510108",
    "book_number": "51",
    "chapter_number": "1",
    "book_name": {
      "english": "COLOSSIANS",
      "hindi": "कुलुस्सियों"
    },
    "verse": {
      "english": "Who also declared unto us your love in the Spirit.",
      "hindi": "उसी ने तुम्हारे प्रेम को जो आत्मा में है हम पर प्रगट किया॥"
    },
    "verse_number": 8
  },
  {
    "verse_count": "510109",
    "book_number": "51",
    "chapter_number": "1",
    "book_name": {
      "english": "COLOSSIANS",
      "hindi": "कुलुस्सियों"
    },
    "verse": {
      "english": "For this cause we also, since the day we heard it, do not cease to pray for you, and to desire that ye might be filled with the knowledge of his will in all wisdom and spiritual understanding;",
      "hindi": "इसी लिये जिस दिन से यह सुना है, हम भी तुम्हारे लिये यह प्रार्थना करने और बिनती करने से नहीं चूकते कि तुम सारे आत्मिक ज्ञान और समझ सहित परमेश्वर की इच्छा की पहिचान में परिपूर्ण हो जाओ।"
    },
    "verse_number": 9
  },
  {
    "verse_count": "5101010",
    "book_number": "51",
    "chapter_number": "1",
    "book_name": {
      "english": "COLOSSIANS",
      "hindi": "कुलुस्सियों"
    },
    "verse": {
      "english": "That ye might walk worthy of the Lord unto all pleasing, being fruitful in every good work, and increasing in the knowledge of God;",
      "hindi": "ताकि तुम्हारा चाल-चलन प्रभु के योग्य हो, और वह सब प्रकार से प्रसन्न हो, और तुम में हर प्रकार के भले कामों का फल लगे, और परमेश्वर की पहिचान में बढ़ते जाओ।"
    },
    "verse_number": 10
  },
  {
    "verse_count": "5101011",
    "book_number": "51",
    "chapter_number": "1",
    "book_name": {
      "english": "COLOSSIANS",
      "hindi": "कुलुस्सियों"
    },
    "verse": {
      "english": "Strengthened with all might, according to his glorious power, unto all patience and longsuffering with joyfulness;",
      "hindi": "और उस की महिमा की शक्ति के अनुसार सब प्रकार की सामर्थ से बलवन्त होते जाओ, यहां तक कि आनन्द के साथ हर प्रकार से धीरज और सहनशीलता दिखा सको।"
    },
    "verse_number": 11
  },
  {
    "verse_count": "5101012",
    "book_number": "51",
    "chapter_number": "1",
    "book_name": {
      "english": "COLOSSIANS",
      "hindi": "कुलुस्सियों"
    },
    "verse": {
      "english": "Giving thanks unto the Father, which hath made us meet to be partakers of the inheritance of the saints in light:",
      "hindi": "और पिता का धन्यवाद करते रहो, जिस ने हमें इस योग्य बनाया कि ज्योति में पवित्र लोगों के साथ मीरास में समभागी हों।"
    },
    "verse_number": 12
  },
  {
    "verse_count": "5101013",
    "book_number": "51",
    "chapter_number": "1",
    "book_name": {
      "english": "COLOSSIANS",
      "hindi": "कुलुस्सियों"
    },
    "verse": {
      "english": "Who hath delivered us from the power of darkness, and hath translated us into the kingdom of his dear Son:",
      "hindi": "उसी ने हमें अन्धकार के वश से छुड़ाकर अपने प्रिय पुत्र के राज्य में प्रवेश कराया।"
    },
    "verse_number": 13
  },
  {
    "verse_count": "5101014",
    "book_number": "51",
    "chapter_number": "1",
    "book_name": {
      "english": "COLOSSIANS",
      "hindi": "कुलुस्सियों"
    },
    "verse": {
      "english": "In whom we have redemption through his blood, even the forgiveness of sins:",
      "hindi": "जिस में हमें छुटकारा अर्थात पापों की क्षमा प्राप्त होती है।"
    },
    "verse_number": 14
  },
  {
    "verse_count": "5101015",
    "book_number": "51",
    "chapter_number": "1",
    "book_name": {
      "english": "COLOSSIANS",
      "hindi": "कुलुस्सियों"
    },
    "verse": {
      "english": "Who is the image of the invisible God, the firstborn of every creature:",
      "hindi": "वह तो अदृश्य परमेश्वर का प्रतिरूप और सारी सृष्टि में पहिलौठा है।"
    },
    "verse_number": 15
  },
  {
    "verse_count": "5101016",
    "book_number": "51",
    "chapter_number": "1",
    "book_name": {
      "english": "COLOSSIANS",
      "hindi": "कुलुस्सियों"
    },
    "verse": {
      "english": "For by him were all things created, that are in heaven, and that are in earth, visible and invisible, whether they be thrones, or dominions, or principalities, or powers: all things were created by him, and for him:",
      "hindi": "क्योंकि उसी में सारी वस्तुओं की सृष्टि हुई, स्वर्ग की हो अथवा पृथ्वी की, देखी या अनदेखी, क्या सिंहासन, क्या प्रभुतांए, क्या प्रधानताएं, क्या अधिकार, सारी वस्तुएं उसी के द्वारा और उसी के लिये सृजी गई हैं।"
    },
    "verse_number": 16
  },
  {
    "verse_count": "5101017",
    "book_number": "51",
    "chapter_number": "1",
    "book_name": {
      "english": "COLOSSIANS",
      "hindi": "कुलुस्सियों"
    },
    "verse": {
      "english": "And he is before all things, and by him all things consist.",
      "hindi": "और वही सब वस्तुओं में प्रथम है, और सब वस्तुएं उसी में स्थिर रहती हैं।"
    },
    "verse_number": 17
  },
  {
    "verse_count": "5101018",
    "book_number": "51",
    "chapter_number": "1",
    "book_name": {
      "english": "COLOSSIANS",
      "hindi": "कुलुस्सियों"
    },
    "verse": {
      "english": "And he is the head of the body, the church: who is the beginning, the firstborn from the dead; that in all things he might have the preeminence.",
      "hindi": "और वही देह, अर्थात कलीसिया का सिर है; वही आदि है और मरे हुओं में से जी उठने वालों में पहिलौठा कि सब बातों में वही प्रधान ठहरे।"
    },
    "verse_number": 18
  },
  {
    "verse_count": "5101019",
    "book_number": "51",
    "chapter_number": "1",
    "book_name": {
      "english": "COLOSSIANS",
      "hindi": "कुलुस्सियों"
    },
    "verse": {
      "english": "For it pleased the Father that in him should all fulness dwell;",
      "hindi": "क्योंकि पिता की प्रसन्नता इसी में है कि उस में सारी परिपूर्णता वास करे।"
    },
    "verse_number": 19
  },
  {
    "verse_count": "5101020",
    "book_number": "51",
    "chapter_number": "1",
    "book_name": {
      "english": "COLOSSIANS",
      "hindi": "कुलुस्सियों"
    },
    "verse": {
      "english": "And, having made peace through the blood of his cross, by him to reconcile all things unto himself; by him, I say, whether they be things in earth, or things in heaven.",
      "hindi": "और उसके क्रूस पर बहे हुए लोहू के द्वारा मेल मिलाप करके, सब वस्तुओं का उसी के द्वारा से अपने साथ मेल कर ले चाहे वे पृथ्वी पर की हों, चाहे स्वर्ग में की।"
    },
    "verse_number": 20
  },
  {
    "verse_count": "5101021",
    "book_number": "51",
    "chapter_number": "1",
    "book_name": {
      "english": "COLOSSIANS",
      "hindi": "कुलुस्सियों"
    },
    "verse": {
      "english": "And you, that were sometime alienated and enemies in your mind by wicked works, yet now hath he reconciled",
      "hindi": "और उस ने अब उसकी शारीरिक देह में मृत्यु के द्वारा तुम्हारा भी मेल कर लिया जो पहिले निकाले हुए थे और बुरे कामों के कारण मन से बैरी थे।"
    },
    "verse_number": 21
  },
  {
    "verse_count": "5101022",
    "book_number": "51",
    "chapter_number": "1",
    "book_name": {
      "english": "COLOSSIANS",
      "hindi": "कुलुस्सियों"
    },
    "verse": {
      "english": "In the body of his flesh through death, to present you holy and unblameable and unreproveable in his sight:",
      "hindi": "ताकि तुम्हें अपने सम्मुख पवित्र और निष्कलंक, और निर्दोष बनाकर उपस्थित करे।"
    },
    "verse_number": 22
  },
  {
    "verse_count": "5101023",
    "book_number": "51",
    "chapter_number": "1",
    "book_name": {
      "english": "COLOSSIANS",
      "hindi": "कुलुस्सियों"
    },
    "verse": {
      "english": "If ye continue in the faith grounded and settled, and be not moved away from the hope of the gospel, which ye have heard, and which was preached to every creature which is under heaven; whereof I Paul am made a minister;",
      "hindi": "यदि तुम विश्वास की नेव पर दृढ़ बने रहो, और उस सुसमाचार की आशा को जिसे तुम ने सुना है न छोड़ो, जिस का प्रचार आकाश के नीचे की सारी सृष्टि में किया गया; और जिस का मैं पौलुस सेवक बना॥"
    },
    "verse_number": 23
  },
  {
    "verse_count": "5101024",
    "book_number": "51",
    "chapter_number": "1",
    "book_name": {
      "english": "COLOSSIANS",
      "hindi": "कुलुस्सियों"
    },
    "verse": {
      "english": "Who now rejoice in my sufferings for you, and fill up that which is behind of the afflictions of Christ in my flesh for his body's sake, which is the church:",
      "hindi": "अब मैं उन दुखों के कारण आनन्द करता हूं, जो तुम्हारे लिये उठाता हूं, और मसीह के क्लेशों की घटी उस की देह के लिये, अर्थात कलीसिया के लिये, अपने शरीर में पूरी किए देता हूं।"
    },
    "verse_number": 24
  },
  {
    "verse_count": "5101025",
    "book_number": "51",
    "chapter_number": "1",
    "book_name": {
      "english": "COLOSSIANS",
      "hindi": "कुलुस्सियों"
    },
    "verse": {
      "english": "Whereof I am made a minister, according to the dispensation of God which is given to me for you, to fulfil the word of God;",
      "hindi": "जिस का मैं परमेश्वर के उस प्रबन्ध के अनुसार सेवक बना, जो तुम्हारे लिये मुझे सौंपा गया, ताकि मैं परमेश्वर के वचन को पूरा पूरा प्रचार करूं।"
    },
    "verse_number": 25
  },
  {
    "verse_count": "5101026",
    "book_number": "51",
    "chapter_number": "1",
    "book_name": {
      "english": "COLOSSIANS",
      "hindi": "कुलुस्सियों"
    },
    "verse": {
      "english": "Even the mystery which hath been hid from ages and from generations, but now is made manifest to his saints:",
      "hindi": "अर्थात उस भेद को जो समयों और पीढिय़ों से गुप्त रहा, परन्तु अब उसके उन पवित्र लोगों पर प्रगट हुआ है।"
    },
    "verse_number": 26
  },
  {
    "verse_count": "5101027",
    "book_number": "51",
    "chapter_number": "1",
    "book_name": {
      "english": "COLOSSIANS",
      "hindi": "कुलुस्सियों"
    },
    "verse": {
      "english": "To whom God would make known what is the riches of the glory of this mystery among the Gentiles; which is Christ in you, the hope of glory:",
      "hindi": "जिन पर परमेश्वर ने प्रगट करना चाहा, कि उन्हें ज्ञात हो कि अन्यजातियों में उस भेद की महिमा का मूल्य क्या है और वह यह है, कि मसीह जो महिमा की आशा है तुम में रहता है।"
    },
    "verse_number": 27
  },
  {
    "verse_count": "5101028",
    "book_number": "51",
    "chapter_number": "1",
    "book_name": {
      "english": "COLOSSIANS",
      "hindi": "कुलुस्सियों"
    },
    "verse": {
      "english": "Whom we preach, warning every man, and teaching every man in all wisdom; that we may present every man perfect in Christ Jesus:",
      "hindi": "जिस का प्रचार करके हम हर एक मनुष्य को जता देते हैं और सारे ज्ञान से हर एक मनुष्य को सिखाते हैं, कि हम हर एक व्यक्ति को मसीह में सिद्ध करके उपस्थित करें।"
    },
    "verse_number": 28
  },
  {
    "verse_count": "5101029",
    "book_number": "51",
    "chapter_number": "1",
    "book_name": {
      "english": "COLOSSIANS",
      "hindi": "कुलुस्सियों"
    },
    "verse": {
      "english": "Whereunto I also labour, striving according to his working, which worketh in me mightily.",
      "hindi": "और इसी के लिये मैं उस की उस शक्ति के अनुसार जो मुझ में सामर्थ के साथ प्रभाव डालती है तन मन लगाकर परिश्रम भी करता हूं।"
    },
    "verse_number": 29
  },
  {
    "verse_count": "510201",
    "book_number": "51",
    "chapter_number": "2",
    "book_name": {
      "english": "COLOSSIANS",
      "hindi": "कुलुस्सियों"
    },
    "verse": {
      "english": "For I would that ye knew what great conflict I have for you, and for them at Laodicea, and for as many as have not seen my face in the flesh;",
      "hindi": "मैंचाहता हूं कि तुम जान लो, कि तुम्हारे और उन के जो लौदीकिया में हैं, और उन सब के लिये जिन्हों ने मेरा शारीरिक मुंह नहीं देखा मैं कैसा परिश्रम करता हूं।"
    },
    "verse_number": 1
  },
  {
    "verse_count": "510202",
    "book_number": "51",
    "chapter_number": "2",
    "book_name": {
      "english": "COLOSSIANS",
      "hindi": "कुलुस्सियों"
    },
    "verse": {
      "english": "That their hearts might be comforted, being knit together in love, and unto all riches of the full assurance of understanding, to the acknowledgement of the mystery of God, and of the Father, and of Christ;",
      "hindi": "ताकि उन के मनों में शान्ति हो और वे प्रेम से आपस में गठे रहें, और वे पूरी समझ का सारा धन प्राप्त करें, और परमेश्वर पिता के भेद को अर्थात मसीह को पहिचान लें।"
    },
    "verse_number": 2
  },
  {
    "verse_count": "510203",
    "book_number": "51",
    "chapter_number": "2",
    "book_name": {
      "english": "COLOSSIANS",
      "hindi": "कुलुस्सियों"
    },
    "verse": {
      "english": "In whom are hid all the treasures of wisdom and knowledge.",
      "hindi": "जिस में बुद्धि और ज्ञान से सारे भण्डार छिपे हुए हैं।"
    },
    "verse_number": 3
  },
  {
    "verse_count": "510204",
    "book_number": "51",
    "chapter_number": "2",
    "book_name": {
      "english": "COLOSSIANS",
      "hindi": "कुलुस्सियों"
    },
    "verse": {
      "english": "And this I say, lest any man should beguile you with enticing words.",
      "hindi": "यह मैं इसलिये कहता हूं, कि कोई मनुष्य तुम्हें लुभाने वाली बातों से धोखा न दे।"
    },
    "verse_number": 4
  },
  {
    "verse_count": "510205",
    "book_number": "51",
    "chapter_number": "2",
    "book_name": {
      "english": "COLOSSIANS",
      "hindi": "कुलुस्सियों"
    },
    "verse": {
      "english": "For though I be absent in the flesh, yet am I with you in the spirit, joying and beholding your order, and the stedfastness of your faith in Christ.",
      "hindi": "क्योंकि मैं यदि शरीर के भाव से तुम से दूर हूं, तौभी आत्मिक भाव से तुम्हारे निकट हूं, और तुम्हारे विधि-अनुसार चरित्र और तुम्हारे विश्वास की जो मसीह में है दृढ़ता देखकर प्रसन्न होता हूं॥"
    },
    "verse_number": 5
  },
  {
    "verse_count": "510206",
    "book_number": "51",
    "chapter_number": "2",
    "book_name": {
      "english": "COLOSSIANS",
      "hindi": "कुलुस्सियों"
    },
    "verse": {
      "english": "As ye have therefore received Christ Jesus the Lord, so walk ye in him:",
      "hindi": "सो जैसे तुम ने मसीह यीशु को प्रभु करके ग्रहण कर लिया है, वैसे ही उसी में चलते रहो।"
    },
    "verse_number": 6
  },
  {
    "verse_count": "510207",
    "book_number": "51",
    "chapter_number": "2",
    "book_name": {
      "english": "COLOSSIANS",
      "hindi": "कुलुस्सियों"
    },
    "verse": {
      "english": "Rooted and built up in him, and stablished in the faith, as ye have been taught, abounding therein with thanksgiving.",
      "hindi": "और उसी में जड़ पकड़ते और बढ़ते जाओ; और जैसे तुम सिखाए गए वैसे ही विश्वास में दृढ़ होते जाओ, और अत्यन्त धन्यवाद करते रहो॥"
    },
    "verse_number": 7
  },
  {
    "verse_count": "510208",
    "book_number": "51",
    "chapter_number": "2",
    "book_name": {
      "english": "COLOSSIANS",
      "hindi": "कुलुस्सियों"
    },
    "verse": {
      "english": "Beware lest any man spoil you through philosophy and vain deceit, after the tradition of men, after the rudiments of the world, and not after Christ.",
      "hindi": "चौकस रहो कि कोई तुम्हें उस तत्व-ज्ञान और व्यर्थ धोखे के द्वारा अहेर न करे ले, जो मनुष्यों के परम्पराई मत और संसार की आदि शिक्षा के अनुसार हैं, पर मसीह के अनुसार नहीं।"
    },
    "verse_number": 8
  },
  {
    "verse_count": "510209",
    "book_number": "51",
    "chapter_number": "2",
    "book_name": {
      "english": "COLOSSIANS",
      "hindi": "कुलुस्सियों"
    },
    "verse": {
      "english": "For in him dwelleth all the fulness of the Godhead bodily.",
      "hindi": "क्योंकि उस में ईश्वरत्व की सारी परिपूर्णता सदेह वास करती है।"
    },
    "verse_number": 9
  },
  {
    "verse_count": "5102010",
    "book_number": "51",
    "chapter_number": "2",
    "book_name": {
      "english": "COLOSSIANS",
      "hindi": "कुलुस्सियों"
    },
    "verse": {
      "english": "And ye are complete in him, which is the head of all principality and power:",
      "hindi": "और तुम उसी में भरपूर हो गए हो जो सारी प्रधानता और अधिकार का शिरोमणि है।"
    },
    "verse_number": 10
  },
  {
    "verse_count": "5102011",
    "book_number": "51",
    "chapter_number": "2",
    "book_name": {
      "english": "COLOSSIANS",
      "hindi": "कुलुस्सियों"
    },
    "verse": {
      "english": "In whom also ye are circumcised with the circumcision made without hands, in putting off the body of the sins of the flesh by the circumcision of Christ:",
      "hindi": "उसी में तुम्हारा ऐसा खतना हुआ है, जो हाथ से नहीं होता, अर्थात मसीह का खतना, जिस से शारीरिक देह उतार दी जाती है।"
    },
    "verse_number": 11
  },
  {
    "verse_count": "5102012",
    "book_number": "51",
    "chapter_number": "2",
    "book_name": {
      "english": "COLOSSIANS",
      "hindi": "कुलुस्सियों"
    },
    "verse": {
      "english": "Buried with him in baptism, wherein also ye are risen with him through the faith of the operation of God, who hath raised him from the dead.",
      "hindi": "और उसी के साथ बपतिस्मा में गाड़े गए, और उसी में परमेश्वर की शक्ति पर विश्वास करके, जिस ने उस को मरे हुओं में से जिलाया, उसके साथ जी भी उठे।"
    },
    "verse_number": 12
  },
  {
    "verse_count": "5102013",
    "book_number": "51",
    "chapter_number": "2",
    "book_name": {
      "english": "COLOSSIANS",
      "hindi": "कुलुस्सियों"
    },
    "verse": {
      "english": "And you, being dead in your sins and the uncircumcision of your flesh, hath he quickened together with him, having forgiven you all trespasses;",
      "hindi": "और उस ने तुम्हें भी, जो अपने अपराधों, और अपने शरीर की खतनारिहत दशा में मुर्दा थे, उसके साथ जिलाया, और हमारे सब अपराधों को क्षमा किया।"
    },
    "verse_number": 13
  },
  {
    "verse_count": "5102014",
    "book_number": "51",
    "chapter_number": "2",
    "book_name": {
      "english": "COLOSSIANS",
      "hindi": "कुलुस्सियों"
    },
    "verse": {
      "english": "Blotting out the handwriting of ordinances that was against us, which was contrary to us, and took it out of the way, nailing it to his cross;",
      "hindi": "और विधियों का वह लेख जो हमारे नाम पर और हमारे विरोध में था मिटा डाला; और उस को क्रूस पर कीलों से जड़ कर साम्हने से हटा दिया है।"
    },
    "verse_number": 14
  },
  {
    "verse_count": "5102015",
    "book_number": "51",
    "chapter_number": "2",
    "book_name": {
      "english": "COLOSSIANS",
      "hindi": "कुलुस्सियों"
    },
    "verse": {
      "english": "And having spoiled principalities and powers, he made a shew of them openly, triumphing over them in it.",
      "hindi": "और उस ने प्रधानताओं और अधिक्कारों को अपने ऊपर से उतार कर उन का खुल्लमखुल्ला तमाशा बनाया और क्रूस के कारण उन पर जय-जय-कार की ध्वनि सुनाई॥"
    },
    "verse_number": 15
  },
  {
    "verse_count": "5102016",
    "book_number": "51",
    "chapter_number": "2",
    "book_name": {
      "english": "COLOSSIANS",
      "hindi": "कुलुस्सियों"
    },
    "verse": {
      "english": "Let no man therefore judge you in meat, or in drink, or in respect of an holyday, or of the new moon, or of the sabbath days:",
      "hindi": "इसलिये खाने पीने या पर्व या नए चान्द, या सब्तों के विषय में तुम्हारा कोई फैसला न करे।"
    },
    "verse_number": 16
  },
  {
    "verse_count": "5102017",
    "book_number": "51",
    "chapter_number": "2",
    "book_name": {
      "english": "COLOSSIANS",
      "hindi": "कुलुस्सियों"
    },
    "verse": {
      "english": "Which are a shadow of things to come; but the body is of Christ.",
      "hindi": "क्योंकि ये सब आने वाली बातों की छाया हैं, पर मूल वस्तुएं मसीह की हैं।"
    },
    "verse_number": 17
  },
  {
    "verse_count": "5102018",
    "book_number": "51",
    "chapter_number": "2",
    "book_name": {
      "english": "COLOSSIANS",
      "hindi": "कुलुस्सियों"
    },
    "verse": {
      "english": "Let no man beguile you of your reward in a voluntary humility and worshipping of angels, intruding into those things which he hath not seen, vainly puffed up by his fleshly mind,",
      "hindi": "कोई मनुष्य दीनता और स्वर्गदूतों की पूजा करके तुम्हें दौड़ के प्रतिफल से वंचित न करे। ऐसा मनुष्य देखी हुई बातों में लगा रहता है और अपनी शारीरिक समझ पर व्यर्थ फूलता है।"
    },
    "verse_number": 18
  },
  {
    "verse_count": "5102019",
    "book_number": "51",
    "chapter_number": "2",
    "book_name": {
      "english": "COLOSSIANS",
      "hindi": "कुलुस्सियों"
    },
    "verse": {
      "english": "And not holding the Head, from which all the body by joints and bands having nourishment ministered, and knit together, increaseth with the increase of God.",
      "hindi": "और उस शिरोमणि को पकड़े नहीं रहता जिस से सारी देह जोड़ों और पट्ठों के द्वारा पालन-पोषण पाकर और एक साथ गठकर, परमेश्वर की ओर से बढ़ती जाती है॥"
    },
    "verse_number": 19
  },
  {
    "verse_count": "5102020",
    "book_number": "51",
    "chapter_number": "2",
    "book_name": {
      "english": "COLOSSIANS",
      "hindi": "कुलुस्सियों"
    },
    "verse": {
      "english": "Wherefore if ye be dead with Christ from the rudiments of the world, why, as though living in the world, are ye subject to ordinances,",
      "hindi": "जब कि तुम मसीह के साथ संसार की आदि शिक्षा की ओर से मर गए हो, तो फिर उन के समान जो संसार में जीवन बिताते हैं मनुष्यों की आज्ञाओं और शिक्षानुसार"
    },
    "verse_number": 20
  },
  {
    "verse_count": "5102021",
    "book_number": "51",
    "chapter_number": "2",
    "book_name": {
      "english": "COLOSSIANS",
      "hindi": "कुलुस्सियों"
    },
    "verse": {
      "english": "(Touch not; taste not; handle not;",
      "hindi": "और ऐसी विधियों के वश में क्यों रहते हो कि यह न छूना, उसे न चखना, और उसे हाथ न लगाना?"
    },
    "verse_number": 21
  },
  {
    "verse_count": "5102022",
    "book_number": "51",
    "chapter_number": "2",
    "book_name": {
      "english": "COLOSSIANS",
      "hindi": "कुलुस्सियों"
    },
    "verse": {
      "english": "Which all are to perish with the using;) after the commandments and doctrines of men?",
      "hindi": "(क्योंकि ये सब वस्तु काम में लाते लाते नाश हो जाएंगी)।"
    },
    "verse_number": 22
  },
  {
    "verse_count": "5102023",
    "book_number": "51",
    "chapter_number": "2",
    "book_name": {
      "english": "COLOSSIANS",
      "hindi": "कुलुस्सियों"
    },
    "verse": {
      "english": "Which things have indeed a shew of wisdom in will worship, and humility, and neglecting of the body; not in any honour to the satisfying of the flesh.",
      "hindi": "इन विधियों में अपनी इच्छा के अनुसार गढ़ी हुई भक्ति की रीति, और दीनता, और शारीरिक योगाभ्यास के भाव से ज्ञान का नाम तो है, परन्तु शारीरिक लालसाओं को रोकने में इन से कुछ भी लाभ नहीं होता॥"
    },
    "verse_number": 23
  },
  {
    "verse_count": "510301",
    "book_number": "51",
    "chapter_number": "3",
    "book_name": {
      "english": "COLOSSIANS",
      "hindi": "कुलुस्सियों"
    },
    "verse": {
      "english": "If ye then be risen with Christ, seek those things which are above, where Christ sitteth on the right hand of God.",
      "hindi": "सोजब तुम मसीह के साथ जिलाए गए, तो स्वर्गीय वस्तुओं की खोज में रहो, जहां मसीह वर्तमान है और परमेश्वर के दाहिनी ओर बैठा है।"
    },
    "verse_number": 1
  },
  {
    "verse_count": "510302",
    "book_number": "51",
    "chapter_number": "3",
    "book_name": {
      "english": "COLOSSIANS",
      "hindi": "कुलुस्सियों"
    },
    "verse": {
      "english": "Set your affection on things above, not on things on the earth.",
      "hindi": "पृथ्वी पर की नहीं परन्तु स्वर्गीय वस्तुओं पर ध्यान लगाओ।"
    },
    "verse_number": 2
  },
  {
    "verse_count": "510303",
    "book_number": "51",
    "chapter_number": "3",
    "book_name": {
      "english": "COLOSSIANS",
      "hindi": "कुलुस्सियों"
    },
    "verse": {
      "english": "For ye are dead, and your life is hid with Christ in God.",
      "hindi": "क्योंकि तुम तो मर गए, और तुम्हारा जीवन मसीह के साथ परमेश्वर में छिपा हुआ है।"
    },
    "verse_number": 3
  },
  {
    "verse_count": "510304",
    "book_number": "51",
    "chapter_number": "3",
    "book_name": {
      "english": "COLOSSIANS",
      "hindi": "कुलुस्सियों"
    },
    "verse": {
      "english": "When Christ, who is our life, shall appear, then shall ye also appear with him in glory.",
      "hindi": "जब मसीह जो हमारा जीवन है, प्रगट होगा, तब तुम भी उसके साथ महिमा सहित प्रगट किए जाओगे।"
    },
    "verse_number": 4
  },
  {
    "verse_count": "510305",
    "book_number": "51",
    "chapter_number": "3",
    "book_name": {
      "english": "COLOSSIANS",
      "hindi": "कुलुस्सियों"
    },
    "verse": {
      "english": "Mortify therefore your members which are upon the earth; fornication, uncleanness, inordinate affection, evil concupiscence, and covetousness, which is idolatry:",
      "hindi": "इसलिये अपने उन अंगो को मार डालो, जो पृथ्वी पर हैं, अर्थात व्यभिचार, अशुद्धता, दुष्कामना, बुरी लालसा और लोभ को जो मूर्ति पूजा के बराबर है।"
    },
    "verse_number": 5
  },
  {
    "verse_count": "510306",
    "book_number": "51",
    "chapter_number": "3",
    "book_name": {
      "english": "COLOSSIANS",
      "hindi": "कुलुस्सियों"
    },
    "verse": {
      "english": "For which things' sake the wrath of God cometh on the children of disobedience:",
      "hindi": "इन ही के कारण परमेश्वर का प्रकोप आज्ञा न मानने वालों पर पड़ता है।"
    },
    "verse_number": 6
  },
  {
    "verse_count": "510307",
    "book_number": "51",
    "chapter_number": "3",
    "book_name": {
      "english": "COLOSSIANS",
      "hindi": "कुलुस्सियों"
    },
    "verse": {
      "english": "In the which ye also walked some time, when ye lived in them.",
      "hindi": "और तुम भी, जब इन बुराइयों में जीवन बिताते थे, तो इन्हीं के अनुसार चलते थे।"
    },
    "verse_number": 7
  },
  {
    "verse_count": "510308",
    "book_number": "51",
    "chapter_number": "3",
    "book_name": {
      "english": "COLOSSIANS",
      "hindi": "कुलुस्सियों"
    },
    "verse": {
      "english": "But now ye also put off all these; anger, wrath, malice, blasphemy, filthy communication out of your mouth.",
      "hindi": "पर अब तुम भी इन सब को अर्थात क्रोध, रोष, बैरभाव, निन्दा, और मुंह से गालियां बकना ये सब बातें छोड़ दो।"
    },
    "verse_number": 8
  },
  {
    "verse_count": "510309",
    "book_number": "51",
    "chapter_number": "3",
    "book_name": {
      "english": "COLOSSIANS",
      "hindi": "कुलुस्सियों"
    },
    "verse": {
      "english": "Lie not one to another, seeing that ye have put off the old man with his deeds;",
      "hindi": "एक दूसरे से झूठ मत बोलो क्योंकि तुम ने पुराने मनुष्यत्व को उसके कामों समेत उतार डाला है।"
    },
    "verse_number": 9
  },
  {
    "verse_count": "5103010",
    "book_number": "51",
    "chapter_number": "3",
    "book_name": {
      "english": "COLOSSIANS",
      "hindi": "कुलुस्सियों"
    },
    "verse": {
      "english": "And have put on the new man, which is renewed in knowledge after the image of him that created him:",
      "hindi": "और नए मनुष्यत्व को पहिन लिया है जो अपने सृजनहार के स्वरूप के अनुसार ज्ञान प्राप्त करने के लिये नया बनता जाता है।"
    },
    "verse_number": 10
  },
  {
    "verse_count": "5103011",
    "book_number": "51",
    "chapter_number": "3",
    "book_name": {
      "english": "COLOSSIANS",
      "hindi": "कुलुस्सियों"
    },
    "verse": {
      "english": "Where there is neither Greek nor Jew, circumcision nor uncircumcision, Barbarian, Scythian, bond nor free: but Christ is all, and in all.",
      "hindi": "उस में न तो यूनानी रहा, न यहूदी, न खतना, न खतनारिहत, न जंगली, न स्कूती, न दास और न स्वतंत्र: केवल मसीह सब कुछ और सब में है॥"
    },
    "verse_number": 11
  },
  {
    "verse_count": "5103012",
    "book_number": "51",
    "chapter_number": "3",
    "book_name": {
      "english": "COLOSSIANS",
      "hindi": "कुलुस्सियों"
    },
    "verse": {
      "english": "Put on therefore, as the elect of God, holy and beloved, bowels of mercies, kindness, humbleness of mind, meekness, longsuffering;",
      "hindi": "इसलिये परमेश्वर के चुने हुओं की नाईं जो पवित्र और प्रिय हैं, बड़ी करूणा, और भलाई, और दीनता, और नम्रता, और सहनशीलता धारण करो।"
    },
    "verse_number": 12
  },
  {
    "verse_count": "5103013",
    "book_number": "51",
    "chapter_number": "3",
    "book_name": {
      "english": "COLOSSIANS",
      "hindi": "कुलुस्सियों"
    },
    "verse": {
      "english": "Forbearing one another, and forgiving one another, if any man have a quarrel against any: even as Christ forgave you, so also do ye.",
      "hindi": "और यदि किसी को किसी पर दोष देने को कोई कारण हो, तो एक दूसरे की सह लो, और एक दूसरे के अपराध क्षमा करो: जैसे प्रभु ने तुम्हारे अपराध क्षमा किए, वैसे ही तुम भी करो।"
    },
    "verse_number": 13
  },
  {
    "verse_count": "5103014",
    "book_number": "51",
    "chapter_number": "3",
    "book_name": {
      "english": "COLOSSIANS",
      "hindi": "कुलुस्सियों"
    },
    "verse": {
      "english": "And above all these things put on charity, which is the bond of perfectness.",
      "hindi": "और इन सब के ऊपर प्रेम को जो सिद्धता का कटिबन्ध है बान्ध लो।"
    },
    "verse_number": 14
  },
  {
    "verse_count": "5103015",
    "book_number": "51",
    "chapter_number": "3",
    "book_name": {
      "english": "COLOSSIANS",
      "hindi": "कुलुस्सियों"
    },
    "verse": {
      "english": "And let the peace of God rule in your hearts, to the which also ye are called in one body; and be ye thankful.",
      "hindi": "और मसीह की शान्ति जिस के लिये तुम एक देह होकर बुलाए भी गए हो, तुम्हारे हृदय में राज्य करे, और तुम धन्यवादी बने रहो।"
    },
    "verse_number": 15
  },
  {
    "verse_count": "5103016",
    "book_number": "51",
    "chapter_number": "3",
    "book_name": {
      "english": "COLOSSIANS",
      "hindi": "कुलुस्सियों"
    },
    "verse": {
      "english": "Let the word of Christ dwell in you richly in all wisdom; teaching and admonishing one another in psalms and hymns and spiritual songs, singing with grace in your hearts to the Lord.",
      "hindi": "मसीह के वचन को अपने हृदय में अधिकाई से बसने दो; और सिद्ध ज्ञान सहित एक दूसरे को सिखाओ, और चिताओ, और अपने अपने मन में अनुग्रह के साथ परमेश्वर के लिये भजन और स्तुतिगान और आत्मिक गीत गाओ।"
    },
    "verse_number": 16
  },
  {
    "verse_count": "5103017",
    "book_number": "51",
    "chapter_number": "3",
    "book_name": {
      "english": "COLOSSIANS",
      "hindi": "कुलुस्सियों"
    },
    "verse": {
      "english": "And whatsoever ye do in word or deed, do all in the name of the Lord Jesus, giving thanks to God and the Father by him.",
      "hindi": "और वचन से या काम से जो कुछ भी करो सब प्रभु यीशु के नाम से करो, और उसके द्वारा परमेश्वर पिता का धन्यवाद करो॥"
    },
    "verse_number": 17
  },
  {
    "verse_count": "5103018",
    "book_number": "51",
    "chapter_number": "3",
    "book_name": {
      "english": "COLOSSIANS",
      "hindi": "कुलुस्सियों"
    },
    "verse": {
      "english": "Wives, submit yourselves unto your own husbands, as it is fit in the Lord.",
      "hindi": "हे पत्नियों, जेसा प्रभु में उचित है, वैसा ही अपने अपने पति के आधीन रहो।"
    },
    "verse_number": 18
  },
  {
    "verse_count": "5103019",
    "book_number": "51",
    "chapter_number": "3",
    "book_name": {
      "english": "COLOSSIANS",
      "hindi": "कुलुस्सियों"
    },
    "verse": {
      "english": "Husbands, love your wives, and be not bitter against them.",
      "hindi": "हे पतियों, अपनी अपनी पत्नी से प्रेम रखो, और उन से कठोरता न करो।"
    },
    "verse_number": 19
  },
  {
    "verse_count": "5103020",
    "book_number": "51",
    "chapter_number": "3",
    "book_name": {
      "english": "COLOSSIANS",
      "hindi": "कुलुस्सियों"
    },
    "verse": {
      "english": "Children, obey your parents in all things: for this is well pleasing unto the Lord.",
      "hindi": "हे बालको, सब बातों में अपने अपने माता-पिता की आज्ञा का पालन करो, क्योंकि प्रभु इस से प्रसन्न होता है।"
    },
    "verse_number": 20
  },
  {
    "verse_count": "5103021",
    "book_number": "51",
    "chapter_number": "3",
    "book_name": {
      "english": "COLOSSIANS",
      "hindi": "कुलुस्सियों"
    },
    "verse": {
      "english": "Fathers, provoke not your children to anger, lest they be discouraged.",
      "hindi": "हे बच्चे वालो, अपने बालकों को तंग न करो, न हो कि उन का साहस टूट जाए।"
    },
    "verse_number": 21
  },
  {
    "verse_count": "5103022",
    "book_number": "51",
    "chapter_number": "3",
    "book_name": {
      "english": "COLOSSIANS",
      "hindi": "कुलुस्सियों"
    },
    "verse": {
      "english": "Servants, obey in all things your masters according to the flesh; not with eyeservice, as menpleasers; but in singleness of heart, fearing God:",
      "hindi": "हे सेवकों, जो शरीर के अनुसार तुम्हारे स्वामी हैं, सब बातों में उन की आज्ञा का पालन करो, मनुष्यों को प्रसन्न करने वालों की नाईं दिखाने के लिये नहीं, परन्तु मन की सीधाई और परमेश्वर के भय से।"
    },
    "verse_number": 22
  },
  {
    "verse_count": "5103023",
    "book_number": "51",
    "chapter_number": "3",
    "book_name": {
      "english": "COLOSSIANS",
      "hindi": "कुलुस्सियों"
    },
    "verse": {
      "english": "And whatsoever ye do, do it heartily, as to the Lord, and not unto men;",
      "hindi": "और जो कुछ तुम करते हो, तन मन से करो, यह समझ कर कि मनुष्यों के लिये नहीं परन्तु प्रभु के लिये करते हो।"
    },
    "verse_number": 23
  },
  {
    "verse_count": "5103024",
    "book_number": "51",
    "chapter_number": "3",
    "book_name": {
      "english": "COLOSSIANS",
      "hindi": "कुलुस्सियों"
    },
    "verse": {
      "english": "Knowing that of the Lord ye shall receive the reward of the inheritance: for ye serve the Lord Christ.",
      "hindi": "क्योंकि तुम जानते हो कि तुम्हें इस के बदले प्रभु से मीरास मिलेगी: तुम प्रभु मसीह की सेवा करते हो।"
    },
    "verse_number": 24
  },
  {
    "verse_count": "5103025",
    "book_number": "51",
    "chapter_number": "3",
    "book_name": {
      "english": "COLOSSIANS",
      "hindi": "कुलुस्सियों"
    },
    "verse": {
      "english": "But he that doeth wrong shall receive for the wrong which he hath done: and there is no respect of persons.",
      "hindi": "क्योंकि जो बुरा करता है, वह अपनी बुराई का फल पाएगा; वहां किसी का पक्षपात नहीं।"
    },
    "verse_number": 25
  },
  {
    "verse_count": "510401",
    "book_number": "51",
    "chapter_number": "4",
    "book_name": {
      "english": "COLOSSIANS",
      "hindi": "कुलुस्सियों"
    },
    "verse": {
      "english": "Masters, give unto your servants that which is just and equal; knowing that ye also have a Master in heaven.",
      "hindi": "हेस्वामियों, अपने अपने दासों के साथ न्याय और ठीक ठीक व्यवहार करो, यह समझकर कि स्वर्ग में तुम्हारा भी एक स्वामी है॥"
    },
    "verse_number": 1
  },
  {
    "verse_count": "510402",
    "book_number": "51",
    "chapter_number": "4",
    "book_name": {
      "english": "COLOSSIANS",
      "hindi": "कुलुस्सियों"
    },
    "verse": {
      "english": "Continue in prayer, and watch in the same with thanksgiving;",
      "hindi": "प्रार्थना में लगे रहो, और धन्यवाद के साथ उस में जागृत रहो।"
    },
    "verse_number": 2
  },
  {
    "verse_count": "510403",
    "book_number": "51",
    "chapter_number": "4",
    "book_name": {
      "english": "COLOSSIANS",
      "hindi": "कुलुस्सियों"
    },
    "verse": {
      "english": "Withal praying also for us, that God would open unto us a door of utterance, to speak the mystery of Christ, for which I am also in bonds:",
      "hindi": "और इस के साथ ही साथ हमारे लिये भी प्रार्थना करते रहो, कि परमेश्वर हमारे लिये वचन सुनाने का ऐसा द्वार खोल दे, कि हम मसीह के उस भेद का वर्णन कर सकें जिस के कारण मैं कैद में हूं।"
    },
    "verse_number": 3
  },
  {
    "verse_count": "510404",
    "book_number": "51",
    "chapter_number": "4",
    "book_name": {
      "english": "COLOSSIANS",
      "hindi": "कुलुस्सियों"
    },
    "verse": {
      "english": "That I may make it manifest, as I ought to speak.",
      "hindi": "और उसे ऐसा प्रगट करूं, जैसा मुझे करना उचित है।"
    },
    "verse_number": 4
  },
  {
    "verse_count": "510405",
    "book_number": "51",
    "chapter_number": "4",
    "book_name": {
      "english": "COLOSSIANS",
      "hindi": "कुलुस्सियों"
    },
    "verse": {
      "english": "Walk in wisdom toward them that are without, redeeming the time.",
      "hindi": "अवसर को बहुमूल्य समझ कर बाहर वालों के साथ बुद्धिमानी से बर्ताव करो।"
    },
    "verse_number": 5
  },
  {
    "verse_count": "510406",
    "book_number": "51",
    "chapter_number": "4",
    "book_name": {
      "english": "COLOSSIANS",
      "hindi": "कुलुस्सियों"
    },
    "verse": {
      "english": "Let your speech be alway with grace, seasoned with salt, that ye may know how ye ought to answer every man.",
      "hindi": "तुम्हारा वचन सदा अनुग्रह सहित और सलोना हो, कि तुम्हें हर मनुष्य को उचित रीति से उत्तर देना आ जाए।"
    },
    "verse_number": 6
  },
  {
    "verse_count": "510407",
    "book_number": "51",
    "chapter_number": "4",
    "book_name": {
      "english": "COLOSSIANS",
      "hindi": "कुलुस्सियों"
    },
    "verse": {
      "english": "All my state shall Tychicus declare unto you, who is a beloved brother, and a faithful minister and fellowservant in the Lord:",
      "hindi": "प्रिय भाई और विश्वासयोग्य सेवक, तुखिकुस जो प्रभु में मेरा सहकर्मी है, मेरी सब बातें तुम्हें बता देगा।"
    },
    "verse_number": 7
  },
  {
    "verse_count": "510408",
    "book_number": "51",
    "chapter_number": "4",
    "book_name": {
      "english": "COLOSSIANS",
      "hindi": "कुलुस्सियों"
    },
    "verse": {
      "english": "Whom I have sent unto you for the same purpose, that he might know your estate, and comfort your hearts;",
      "hindi": "उसे मैं ने इसलिये तुम्हारे पास भेजा है, कि तुम्हें हमारी दशा मालूम हो जाए और वह तुम्हारे हृदयों को शान्ति दे।"
    },
    "verse_number": 8
  },
  {
    "verse_count": "510409",
    "book_number": "51",
    "chapter_number": "4",
    "book_name": {
      "english": "COLOSSIANS",
      "hindi": "कुलुस्सियों"
    },
    "verse": {
      "english": "With Onesimus, a faithful and beloved brother, who is one of you. They shall make known unto you all things which are done here.",
      "hindi": "और उसके साथ उनेसिमुस को भी भेजा है जो विश्वास योग्य और प्रिय भाई और तुम ही में से है, ये तुम्हें यहां की सारी बातें बता देंगे॥"
    },
    "verse_number": 9
  },
  {
    "verse_count": "5104010",
    "book_number": "51",
    "chapter_number": "4",
    "book_name": {
      "english": "COLOSSIANS",
      "hindi": "कुलुस्सियों"
    },
    "verse": {
      "english": "Aristarchus my fellowprisoner saluteth you, and Marcus, sister's son to Barnabas, (touching whom ye received commandments: if he come unto you, receive him;)",
      "hindi": "अरिस्तर्खुस जो मेरे साथ कैदी है, और मरकुस जो बरनबा का भाई लगता है। (जिस के विषय में तुम ने आज्ञा पाई थी कि यदि वह तुम्हारे पास आए, तो उस से अच्छी तरह व्यवहार करना।)"
    },
    "verse_number": 10
  },
  {
    "verse_count": "5104011",
    "book_number": "51",
    "chapter_number": "4",
    "book_name": {
      "english": "COLOSSIANS",
      "hindi": "कुलुस्सियों"
    },
    "verse": {
      "english": "And Jesus, which is called Justus, who are of the circumcision. These only are my fellowworkers unto the kingdom of God, which have been a comfort unto me.",
      "hindi": "और यीशु जो यूस्तुस कहलाता है, तुम्हें नमस्कार कहते हैं। खतना किए हुए लोगों में से केवल ये ही परमेश्वर के राज्य के लिये मेरे सहकर्मी और मेरी शान्ति का कारण रहे हैं।"
    },
    "verse_number": 11
  },
  {
    "verse_count": "5104012",
    "book_number": "51",
    "chapter_number": "4",
    "book_name": {
      "english": "COLOSSIANS",
      "hindi": "कुलुस्सियों"
    },
    "verse": {
      "english": "Epaphras, who is one of you, a servant of Christ, saluteth you, always labouring fervently for you in prayers, that ye may stand perfect and complete in all the will of God.",
      "hindi": "इपफ्रास जो तुम में से है, और मसीह यीशु का दास है, तुम से नमस्कार कहता है और सदा तुम्हारे लिये प्रार्थनाओं में प्रयत्न करता है, ताकि तुम सिद्ध होकर पूर्ण विश्वास के साथ परमेश्वर की इच्छा पर स्थिर रहो।"
    },
    "verse_number": 12
  },
  {
    "verse_count": "5104013",
    "book_number": "51",
    "chapter_number": "4",
    "book_name": {
      "english": "COLOSSIANS",
      "hindi": "कुलुस्सियों"
    },
    "verse": {
      "english": "For I bear him record, that he hath a great zeal for you, and them that are in Laodicea, and them in Hierapolis.",
      "hindi": "मैं उसका गवाह हूं, कि वह तुम्हारे लिये और लौदीकिया और हियरापुलिस वालों के लिये बड़ा यत्न करता रहता है।"
    },
    "verse_number": 13
  },
  {
    "verse_count": "5104014",
    "book_number": "51",
    "chapter_number": "4",
    "book_name": {
      "english": "COLOSSIANS",
      "hindi": "कुलुस्सियों"
    },
    "verse": {
      "english": "Luke, the beloved physician, and Demas, greet you.",
      "hindi": "प्रिय वैद्य लूका और देमास का तुम्हें नमस्कार।"
    },
    "verse_number": 14
  },
  {
    "verse_count": "5104015",
    "book_number": "51",
    "chapter_number": "4",
    "book_name": {
      "english": "COLOSSIANS",
      "hindi": "कुलुस्सियों"
    },
    "verse": {
      "english": "Salute the brethren which are in Laodicea, and Nymphas, and the church which is in his house.",
      "hindi": "लौदीकिया के भाइयों को और तुमफास और उन के घर की कलीसिया को नमस्कार कहना।"
    },
    "verse_number": 15
  },
  {
    "verse_count": "5104016",
    "book_number": "51",
    "chapter_number": "4",
    "book_name": {
      "english": "COLOSSIANS",
      "hindi": "कुलुस्सियों"
    },
    "verse": {
      "english": "And when this epistle is read among you, cause that it be read also in the church of the Laodiceans; and that ye likewise read the epistle from Laodicea.",
      "hindi": "और जब यह पत्र तुम्हारे यहां पढ़ लिया जाए, तो ऐसा करना कि लौदीकिया की कलीसिया में भी पढ़ा जाए, और वह पत्र जो लौदीकिया से आए उसे तुम भी पढ़ना।"
    },
    "verse_number": 16
  },
  {
    "verse_count": "5104017",
    "book_number": "51",
    "chapter_number": "4",
    "book_name": {
      "english": "COLOSSIANS",
      "hindi": "कुलुस्सियों"
    },
    "verse": {
      "english": "And say to Archippus, Take heed to the ministry which thou hast received in the Lord, that thou fulfil it.",
      "hindi": "फिर अखिर्प्पुस से कहना कि जो सेवा प्रभु में तुझे सौंपी गई है, उसे सावधानी के साथ पूरी करना॥"
    },
    "verse_number": 17
  },
  {
    "verse_count": "5104018",
    "book_number": "51",
    "chapter_number": "4",
    "book_name": {
      "english": "COLOSSIANS",
      "hindi": "कुलुस्सियों"
    },
    "verse": {
      "english": "The salutation by the hand of me Paul. Remember my bonds. Grace be with you. Amen.",
      "hindi": "मुझ पौलुस का अपने हाथ से लिखा हुआ नमस्कार। मेरी जंजीरों को स्मरण रखना; तुम पर अनुग्रह होता रहे। आमीन॥"
    },
    "verse_number": 18
  }
]