[
  {
    "verse_count": "600101",
    "book_number": "60",
    "chapter_number": "1",
    "book_name": {
      "english": "1 PETER",
      "hindi": "1 पतरस"
    },
    "verse": {
      "english": "Peter, an apostle of Jesus Christ, to the strangers scattered throughout Pontus, Galatia, Cappadocia, Asia, and Bithynia,",
      "hindi": "पतरस की ओर से जो यीशु मसीह का प्रेरित है, उन परदेशियों के नाम, जो पुन्तुस, गलतिया, कप्पदुकिया, आसिया, और बिथुनिया में तित्तर बित्तर होकर रहते हैं।"
    },
    "verse_number": 1
  },
  {
    "verse_count": "600102",
    "book_number": "60",
    "chapter_number": "1",
    "book_name": {
      "english": "1 PETER",
      "hindi": "1 पतरस"
    },
    "verse": {
      "english": "Elect according to the foreknowledge of God the Father, through sanctification of the Spirit, unto obedience and sprinkling of the blood of Jesus Christ: Grace unto you, and peace, be multiplied.",
      "hindi": "और परमेश्वर पिता के भविष्य ज्ञान के अनुसार, आत्मा के पवित्र करने के द्वारा आज्ञा मानने, और यीशु मसीह के लोहू के छिड़के जाने के लिये चुने गए हैं। तुम्हें अत्यन्त अनुग्रह और शान्ति मिलती रहे॥"
    },
    "verse_number": 2
  },
  {
    "verse_count": "600103",
    "book_number": "60",
    "chapter_number": "1",
    "book_name": {
      "english": "1 PETER",
      "hindi": "1 पतरस"
    },
    "verse": {
      "english": "Blessed be the God and Father of our Lord Jesus Christ, which according to his abundant mercy hath begotten us again unto a lively hope by the resurrection of Jesus Christ from the dead,",
      "hindi": "हमारे प्रभु यीशु मसीह के परमेश्वर और पिता का धन्यवाद दो, जिस ने यीशु मसीह के हुओं में से जी उठने के द्वारा, अपनी बड़ी दया से हमें जीवित आशा के लिये नया जन्म दिया।"
    },
    "verse_number": 3
  },
  {
    "verse_count": "600104",
    "book_number": "60",
    "chapter_number": "1",
    "book_name": {
      "english": "1 PETER",
      "hindi": "1 पतरस"
    },
    "verse": {
      "english": "To an inheritance incorruptible, and undefiled, and that fadeth not away, reserved in heaven for you,",
      "hindi": "अर्थात एक अविनाशी और निर्मल, और अजर मीरास के लिये।"
    },
    "verse_number": 4
  },
  {
    "verse_count": "600105",
    "book_number": "60",
    "chapter_number": "1",
    "book_name": {
      "english": "1 PETER",
      "hindi": "1 पतरस"
    },
    "verse": {
      "english": "Who are kept by the power of God through faith unto salvation ready to be revealed in the last time.",
      "hindi": "जो तुम्हारे लिये स्वर्ग में रखी है, जिन की रक्षा परमेश्वर की सामर्थ से, विश्वास के द्वारा उस उद्धार के लिये, जो आने वाले समय में प्रगट होने वाली है, की जाती है।"
    },
    "verse_number": 5
  },
  {
    "verse_count": "600106",
    "book_number": "60",
    "chapter_number": "1",
    "book_name": {
      "english": "1 PETER",
      "hindi": "1 पतरस"
    },
    "verse": {
      "english": "Wherein ye greatly rejoice, though now for a season, if need be, ye are in heaviness through manifold temptations:",
      "hindi": "और इस कारण तुम मगन होते हो, यद्यपि अवश्य है कि अब कुछ दिन तक नाना प्रकार की परीक्षाओं के कारण उदास हो।"
    },
    "verse_number": 6
  },
  {
    "verse_count": "600107",
    "book_number": "60",
    "chapter_number": "1",
    "book_name": {
      "english": "1 PETER",
      "hindi": "1 पतरस"
    },
    "verse": {
      "english": "That the trial of your faith, being much more precious than of gold that perisheth, though it be tried with fire, might be found unto praise and honour and glory at the appearing of Jesus Christ:",
      "hindi": "और यह इसलिये है कि तुम्हारा परखा हुआ विश्वास, जो आग से ताए हुए नाशमान सोने से भी कहीं, अधिक बहुमूल्य है, यीशु मसीह के प्रगट होने पर प्रशंसा, और महिमा, और आदर का कारण ठहरे।"
    },
    "verse_number": 7
  },
  {
    "verse_count": "600108",
    "book_number": "60",
    "chapter_number": "1",
    "book_name": {
      "english": "1 PETER",
      "hindi": "1 पतरस"
    },
    "verse": {
      "english": "Whom having not seen, ye love; in whom, though now ye see him not, yet believing, ye rejoice with joy unspeakable and full of glory:",
      "hindi": "उस से तुम बिन देखे प्रेम रखते हो, और अब तो उस पर बिन देखे भी विश्वास करके ऐसे आनन्दित और मगन होते हो, जो वर्णन से बाहर और महिमा से भरा हुआ है।"
    },
    "verse_number": 8
  },
  {
    "verse_count": "600109",
    "book_number": "60",
    "chapter_number": "1",
    "book_name": {
      "english": "1 PETER",
      "hindi": "1 पतरस"
    },
    "verse": {
      "english": "Receiving the end of your faith, even the salvation of your souls.",
      "hindi": "और अपने विश्वास का प्रतिफल अर्थात आत्माओं का उद्धार प्राप्त करते हो।"
    },
    "verse_number": 9
  },
  {
    "verse_count": "6001010",
    "book_number": "60",
    "chapter_number": "1",
    "book_name": {
      "english": "1 PETER",
      "hindi": "1 पतरस"
    },
    "verse": {
      "english": "Of which salvation the prophets have enquired and searched diligently, who prophesied of the grace that should come unto you:",
      "hindi": "इसी उद्धार के विषय में उन भविष्यद्वक्ताओं ने बहुत ढूंढ़-ढांढ़ और जांच-पड़ताल की, जिन्हों ने उस अनुग्रह के विषय में जो तुम पर होने को था, भविष्यद्वाणी की थी।"
    },
    "verse_number": 10
  },
  {
    "verse_count": "6001011",
    "book_number": "60",
    "chapter_number": "1",
    "book_name": {
      "english": "1 PETER",
      "hindi": "1 पतरस"
    },
    "verse": {
      "english": "Searching what, or what manner of time the Spirit of Christ which was in them did signify, when it testified beforehand the sufferings of Christ, and the glory that should follow.",
      "hindi": "उन्होंने इस बात की खोज की कि मसीह का आत्मा जो उन में था, और पहिले ही से मसीह के दुखों की और उन के बाद होने वाली महिमा की गवाही देता था, वह कौन से और कैसे समय की ओर संकेत करता था।"
    },
    "verse_number": 11
  },
  {
    "verse_count": "6001012",
    "book_number": "60",
    "chapter_number": "1",
    "book_name": {
      "english": "1 PETER",
      "hindi": "1 पतरस"
    },
    "verse": {
      "english": "Unto whom it was revealed, that not unto themselves, but unto us they did minister the things, which are now reported unto you by them that have preached the gospel unto you with the Holy Ghost sent down from heaven; which things the angels desire to look into.",
      "hindi": "उन पर यह प्रगट किया गया, कि वे अपनी नहीं वरन तुम्हारी सेवा के लिये ये बातें कहा करते थे, जिन का समाचार अब तुम्हें उन के द्वारा मिला जिन्हों ने पवित्र आत्मा के द्वारा जो स्वर्ग से भेजा गया: तुम्हें सुसमाचार सुनाया, और इन बातों को स्वर्गदूत भी ध्यान से देखने की लालसा रखते हैं॥"
    },
    "verse_number": 12
  },
  {
    "verse_count": "6001013",
    "book_number": "60",
    "chapter_number": "1",
    "book_name": {
      "english": "1 PETER",
      "hindi": "1 पतरस"
    },
    "verse": {
      "english": "Wherefore gird up the loins of your mind, be sober, and hope to the end for the grace that is to be brought unto you at the revelation of Jesus Christ;",
      "hindi": "इस कारण अपनी अपनी बुद्धि की कमर बान्धकर, और सचेत रहकर उस अनुग्रह की पूरी आशा रखो, जो यीशु मसीह के प्रगट होने के समय तुम्हें मिलने वाला है।"
    },
    "verse_number": 13
  },
  {
    "verse_count": "6001014",
    "book_number": "60",
    "chapter_number": "1",
    "book_name": {
      "english": "1 PETER",
      "hindi": "1 पतरस"
    },
    "verse": {
      "english": "As obedient children, not fashioning yourselves according to the former lusts in your ignorance:",
      "hindi": "और आज्ञाकारी बालकों की नाईं अपनी अज्ञानता के समय की पुरानी अभिलाषाओं के सदृश न बनो।"
    },
    "verse_number": 14
  },
  {
    "verse_count": "6001015",
    "book_number": "60",
    "chapter_number": "1",
    "book_name": {
      "english": "1 PETER",
      "hindi": "1 पतरस"
    },
    "verse": {
      "english": "But as he which hath called you is holy, so be ye holy in all manner of conversation;",
      "hindi": "पर जैसा तुम्हारा बुलाने वाला पवित्र है, वैसे ही तुम भी अपने सारे चाल चलन में पवित्र बनो।"
    },
    "verse_number": 15
  },
  {
    "verse_count": "6001016",
    "book_number": "60",
    "chapter_number": "1",
    "book_name": {
      "english": "1 PETER",
      "hindi": "1 पतरस"
    },
    "verse": {
      "english": "Because it is written, Be ye holy; for I am holy.",
      "hindi": "क्योंकि लिखा है, कि पवित्र बनो, क्योंकि मैं पवित्र हूं।"
    },
    "verse_number": 16
  },
  {
    "verse_count": "6001017",
    "book_number": "60",
    "chapter_number": "1",
    "book_name": {
      "english": "1 PETER",
      "hindi": "1 पतरस"
    },
    "verse": {
      "english": "And if ye call on the Father, who without respect of persons judgeth according to every man's work, pass the time of your sojourning here in fear:",
      "hindi": "और जब कि तुम, हे पिता, कह कर उस से प्रार्थना करते हो, जो बिना पक्षपात हर एक के काम के अनुसार न्याय करता है, तो अपने परदेशी होने का समय भय से बिताओ।"
    },
    "verse_number": 17
  },
  {
    "verse_count": "6001018",
    "book_number": "60",
    "chapter_number": "1",
    "book_name": {
      "english": "1 PETER",
      "hindi": "1 पतरस"
    },
    "verse": {
      "english": "Forasmuch as ye know that ye were not redeemed with corruptible things, as silver and gold, from your vain conversation received by tradition from your fathers;",
      "hindi": "क्योंकि तुम जानते हो, कि तुम्हारा निकम्मा चाल-चलन जो बाप दादों से चला आता है उस से तुम्हारा छुटकारा चान्दी सोने अर्थात नाशमान वस्तुओं के द्वारा नहीं हुआ।"
    },
    "verse_number": 18
  },
  {
    "verse_count": "6001019",
    "book_number": "60",
    "chapter_number": "1",
    "book_name": {
      "english": "1 PETER",
      "hindi": "1 पतरस"
    },
    "verse": {
      "english": "But with the precious blood of Christ, as of a lamb without blemish and without spot:",
      "hindi": "पर निर्दोष और निष्कलंक मेम्ने अर्थात मसीह के बहुमूल्य लोहू के द्वारा हुआ।"
    },
    "verse_number": 19
  },
  {
    "verse_count": "6001020",
    "book_number": "60",
    "chapter_number": "1",
    "book_name": {
      "english": "1 PETER",
      "hindi": "1 पतरस"
    },
    "verse": {
      "english": "Who verily was foreordained before the foundation of the world, but was manifest in these last times for you,",
      "hindi": "उसका ज्ञान तो जगत की उत्पत्ति के पहिले ही से जाना गया था, पर अब इस अन्तिम युग में तुम्हारे लिये प्रगट हुआ।"
    },
    "verse_number": 20
  },
  {
    "verse_count": "6001021",
    "book_number": "60",
    "chapter_number": "1",
    "book_name": {
      "english": "1 PETER",
      "hindi": "1 पतरस"
    },
    "verse": {
      "english": "Who by him do believe in God, that raised him up from the dead, and gave him glory; that your faith and hope might be in God.",
      "hindi": "जो उसके द्वारा उस परमेश्वर पर विश्वास करते हो, जिस ने उसे मरे हुओं में से जिलाया, और महिमा दी; कि तुम्हारा विश्वास और आशा परमेश्वर पर हो।"
    },
    "verse_number": 21
  },
  {
    "verse_count": "6001022",
    "book_number": "60",
    "chapter_number": "1",
    "book_name": {
      "english": "1 PETER",
      "hindi": "1 पतरस"
    },
    "verse": {
      "english": "Seeing ye have purified your souls in obeying the truth through the Spirit unto unfeigned love of the brethren, see that ye love one another with a pure heart fervently:",
      "hindi": "सो जब कि तुम ने भाईचारे की निष्कपट प्रीति के निमित्त सत्य के मानने से अपने मनों को पवित्र किया है, तो तन मन लगा कर एक दूसरे से अधिक प्रेम रखो।"
    },
    "verse_number": 22
  },
  {
    "verse_count": "6001023",
    "book_number": "60",
    "chapter_number": "1",
    "book_name": {
      "english": "1 PETER",
      "hindi": "1 पतरस"
    },
    "verse": {
      "english": "Being born again, not of corruptible seed, but of incorruptible, by the word of God, which liveth and abideth for ever.",
      "hindi": "क्योंकि तुम ने नाशमान नहीं पर अविनाशी बीज से परमेश्वर के जीवते और सदा ठहरने वाले वचन के द्वारा नया जन्म पाया है।"
    },
    "verse_number": 23
  },
  {
    "verse_count": "6001024",
    "book_number": "60",
    "chapter_number": "1",
    "book_name": {
      "english": "1 PETER",
      "hindi": "1 पतरस"
    },
    "verse": {
      "english": "For all flesh is as grass, and all the glory of man as the flower of grass. The grass withereth, and the flower thereof falleth away:",
      "hindi": "क्योंकि हर एक प्राणी घास की नाईं है, और उस की सारी शोभा घास के फूल की नाईं है: घास सूख जाती है, और फूल झड़ जाता है।"
    },
    "verse_number": 24
  },
  {
    "verse_count": "6001025",
    "book_number": "60",
    "chapter_number": "1",
    "book_name": {
      "english": "1 PETER",
      "hindi": "1 पतरस"
    },
    "verse": {
      "english": "But the word of the Lord endureth for ever. And this is the word which by the gospel is preached unto you.",
      "hindi": "परन्तु प्रभु का वचन युगानुयुग स्थिर रहेगा: और यह ही सुसमाचार का वचन है जो तुम्हें सुनाया गया था॥"
    },
    "verse_number": 25
  },
  {
    "verse_count": "600201",
    "book_number": "60",
    "chapter_number": "2",
    "book_name": {
      "english": "1 PETER",
      "hindi": "1 पतरस"
    },
    "verse": {
      "english": "Wherefore laying aside all malice, and all guile, and hypocrisies, and envies, and all evil speakings,",
      "hindi": "इसलिये सब प्रकार का बैर भाव और छल और कपट और डाह और बदनामी को दूर करके।"
    },
    "verse_number": 1
  },
  {
    "verse_count": "600202",
    "book_number": "60",
    "chapter_number": "2",
    "book_name": {
      "english": "1 PETER",
      "hindi": "1 पतरस"
    },
    "verse": {
      "english": "As newborn babes, desire the sincere milk of the word, that ye may grow thereby:",
      "hindi": "नये जन्मे हुए बच्चों की नाईं निर्मल आत्मिक दूध की लालसा करो, ताकि उसके द्वारा उद्धार पाने के लिये बढ़ते जाओ।"
    },
    "verse_number": 2
  },
  {
    "verse_count": "600203",
    "book_number": "60",
    "chapter_number": "2",
    "book_name": {
      "english": "1 PETER",
      "hindi": "1 पतरस"
    },
    "verse": {
      "english": "If so be ye have tasted that the Lord is gracious.",
      "hindi": "यदि तुम ने प्रभु की कृपा का स्वाद चख लिया है।"
    },
    "verse_number": 3
  },
  {
    "verse_count": "600204",
    "book_number": "60",
    "chapter_number": "2",
    "book_name": {
      "english": "1 PETER",
      "hindi": "1 पतरस"
    },
    "verse": {
      "english": "To whom coming, as unto a living stone, disallowed indeed of men, but chosen of God, and precious,",
      "hindi": "उसके पास आकर, जिसे मनुष्यों ने तो निकम्मा ठहराया, परन्तु परमेश्वर के निकट चुना हुआ, और बहुमूल्य जीवता पत्थर है।"
    },
    "verse_number": 4
  },
  {
    "verse_count": "600205",
    "book_number": "60",
    "chapter_number": "2",
    "book_name": {
      "english": "1 PETER",
      "hindi": "1 पतरस"
    },
    "verse": {
      "english": "Ye also, as lively stones, are built up a spiritual house, an holy priesthood, to offer up spiritual sacrifices, acceptable to God by Jesus Christ.",
      "hindi": "तुम भी आप जीवते पत्थरों की नाईं आत्मिक घर बनते जाते हो, जिस से याजकों का पवित्र समाज बन कर, ऐसे आत्मिक बलिदान चढ़ाओ, जो यीशु मसीह के द्वारा परमेश्वर को ग्राह्य हों।"
    },
    "verse_number": 5
  },
  {
    "verse_count": "600206",
    "book_number": "60",
    "chapter_number": "2",
    "book_name": {
      "english": "1 PETER",
      "hindi": "1 पतरस"
    },
    "verse": {
      "english": "Wherefore also it is contained in the scripture, Behold, I lay in Sion a chief corner stone, elect, precious: and he that believeth on him shall not be confounded.",
      "hindi": "इस कारण पवित्र शास्त्र में भी आया है, कि देखो, मैं सिय्योन में कोने के सिरे का चुना हुआ और बहुमूल्य पत्थर धरता हूं: और जो कोई उस पर विश्वास करेगा, वह किसी रीति से लज्ज़ित नहीं होगा।"
    },
    "verse_number": 6
  },
  {
    "verse_count": "600207",
    "book_number": "60",
    "chapter_number": "2",
    "book_name": {
      "english": "1 PETER",
      "hindi": "1 पतरस"
    },
    "verse": {
      "english": "Unto you therefore which believe he is precious: but unto them which be disobedient, the stone which the builders disallowed, the same is made the head of the corner,",
      "hindi": "सो तुम्हारे लिये जो विश्वास करते हो, वह तो बहुमूल्य है, पर जो विश्वास नहीं करते उन के लिये जिस पत्थर को राजमिस्त्रीयों ने निकम्मा ठहराया था, वही कोने का सिरा हो गया।"
    },
    "verse_number": 7
  },
  {
    "verse_count": "600208",
    "book_number": "60",
    "chapter_number": "2",
    "book_name": {
      "english": "1 PETER",
      "hindi": "1 पतरस"
    },
    "verse": {
      "english": "And a stone of stumbling, and a rock of offence, even to them which stumble at the word, being disobedient: whereunto also they were appointed.",
      "hindi": "और ठेस लगने का पत्थर और ठोकर खाने की चट्टान हो गया है: क्योंकि वे तो वचन को न मान कर ठोकर खाते हैं और इसी के लिये वे ठहराए भी गए थे।"
    },
    "verse_number": 8
  },
  {
    "verse_count": "600209",
    "book_number": "60",
    "chapter_number": "2",
    "book_name": {
      "english": "1 PETER",
      "hindi": "1 पतरस"
    },
    "verse": {
      "english": "But ye are a chosen generation, a royal priesthood, an holy nation, a peculiar people; that ye should shew forth the praises of him who hath called you out of darkness into his marvellous light:",
      "hindi": "पर तुम एक चुना हुआ वंश, और राज-पदधारी याजकों का समाज, और पवित्र लोग, और (परमेश्वर की ) निज प्रजा हो, इसलिये कि जिस ने तुम्हें अन्धकार में से अपनी अद्भुत ज्योति में बुलाया है, उसके गुण प्रगट करो।"
    },
    "verse_number": 9
  },
  {
    "verse_count": "6002010",
    "book_number": "60",
    "chapter_number": "2",
    "book_name": {
      "english": "1 PETER",
      "hindi": "1 पतरस"
    },
    "verse": {
      "english": "Which in time past were not a people, but are now the people of God: which had not obtained mercy, but now have obtained mercy.",
      "hindi": "तुम पहिले तो कुछ भी नहीं थे, पर अब परमेश्वर ही प्रजा हो: तुम पर दया नहीं हुई थी पर अब तुम पर दया हुई है॥"
    },
    "verse_number": 10
  },
  {
    "verse_count": "6002011",
    "book_number": "60",
    "chapter_number": "2",
    "book_name": {
      "english": "1 PETER",
      "hindi": "1 पतरस"
    },
    "verse": {
      "english": "Dearly beloved, I beseech you as strangers and pilgrims, abstain from fleshly lusts, which war against the soul;",
      "hindi": "हे प्रियों मैं तुम से बिनती करता हूं, कि तुम अपने आप को परदेशी और यात्री जान कर उस सांसारिक अभिलाषाओं से जो आत्मा से युद्ध करती हैं, बचे रहो।"
    },
    "verse_number": 11
  },
  {
    "verse_count": "6002012",
    "book_number": "60",
    "chapter_number": "2",
    "book_name": {
      "english": "1 PETER",
      "hindi": "1 पतरस"
    },
    "verse": {
      "english": "Having your conversation honest among the Gentiles: that, whereas they speak against you as evildoers, they may by your good works, which they shall behold, glorify God in the day of visitation.",
      "hindi": "अन्यजातियों में तुम्हारा चालचलन भला हो; इसलिये कि जिन जिन बातों में वे तुम्हें कुकर्मी जान कर बदनाम करते हैं, वे तुम्हारे भले कामों को देख कर; उन्हीं के कारण कृपा दृष्टि के दिन परमेश्वर की महिमा करें॥"
    },
    "verse_number": 12
  },
  {
    "verse_count": "6002013",
    "book_number": "60",
    "chapter_number": "2",
    "book_name": {
      "english": "1 PETER",
      "hindi": "1 पतरस"
    },
    "verse": {
      "english": "Submit yourselves to every ordinance of man for the Lord's sake: whether it be to the king, as supreme;",
      "hindi": "प्रभु के लिये मनुष्यों के ठहराए हुए हर एक प्रबन्ध के आधीन में रहो, राजा के इसलिये कि वह सब पर प्रधान है।"
    },
    "verse_number": 13
  },
  {
    "verse_count": "6002014",
    "book_number": "60",
    "chapter_number": "2",
    "book_name": {
      "english": "1 PETER",
      "hindi": "1 पतरस"
    },
    "verse": {
      "english": "Or unto governors, as unto them that are sent by him for the punishment of evildoers, and for the praise of them that do well.",
      "hindi": "और हाकिमों के, क्योंकि वे कुकिर्मयों को दण्ड देने और सुकिर्मयों की प्रशंसा के लिये उसके भेजे हुए हैं।"
    },
    "verse_number": 14
  },
  {
    "verse_count": "6002015",
    "book_number": "60",
    "chapter_number": "2",
    "book_name": {
      "english": "1 PETER",
      "hindi": "1 पतरस"
    },
    "verse": {
      "english": "For so is the will of God, that with well doing ye may put to silence the ignorance of foolish men:",
      "hindi": "क्योंकि परमेश्वर की इच्छा यह है, कि तुम भले काम करने से निर्बुद्धि लोगों की अज्ञानता की बातों को बन्द कर दो।"
    },
    "verse_number": 15
  },
  {
    "verse_count": "6002016",
    "book_number": "60",
    "chapter_number": "2",
    "book_name": {
      "english": "1 PETER",
      "hindi": "1 पतरस"
    },
    "verse": {
      "english": "As free, and not using your liberty for a cloke of maliciousness, but as the servants of God.",
      "hindi": "और अपने आप को स्वतंत्र जानो पर अपनी इस स्वतंत्रता को बुराई के लिये आड़ न बनाओ, परन्तु अपने आप को परमेश्वर के दास समझ कर चलो।"
    },
    "verse_number": 16
  },
  {
    "verse_count": "6002017",
    "book_number": "60",
    "chapter_number": "2",
    "book_name": {
      "english": "1 PETER",
      "hindi": "1 पतरस"
    },
    "verse": {
      "english": "Honour all men. Love the brotherhood. Fear God. Honour the king.",
      "hindi": "सब का आदर करो, भाइयों से प्रेम रखो, परमेश्वर से डरो, राजा का सम्मान करो॥"
    },
    "verse_number": 17
  },
  {
    "verse_count": "6002018",
    "book_number": "60",
    "chapter_number": "2",
    "book_name": {
      "english": "1 PETER",
      "hindi": "1 पतरस"
    },
    "verse": {
      "english": "Servants, be subject to your masters with all fear; not only to the good and gentle, but also to the froward.",
      "hindi": "हे सेवकों, हर प्रकार के भय के साथ अपने स्वामियों के आधीन रहो, न केवल भलों और नम्रों के, पर कुटिलों के भी।"
    },
    "verse_number": 18
  },
  {
    "verse_count": "6002019",
    "book_number": "60",
    "chapter_number": "2",
    "book_name": {
      "english": "1 PETER",
      "hindi": "1 पतरस"
    },
    "verse": {
      "english": "For this is thankworthy, if a man for conscience toward God endure grief, suffering wrongfully.",
      "hindi": "क्योंकि यदि कोई परमेश्वर का विचार करके अन्याय से दुख उठाता हुआ क्लेश सहता है, तो यह सुहावना है।"
    },
    "verse_number": 19
  },
  {
    "verse_count": "6002020",
    "book_number": "60",
    "chapter_number": "2",
    "book_name": {
      "english": "1 PETER",
      "hindi": "1 पतरस"
    },
    "verse": {
      "english": "For what glory is it, if, when ye be buffeted for your faults, ye shall take it patiently? but if, when ye do well, and suffer for it, ye take it patiently, this is acceptable with God.",
      "hindi": "क्योंकि यदि तुम ने अपराध करके घूंसे खाए और धीरज धरा, तो उस में क्या बड़ाई की बात है? पर यदि भला काम करके दुख उठाते हो और धीरज धरते हो, तो यह परमेश्वर को भाता है।"
    },
    "verse_number": 20
  },
  {
    "verse_count": "6002021",
    "book_number": "60",
    "chapter_number": "2",
    "book_name": {
      "english": "1 PETER",
      "hindi": "1 पतरस"
    },
    "verse": {
      "english": "For even hereunto were ye called: because Christ also suffered for us, leaving us an example, that ye should follow his steps:",
      "hindi": "और तुम इसी के लिये बुलाए भी गए हो क्योंकि मसीह भी तुम्हारे लिये दुख उठा कर, तुम्हें एक आदर्श दे गया है, कि तुम भी उसके चिन्ह पर चलो।"
    },
    "verse_number": 21
  },
  {
    "verse_count": "6002022",
    "book_number": "60",
    "chapter_number": "2",
    "book_name": {
      "english": "1 PETER",
      "hindi": "1 पतरस"
    },
    "verse": {
      "english": "Who did no sin, neither was guile found in his mouth:",
      "hindi": "न तो उस ने पाप किया, और न उसके मुंह से छल की कोई बात निकली।"
    },
    "verse_number": 22
  },
  {
    "verse_count": "6002023",
    "book_number": "60",
    "chapter_number": "2",
    "book_name": {
      "english": "1 PETER",
      "hindi": "1 पतरस"
    },
    "verse": {
      "english": "Who, when he was reviled, reviled not again; when he suffered, he threatened not; but committed himself to him that judgeth righteously:",
      "hindi": "वह गाली सुन कर गाली नहीं देता था, और दुख उठा कर किसी को भी धमकी नहीं देता था, पर अपने आप को सच्चे न्यायी के हाथ में सौपता था।"
    },
    "verse_number": 23
  },
  {
    "verse_count": "6002024",
    "book_number": "60",
    "chapter_number": "2",
    "book_name": {
      "english": "1 PETER",
      "hindi": "1 पतरस"
    },
    "verse": {
      "english": "Who his own self bare our sins in his own body on the tree, that we, being dead to sins, should live unto righteousness: by whose stripes ye were healed.",
      "hindi": "वह आप ही हमारे पापों को अपनी देह पर लिए हुए क्रूस पर चढ़ गया जिस से हम पापों के लिये मर कर के धामिर्कता के लिये जीवन बिताएं: उसी के मार खाने से तुम चंगे हुए।"
    },
    "verse_number": 24
  },
  {
    "verse_count": "6002025",
    "book_number": "60",
    "chapter_number": "2",
    "book_name": {
      "english": "1 PETER",
      "hindi": "1 पतरस"
    },
    "verse": {
      "english": "For ye were as sheep going astray; but are now returned unto the Shepherd and Bishop of your souls.",
      "hindi": "क्योंकि तुम पहिले भटकी हुई भेड़ों की नाईं थे, पर अब अपने प्राणों के रखवाले और अध्यक्ष के पास फिर आ गए हो।"
    },
    "verse_number": 25
  },
  {
    "verse_count": "600301",
    "book_number": "60",
    "chapter_number": "3",
    "book_name": {
      "english": "1 PETER",
      "hindi": "1 पतरस"
    },
    "verse": {
      "english": "Likewise, ye wives, be in subjection to your own husbands; that, if any obey not the word, they also may without the word be won by the conversation of the wives;",
      "hindi": "हेपत्नियों, तुम भी अपने पति के आधीन रहो।"
    },
    "verse_number": 1
  },
  {
    "verse_count": "600302",
    "book_number": "60",
    "chapter_number": "3",
    "book_name": {
      "english": "1 PETER",
      "hindi": "1 पतरस"
    },
    "verse": {
      "english": "While they behold your chaste conversation coupled with fear.",
      "hindi": "इसलिये कि यदि इन में से कोई ऐसे हो जो वचन को न मानते हों, तौभी तुम्हारे भय सहित पवित्र चालचलन को देख कर बिना वचन के अपनी अपनी पत्नी के चालचलन के द्वारा खिंच जाएं।"
    },
    "verse_number": 2
  },
  {
    "verse_count": "600303",
    "book_number": "60",
    "chapter_number": "3",
    "book_name": {
      "english": "1 PETER",
      "hindi": "1 पतरस"
    },
    "verse": {
      "english": "Whose adorning let it not be that outward adorning of plaiting the hair, and of wearing of gold, or of putting on of apparel;",
      "hindi": "और तुम्हारा सिंगार, दिखावटी न हो, अर्थात बाल गूंथने, और सोने के गहने, या भांति भांति के कपड़े पहिनना।"
    },
    "verse_number": 3
  },
  {
    "verse_count": "600304",
    "book_number": "60",
    "chapter_number": "3",
    "book_name": {
      "english": "1 PETER",
      "hindi": "1 पतरस"
    },
    "verse": {
      "english": "But let it be the hidden man of the heart, in that which is not corruptible, even the ornament of a meek and quiet spirit, which is in the sight of God of great price.",
      "hindi": "वरन तुम्हारा छिपा हुआ और गुप्त मनुष्यत्व, नम्रता और मन की दीनता की अविनाशी सजावट से सुसज्ज़ित रहे, क्योंकि परमेश्वर की दृष्टि में इसका मूल्य बड़ा है।"
    },
    "verse_number": 4
  },
  {
    "verse_count": "600305",
    "book_number": "60",
    "chapter_number": "3",
    "book_name": {
      "english": "1 PETER",
      "hindi": "1 पतरस"
    },
    "verse": {
      "english": "For after this manner in the old time the holy women also, who trusted in God, adorned themselves, being in subjection unto their own husbands:",
      "hindi": "और पूर्वकाल में पवित्र स्त्रियां भी, जो परमेश्वर पर आशा रखती थीं, अपने आप को इसी रीति से संवारती और अपने अपने पति के आधीन रहती थीं।"
    },
    "verse_number": 5
  },
  {
    "verse_count": "600306",
    "book_number": "60",
    "chapter_number": "3",
    "book_name": {
      "english": "1 PETER",
      "hindi": "1 पतरस"
    },
    "verse": {
      "english": "Even as Sara obeyed Abraham, calling him lord: whose daughters ye are, as long as ye do well, and are not afraid with any amazement.",
      "hindi": "जैसे सारा इब्राहीम की आज्ञा में रहती और उसे स्वामी कहती थी: सो तुम भी यदि भलाई करो, और किसी प्रकार के भय से भयभीत न हो तो उस की बेटियां ठहरोगी॥"
    },
    "verse_number": 6
  },
  {
    "verse_count": "600307",
    "book_number": "60",
    "chapter_number": "3",
    "book_name": {
      "english": "1 PETER",
      "hindi": "1 पतरस"
    },
    "verse": {
      "english": "Likewise, ye husbands, dwell with them according to knowledge, giving honour unto the wife, as unto the weaker vessel, and as being heirs together of the grace of life; that your prayers be not hindered.",
      "hindi": "वैसे ही हे पतियों, तुम भी बुद्धिमानी से पत्नियों के साथ जीवन निर्वाह करो और स्त्री को निर्बल पात्र जान कर उसका आदर करो, यह समझ कर कि हम दोनों जीवन के वरदान के वारिस हैं, जिस से तुम्हारी प्रार्थनाएं रुक न जाएं॥"
    },
    "verse_number": 7
  },
  {
    "verse_count": "600308",
    "book_number": "60",
    "chapter_number": "3",
    "book_name": {
      "english": "1 PETER",
      "hindi": "1 पतरस"
    },
    "verse": {
      "english": "Finally, be ye all of one mind, having compassion one of another, love as brethren, be pitiful, be courteous:",
      "hindi": "निदान, सब के सब एक मन और कृपामय और भाईचारे की प्रीति रखने वाले, और करूणामय, और नम्र बनो।"
    },
    "verse_number": 8
  },
  {
    "verse_count": "600309",
    "book_number": "60",
    "chapter_number": "3",
    "book_name": {
      "english": "1 PETER",
      "hindi": "1 पतरस"
    },
    "verse": {
      "english": "Not rendering evil for evil, or railing for railing: but contrariwise blessing; knowing that ye are thereunto called, that ye should inherit a blessing.",
      "hindi": "बुराई के बदले बुराई मत करो; और न गाली के बदले गाली दो; पर इस के विपरीत आशीष ही दो: क्योंकि तुम आशीष के वारिस होने के लिये बुलाए गए हो।"
    },
    "verse_number": 9
  },
  {
    "verse_count": "6003010",
    "book_number": "60",
    "chapter_number": "3",
    "book_name": {
      "english": "1 PETER",
      "hindi": "1 पतरस"
    },
    "verse": {
      "english": "For he that will love life, and see good days, let him refrain his tongue from evil, and his lips that they speak no guile:",
      "hindi": "क्योंकि जो कोई जीवन की इच्छा रखता है, और अच्छे दिन देखना चाहता है, वह अपनी जीभ को बुराई से, और अपने होंठों को छल की बातें करने से रोके रहे।"
    },
    "verse_number": 10
  },
  {
    "verse_count": "6003011",
    "book_number": "60",
    "chapter_number": "3",
    "book_name": {
      "english": "1 PETER",
      "hindi": "1 पतरस"
    },
    "verse": {
      "english": "Let him eschew evil, and do good; let him seek peace, and ensue it.",
      "hindi": "वह बुराई का साथ छोड़े, और भलाई ही करे; वह मेल मिलाप को ढूंढ़े, और उस के यत्न में रहे।"
    },
    "verse_number": 11
  },
  {
    "verse_count": "6003012",
    "book_number": "60",
    "chapter_number": "3",
    "book_name": {
      "english": "1 PETER",
      "hindi": "1 पतरस"
    },
    "verse": {
      "english": "For the eyes of the Lord are over the righteous, and his ears are open unto their prayers: but the face of the Lord is against them that do evil.",
      "hindi": "क्योंकि प्रभु की आंखे धमिर्यों पर लगी रहती हैं, और उसके कान उन की बिनती की ओर लगे रहते हैं, परन्तु प्रभु बुराई करने वालों के विमुख रहता है॥"
    },
    "verse_number": 12
  },
  {
    "verse_count": "6003013",
    "book_number": "60",
    "chapter_number": "3",
    "book_name": {
      "english": "1 PETER",
      "hindi": "1 पतरस"
    },
    "verse": {
      "english": "And who is he that will harm you, if ye be followers of that which is good?",
      "hindi": "और यदि तुम भलाई करने में उत्तेजित रहो तो तुम्हारी बुराई करने वाला फिर कौन है?"
    },
    "verse_number": 13
  },
  {
    "verse_count": "6003014",
    "book_number": "60",
    "chapter_number": "3",
    "book_name": {
      "english": "1 PETER",
      "hindi": "1 पतरस"
    },
    "verse": {
      "english": "But and if ye suffer for righteousness' sake, happy are ye: and be not afraid of their terror, neither be troubled;",
      "hindi": "और यदि तुम धर्म के कारण दुख भी उठाओ, तो धन्य हो; पर उन के डराने से मत डरो, और न घबराओ।"
    },
    "verse_number": 14
  },
  {
    "verse_count": "6003015",
    "book_number": "60",
    "chapter_number": "3",
    "book_name": {
      "english": "1 PETER",
      "hindi": "1 पतरस"
    },
    "verse": {
      "english": "But sanctify the Lord God in your hearts: and be ready always to give an answer to every man that asketh you a reason of the hope that is in you with meekness and fear:",
      "hindi": "पर मसीह को प्रभु जान कर अपने अपने मन में पवित्र समझो, और जो कोई तुम से तुम्हारी आशा के विषय में कुछ पूछे, तो उसे उत्तर देने के लिये सर्वदा तैयार रहो, पर नम्रता और भय के साथ।"
    },
    "verse_number": 15
  },
  {
    "verse_count": "6003016",
    "book_number": "60",
    "chapter_number": "3",
    "book_name": {
      "english": "1 PETER",
      "hindi": "1 पतरस"
    },
    "verse": {
      "english": "Having a good conscience; that, whereas they speak evil of you, as of evildoers, they may be ashamed that falsely accuse your good conversation in Christ.",
      "hindi": "और विवेक भी शुद्ध रखो, इसलिये कि जिन बातों के विषय में तुम्हारी बदनामी होती है उनके विषय में वे, जो तुम्हारे मसीही अच्छे चालचलन का अपमान करते हैं लज्ज़ित हों।"
    },
    "verse_number": 16
  },
  {
    "verse_count": "6003017",
    "book_number": "60",
    "chapter_number": "3",
    "book_name": {
      "english": "1 PETER",
      "hindi": "1 पतरस"
    },
    "verse": {
      "english": "For it is better, if the will of God be so, that ye suffer for well doing, than for evil doing.",
      "hindi": "क्योंकि यदि परमेश्वर की यही इच्छा हो, कि तुम भलाई करने के कारण दुख उठाओ, तो यह बुराई करने के कारण दुख उठाने से उत्तम है।"
    },
    "verse_number": 17
  },
  {
    "verse_count": "6003018",
    "book_number": "60",
    "chapter_number": "3",
    "book_name": {
      "english": "1 PETER",
      "hindi": "1 पतरस"
    },
    "verse": {
      "english": "For Christ also hath once suffered for sins, the just for the unjust, that he might bring us to God, being put to death in the flesh, but quickened by the Spirit:",
      "hindi": "इसलिये कि मसीह ने भी, अर्थात अधमिर्यों के लिये धर्मी ने पापों के कारण एक बार दुख उठाया, ताकि हमें परमेश्वर के पास पहुंचाए: वह शरीर के भाव से तो घात किया गया, पर आत्मा के भाव से जिलाया गया।"
    },
    "verse_number": 18
  },
  {
    "verse_count": "6003019",
    "book_number": "60",
    "chapter_number": "3",
    "book_name": {
      "english": "1 PETER",
      "hindi": "1 पतरस"
    },
    "verse": {
      "english": "By which also he went and preached unto the spirits in prison;",
      "hindi": "उसी में उस ने जाकर कैदी आत्माओं को भी प्रचार किया।"
    },
    "verse_number": 19
  },
  {
    "verse_count": "6003020",
    "book_number": "60",
    "chapter_number": "3",
    "book_name": {
      "english": "1 PETER",
      "hindi": "1 पतरस"
    },
    "verse": {
      "english": "Which sometime were disobedient, when once the longsuffering of God waited in the days of Noah, while the ark was a preparing, wherein few, that is, eight souls were saved by water.",
      "hindi": "जिन्होंने उस बीते समय में आज्ञा न मानी जब परमेश्वर नूह के दिनों में धीरज धर कर ठहरा रहा, और वह जहाज बन रहा था, जिस में बैठकर थोड़े लोग अर्थात आठ प्राणी पानी के द्वारा बच गए।"
    },
    "verse_number": 20
  },
  {
    "verse_count": "6003021",
    "book_number": "60",
    "chapter_number": "3",
    "book_name": {
      "english": "1 PETER",
      "hindi": "1 पतरस"
    },
    "verse": {
      "english": "The like figure whereunto even baptism doth also now save us (not the putting away of the filth of the flesh, but the answer of a good conscience toward God,) by the resurrection of Jesus Christ:",
      "hindi": "और उसी पानी का दृष्टान्त भी, अर्थात बपतिस्मा, यीशु मसीह के जी उठने के द्वारा, अब तुम्हें बचाता है; ( उस से शरीर के मैल को दूर करने का अर्थ नहीं है, परन्तु शुद्ध विवेक से परमेश्वर के वश में हो जाने का अर्थ है )।"
    },
    "verse_number": 21
  },
  {
    "verse_count": "6003022",
    "book_number": "60",
    "chapter_number": "3",
    "book_name": {
      "english": "1 PETER",
      "hindi": "1 पतरस"
    },
    "verse": {
      "english": "Who is gone into heaven, and is on the right hand of God; angels and authorities and powers being made subject unto him.",
      "hindi": "वह स्वर्ग पर जाकर परमेश्वर के दाहिनी ओर बैठ गया; और स्वर्गदूत और अधिकारी और सामर्थी उसके आधीन किए गए हैं॥"
    },
    "verse_number": 22
  },
  {
    "verse_count": "600401",
    "book_number": "60",
    "chapter_number": "4",
    "book_name": {
      "english": "1 PETER",
      "hindi": "1 पतरस"
    },
    "verse": {
      "english": "Forasmuch then as Christ hath suffered for us in the flesh, arm yourselves likewise with the same mind: for he that hath suffered in the flesh hath ceased from sin;",
      "hindi": "सोजब कि मसीह ने शरीर में होकर दुख उठाया तो तुम भी उस ही मनसा को धारण करके हथियार बान्ध लो क्योंकि जिसने शरीर में दुख उठाया, वह पाप से छूट गया।"
    },
    "verse_number": 1
  },
  {
    "verse_count": "600402",
    "book_number": "60",
    "chapter_number": "4",
    "book_name": {
      "english": "1 PETER",
      "hindi": "1 पतरस"
    },
    "verse": {
      "english": "That he no longer should live the rest of his time in the flesh to the lusts of men, but to the will of God.",
      "hindi": "ताकि भविष्य में अपना शेष शारीरिक जीवन मनुष्यों की अभिलाषाओं के अनुसार नहीं वरन परमेश्वर की इच्छा के अनुसार व्यतीत करो।"
    },
    "verse_number": 2
  },
  {
    "verse_count": "600403",
    "book_number": "60",
    "chapter_number": "4",
    "book_name": {
      "english": "1 PETER",
      "hindi": "1 पतरस"
    },
    "verse": {
      "english": "For the time past of our life may suffice us to have wrought the will of the Gentiles, when we walked in lasciviousness, lusts, excess of wine, revellings, banquetings, and abominable idolatries:",
      "hindi": "क्योंकि अन्यजातियों की इच्छा के अनुसार काम करने, और लुचपन की बुरी अभिलाषाओं, मतवालापन, लीलाक्रीड़ा, पियक्कड़पन, और घृणित मूर्तिपूजा में जहां तक हम ने पहिले समय गंवाया, वही बहुत हुआ।"
    },
    "verse_number": 3
  },
  {
    "verse_count": "600404",
    "book_number": "60",
    "chapter_number": "4",
    "book_name": {
      "english": "1 PETER",
      "hindi": "1 पतरस"
    },
    "verse": {
      "english": "Wherein they think it strange that ye run not with them to the same excess of riot, speaking evil of you:",
      "hindi": "इस से वे अचम्भा करते हैं, कि तुम ऐसे भारी लुचपन में उन का साथ नहीं देते, और इसलिये वे बुरा भला कहते हैं।"
    },
    "verse_number": 4
  },
  {
    "verse_count": "600405",
    "book_number": "60",
    "chapter_number": "4",
    "book_name": {
      "english": "1 PETER",
      "hindi": "1 पतरस"
    },
    "verse": {
      "english": "Who shall give account to him that is ready to judge the quick and the dead.",
      "hindi": "पर वे उस को जो जीवतों और मरे हुओं का न्याय करने को तैयार है, लेखा देंगे।"
    },
    "verse_number": 5
  },
  {
    "verse_count": "600406",
    "book_number": "60",
    "chapter_number": "4",
    "book_name": {
      "english": "1 PETER",
      "hindi": "1 पतरस"
    },
    "verse": {
      "english": "For for this cause was the gospel preached also to them that are dead, that they might be judged according to men in the flesh, but live according to God in the spirit.",
      "hindi": "क्योंकि मरे हुओं को भी सुसमाचार इसी लिये सुनाया गया, कि शरीर में तो मनुष्यों के अनुसार उन का न्याय हो, पर आत्मा में वे परमेश्वर के अनुसार जीवित रहें॥"
    },
    "verse_number": 6
  },
  {
    "verse_count": "600407",
    "book_number": "60",
    "chapter_number": "4",
    "book_name": {
      "english": "1 PETER",
      "hindi": "1 पतरस"
    },
    "verse": {
      "english": "But the end of all things is at hand: be ye therefore sober, and watch unto prayer.",
      "hindi": "सब बातों का अन्त तुरन्त होने वाला है; इसलिये संयमी होकर प्रार्थना के लिये सचेत रहो।"
    },
    "verse_number": 7
  },
  {
    "verse_count": "600408",
    "book_number": "60",
    "chapter_number": "4",
    "book_name": {
      "english": "1 PETER",
      "hindi": "1 पतरस"
    },
    "verse": {
      "english": "And above all things have fervent charity among yourselves: for charity shall cover the multitude of sins.",
      "hindi": "और सब में श्रेष्ठ बात यह है कि एक दूसरे से अधिक प्रेम रखो; क्योंकि प्रेम अनेक पापों को ढांप देता है।"
    },
    "verse_number": 8
  },
  {
    "verse_count": "600409",
    "book_number": "60",
    "chapter_number": "4",
    "book_name": {
      "english": "1 PETER",
      "hindi": "1 पतरस"
    },
    "verse": {
      "english": "Use hospitality one to another without grudging.",
      "hindi": "बिना कुड़कुड़ाए एक दूसरे की पहुनाई करो।"
    },
    "verse_number": 9
  },
  {
    "verse_count": "6004010",
    "book_number": "60",
    "chapter_number": "4",
    "book_name": {
      "english": "1 PETER",
      "hindi": "1 पतरस"
    },
    "verse": {
      "english": "As every man hath received the gift, even so minister the same one to another, as good stewards of the manifold grace of God.",
      "hindi": "जिस को जो वरदान मिला है, वह उसे परमेश्वर के नाना प्रकार के अनुग्रह के भले भण्डारियों की नाईं एक दूसरे की सेवा में लगाए।"
    },
    "verse_number": 10
  },
  {
    "verse_count": "6004011",
    "book_number": "60",
    "chapter_number": "4",
    "book_name": {
      "english": "1 PETER",
      "hindi": "1 पतरस"
    },
    "verse": {
      "english": "If any man speak, let him speak as the oracles of God; if any man minister, let him do it as of the ability which God giveth: that God in all things may be glorified through Jesus Christ, to whom be praise and dominion for ever and ever. Amen.",
      "hindi": "यदि कोई बोले, तो ऐसा बोले, मानों परमेश्वर का वचन है; यदि कोई सेवा करे; तो उस शक्ति से करे जो परमेश्वर देता है; जिस से सब बातों में यीशु मसीह के द्वारा, परमेश्वर की महिमा प्रगट हो: महिमा और साम्राज्य युगानुयुग उसी की है। आमीन॥"
    },
    "verse_number": 11
  },
  {
    "verse_count": "6004012",
    "book_number": "60",
    "chapter_number": "4",
    "book_name": {
      "english": "1 PETER",
      "hindi": "1 पतरस"
    },
    "verse": {
      "english": "Beloved, think it not strange concerning the fiery trial which is to try you, as though some strange thing happened unto you:",
      "hindi": "हे प्रियों, जो दुख रूपी अग्नि तुम्हारे परखने के लिये तुम में भड़की है, इस से यह समझ कर अचम्भा न करो कि कोई अनोखी बात तुम पर बीत रही है।"
    },
    "verse_number": 12
  },
  {
    "verse_count": "6004013",
    "book_number": "60",
    "chapter_number": "4",
    "book_name": {
      "english": "1 PETER",
      "hindi": "1 पतरस"
    },
    "verse": {
      "english": "But rejoice, inasmuch as ye are partakers of Christ's sufferings; that, when his glory shall be revealed, ye may be glad also with exceeding joy.",
      "hindi": "पर जैसे जैसे मसीह के दुखों में सहभागी होते हो, आनन्द करो, जिस से उसकी महिमा के प्रगट होते समय भी तुम आनन्दित और मगन हो।"
    },
    "verse_number": 13
  },
  {
    "verse_count": "6004014",
    "book_number": "60",
    "chapter_number": "4",
    "book_name": {
      "english": "1 PETER",
      "hindi": "1 पतरस"
    },
    "verse": {
      "english": "If ye be reproached for the name of Christ, happy are ye; for the spirit of glory and of God resteth upon you: on their part he is evil spoken of, but on your part he is glorified.",
      "hindi": "फिर यदि मसीह के नाम के लिये तुम्हारी निन्दा की जाती है, तो धन्य हो; क्योंकि महिमा का आत्मा, जो परमेश्वर का आत्मा है, तुम पर छाया करता है।"
    },
    "verse_number": 14
  },
  {
    "verse_count": "6004015",
    "book_number": "60",
    "chapter_number": "4",
    "book_name": {
      "english": "1 PETER",
      "hindi": "1 पतरस"
    },
    "verse": {
      "english": "But let none of you suffer as a murderer, or as a thief, or as an evildoer, or as a busybody in other men's matters.",
      "hindi": "तुम में से कोई व्यक्ति हत्यारा या चोर, या कुकर्मी होने, या पराए काम में हाथ डालने के कारण दुख न पाए।"
    },
    "verse_number": 15
  },
  {
    "verse_count": "6004016",
    "book_number": "60",
    "chapter_number": "4",
    "book_name": {
      "english": "1 PETER",
      "hindi": "1 पतरस"
    },
    "verse": {
      "english": "Yet if any man suffer as a Christian, let him not be ashamed; but let him glorify God on this behalf.",
      "hindi": "पर यदि मसीही होने के कारण दुख पाए, तो लज्ज़ित न हो, पर इस बात के लिये परमेश्वर की महिमा करे।"
    },
    "verse_number": 16
  },
  {
    "verse_count": "6004017",
    "book_number": "60",
    "chapter_number": "4",
    "book_name": {
      "english": "1 PETER",
      "hindi": "1 पतरस"
    },
    "verse": {
      "english": "For the time is come that judgment must begin at the house of God: and if it first begin at us, what shall the end be of them that obey not the gospel of God?",
      "hindi": "क्योंकि वह समय आ पहुंचा है, कि पहिले परमेश्वर के लोगों का न्याय किया जाए, और जब कि न्याय का आरम्भ हम ही से होगा तो उन का क्या अन्त होगा जो परमेश्वर के सुसमाचार को नहीं मानते?"
    },
    "verse_number": 17
  },
  {
    "verse_count": "6004018",
    "book_number": "60",
    "chapter_number": "4",
    "book_name": {
      "english": "1 PETER",
      "hindi": "1 पतरस"
    },
    "verse": {
      "english": "And if the righteous scarcely be saved, where shall the ungodly and the sinner appear?",
      "hindi": "और यदि धर्मी व्यक्ति ही कठिनता से उद्धार पाएगा, तो भक्तिहीन और पापी का क्या ठिकाना?"
    },
    "verse_number": 18
  },
  {
    "verse_count": "6004019",
    "book_number": "60",
    "chapter_number": "4",
    "book_name": {
      "english": "1 PETER",
      "hindi": "1 पतरस"
    },
    "verse": {
      "english": "Wherefore let them that suffer according to the will of God commit the keeping of their souls to him in well doing, as unto a faithful Creator.",
      "hindi": "इसलिये जो परमेश्वर की इच्छा के अनुसार दुख उठाते हैं, वे भलाई करते हुए, अपने अपने प्राण को विश्वासयोग्य सृजनहार के हाथ में सौंप दें॥"
    },
    "verse_number": 19
  },
  {
    "verse_count": "600501",
    "book_number": "60",
    "chapter_number": "5",
    "book_name": {
      "english": "1 PETER",
      "hindi": "1 पतरस"
    },
    "verse": {
      "english": "The elders which are among you I exhort, who am also an elder, and a witness of the sufferings of Christ, and also a partaker of the glory that shall be revealed:",
      "hindi": "तुम में जो प्राचीन हैं, मैं उन की नाईं प्राचीन और मसीह के दुखों का गवाह और प्रगट होने वाली महिमा में सहभागी होकर उन्हें यह समझाता हूं।"
    },
    "verse_number": 1
  },
  {
    "verse_count": "600502",
    "book_number": "60",
    "chapter_number": "5",
    "book_name": {
      "english": "1 PETER",
      "hindi": "1 पतरस"
    },
    "verse": {
      "english": "Feed the flock of God which is among you, taking the oversight thereof, not by constraint, but willingly; not for filthy lucre, but of a ready mind;",
      "hindi": "कि परमेश्वर के उस झुंड की, जो तुम्हारे बीच में हैं रखवाली करो; और यह दबाव से नहीं, परन्तु परमेश्वर की इच्छा के अनुसार आनन्द से, और नीच-कमाई के लिये नहीं, पर मन लगा कर।"
    },
    "verse_number": 2
  },
  {
    "verse_count": "600503",
    "book_number": "60",
    "chapter_number": "5",
    "book_name": {
      "english": "1 PETER",
      "hindi": "1 पतरस"
    },
    "verse": {
      "english": "Neither as being lords over God's heritage, but being ensamples to the flock.",
      "hindi": "और जो लोग तुम्हें सौंपे गए हैं, उन पर अधिकार न जताओ, वरन झुंड के लिये आदर्श बनो।"
    },
    "verse_number": 3
  },
  {
    "verse_count": "600504",
    "book_number": "60",
    "chapter_number": "5",
    "book_name": {
      "english": "1 PETER",
      "hindi": "1 पतरस"
    },
    "verse": {
      "english": "And when the chief Shepherd shall appear, ye shall receive a crown of glory that fadeth not away.",
      "hindi": "और जब प्रधान रखवाला प्रगट होगा, तो तुम्हें महिमा का मुकुट दिया जाएगा, जो मुरझाने का नहीं।"
    },
    "verse_number": 4
  },
  {
    "verse_count": "600505",
    "book_number": "60",
    "chapter_number": "5",
    "book_name": {
      "english": "1 PETER",
      "hindi": "1 पतरस"
    },
    "verse": {
      "english": "Likewise, ye younger, submit yourselves unto the elder. Yea, all of you be subject one to another, and be clothed with humility: for God resisteth the proud, and giveth grace to the humble.",
      "hindi": "हे नवयुवकों, तुम भी प्राचीनों के आधीन रहो, वरन तुम सब के सब एक दूसरे की सेवा के लिये दीनता से कमर बान्धे रहो, क्योंकि परमेश्वर अभिमानियों का साम्हना करता है, परन्तु दीनों पर अनुग्रह करता है।"
    },
    "verse_number": 5
  },
  {
    "verse_count": "600506",
    "book_number": "60",
    "chapter_number": "5",
    "book_name": {
      "english": "1 PETER",
      "hindi": "1 पतरस"
    },
    "verse": {
      "english": "Humble yourselves therefore under the mighty hand of God, that he may exalt you in due time:",
      "hindi": "इसलिये परमेश्वर के बलवन्त हाथ के नीचे दीनता से रहो, जिस से वह तुम्हें उचित समय पर बढ़ाए।"
    },
    "verse_number": 6
  },
  {
    "verse_count": "600507",
    "book_number": "60",
    "chapter_number": "5",
    "book_name": {
      "english": "1 PETER",
      "hindi": "1 पतरस"
    },
    "verse": {
      "english": "Casting all your care upon him; for he careth for you.",
      "hindi": "और अपनी सारी चिन्ता उसी पर डाल दो, क्योंकि उस को तुम्हारा ध्यान है।"
    },
    "verse_number": 7
  },
  {
    "verse_count": "600508",
    "book_number": "60",
    "chapter_number": "5",
    "book_name": {
      "english": "1 PETER",
      "hindi": "1 पतरस"
    },
    "verse": {
      "english": "Be sober, be vigilant; because your adversary the devil, as a roaring lion, walketh about, seeking whom he may devour:",
      "hindi": "सचेत हो, और जागते रहो, क्योंकि तुम्हारा विरोधी शैतान गर्जने वाले सिंह की नाईं इस खोज में रहता है, कि किस को फाड़ खाए।"
    },
    "verse_number": 8
  },
  {
    "verse_count": "600509",
    "book_number": "60",
    "chapter_number": "5",
    "book_name": {
      "english": "1 PETER",
      "hindi": "1 पतरस"
    },
    "verse": {
      "english": "Whom resist stedfast in the faith, knowing that the same afflictions are accomplished in your brethren that are in the world.",
      "hindi": "विश्वास में दृढ़ हो कर, और यह जान कर उसका साम्हना करो, कि तुम्हारे भाई जो संसार में हैं, ऐसे ही दुख भुगत रहे हैं।"
    },
    "verse_number": 9
  },
  {
    "verse_count": "6005010",
    "book_number": "60",
    "chapter_number": "5",
    "book_name": {
      "english": "1 PETER",
      "hindi": "1 पतरस"
    },
    "verse": {
      "english": "But the God of all grace, who hath called us unto his eternal glory by Christ Jesus, after that ye have suffered a while, make you perfect, stablish, strengthen, settle you.",
      "hindi": "अब परमेश्वर जो सारे अनुग्रह का दाता है, जिस ने तुम्हें मसीह में अपनी अनन्त महिमा के लिये बुलाया, तुम्हारे थोड़ी देर तक दुख उठाने के बाद आप ही तुम्हें सिद्ध और स्थिर और बलवन्त करेगा।"
    },
    "verse_number": 10
  },
  {
    "verse_count": "6005011",
    "book_number": "60",
    "chapter_number": "5",
    "book_name": {
      "english": "1 PETER",
      "hindi": "1 पतरस"
    },
    "verse": {
      "english": "To him be glory and dominion for ever and ever. Amen.",
      "hindi": "उसी का साम्राज्य युगानुयुग रहे। आमीन॥"
    },
    "verse_number": 11
  },
  {
    "verse_count": "6005012",
    "book_number": "60",
    "chapter_number": "5",
    "book_name": {
      "english": "1 PETER",
      "hindi": "1 पतरस"
    },
    "verse": {
      "english": "By Silvanus, a faithful brother unto you, as I suppose, I have written briefly, exhorting, and testifying that this is the true grace of God wherein ye stand.",
      "hindi": "मैं ने सिलवानुस के हाथ, जिस मैं विश्वासयोग्य भाई समझता हूं, संक्षेप में लिख कर तुम्हें समझाया है और यह गवाही दी है कि परमेश्वर का सच्चा अनुग्रह यही है, इसी में स्थिर रहो।"
    },
    "verse_number": 12
  },
  {
    "verse_count": "6005013",
    "book_number": "60",
    "chapter_number": "5",
    "book_name": {
      "english": "1 PETER",
      "hindi": "1 पतरस"
    },
    "verse": {
      "english": "The church that is at Babylon, elected together with you, saluteth you; and so doth Marcus my son.",
      "hindi": "जो बाबुल में तुम्हारी नाईं चुने हुए लोग हैं, वह और मेरा पुत्र मरकुस तुम्हें नमस्कार कहते हैं।"
    },
    "verse_number": 13
  },
  {
    "verse_count": "6005014",
    "book_number": "60",
    "chapter_number": "5",
    "book_name": {
      "english": "1 PETER",
      "hindi": "1 पतरस"
    },
    "verse": {
      "english": "Greet ye one another with a kiss of charity. Peace be with you all that are in Christ Jesus. Amen.",
      "hindi": "प्रेम से चुम्बन ले लेकर एक दूसरे को नमस्कार करो॥ तुम सब को जो मसीह में हो शान्ति मिलती रहे॥"
    },
    "verse_number": 14
  }
]