[
  {
    "verse_count": "630101",
    "book_number": "63",
    "chapter_number": "1",
    "book_name": {
      "english": "2 JOHN",
      "hindi": "2 यूहन्ना"
    },
    "verse": {
      "english": "The elder unto the elect lady and her children, whom I love in the truth; and not I only, but also all they that have known the truth;",
      "hindi": "मुझ प्राचीन की ओर से उस चुनी हुई श्रीमती और उसके लड़के बालों के नाम जिन से मैं उस सच्चाई के कारण सत्य प्रेम रखता हूं, जा हम में स्थिर रहती है, और सर्वदा हमारे साथ अटल रहेगी।"
    },
    "verse_number": 1
  },
  {
    "verse_count": "630102",
    "book_number": "63",
    "chapter_number": "1",
    "book_name": {
      "english": "2 JOHN",
      "hindi": "2 यूहन्ना"
    },
    "verse": {
      "english": "For the truth's sake, which dwelleth in us, and shall be with us for ever.",
      "hindi": "और केवल मैं ही नहीं, वरन वह सब भी प्रेम रखते हैं, जो सच्चाई को जानते हैं॥"
    },
    "verse_number": 2
  },
  {
    "verse_count": "630103",
    "book_number": "63",
    "chapter_number": "1",
    "book_name": {
      "english": "2 JOHN",
      "hindi": "2 यूहन्ना"
    },
    "verse": {
      "english": "Grace be with you, mercy, and peace, from God the Father, and from the Lord Jesus Christ, the Son of the Father, in truth and love.",
      "hindi": "परमेश्वर पिता, और पिता के पुत्र यीशु मसीह की ओर से अनुग्रह, और दया, और शान्ति, सत्य, और प्रेम सहित हमारे साथ रहेंगे॥"
    },
    "verse_number": 3
  },
  {
    "verse_count": "630104",
    "book_number": "63",
    "chapter_number": "1",
    "book_name": {
      "english": "2 JOHN",
      "hindi": "2 यूहन्ना"
    },
    "verse": {
      "english": "I rejoiced greatly that I found of thy children walking in truth, as we have received a commandment from the Father.",
      "hindi": "मैं बहुत आनन्दित हुआ, कि मैं ने तेरे कितने लड़के-बालों को उस आज्ञा के अनुसार, जो हमें पिता की ओर से मिली थी सत्य पर चलते हुए पाया।"
    },
    "verse_number": 4
  },
  {
    "verse_count": "630105",
    "book_number": "63",
    "chapter_number": "1",
    "book_name": {
      "english": "2 JOHN",
      "hindi": "2 यूहन्ना"
    },
    "verse": {
      "english": "And now I beseech thee, lady, not as though I wrote a new commandment unto thee, but that which we had from the beginning, that we love one another.",
      "hindi": "अब हे श्रीमती, मैं तुझे कोई नई आज्ञा नहीं, पर वही जो आरम्भ से हमारे पास है, लिखता हूं; और तुझ से बिनती करता हूं, कि हम एक दूसरे से प्रेम रखें।"
    },
    "verse_number": 5
  },
  {
    "verse_count": "630106",
    "book_number": "63",
    "chapter_number": "1",
    "book_name": {
      "english": "2 JOHN",
      "hindi": "2 यूहन्ना"
    },
    "verse": {
      "english": "And this is love, that we walk after his commandments. This is the commandment, That, as ye have heard from the beginning, ye should walk in it.",
      "hindi": "और प्रेम यह है कि हम उस की आज्ञाओं के अनुसार चलें: यह वही आज्ञा है, जो तुम ने आरम्भ से सुनी है और तुम्हें इस पर चलना भी चाहिए।"
    },
    "verse_number": 6
  },
  {
    "verse_count": "630107",
    "book_number": "63",
    "chapter_number": "1",
    "book_name": {
      "english": "2 JOHN",
      "hindi": "2 यूहन्ना"
    },
    "verse": {
      "english": "For many deceivers are entered into the world, who confess not that Jesus Christ is come in the flesh. This is a deceiver and an antichrist.",
      "hindi": "क्योंकि बहुत से ऐसे भरमाने वाले जगत में निकल आए हैं, जो यह नहीं मानते, कि यीशु मसीह शरीर में होकर आया: भरमाने वाला और मसीह का विरोधी यही है।"
    },
    "verse_number": 7
  },
  {
    "verse_count": "630108",
    "book_number": "63",
    "chapter_number": "1",
    "book_name": {
      "english": "2 JOHN",
      "hindi": "2 यूहन्ना"
    },
    "verse": {
      "english": "Look to yourselves, that we lose not those things which we have wrought, but that we receive a full reward.",
      "hindi": "अपने विषय में चौकस रहो; कि जो परिश्रम हम ने किया है, उस को तुम न बिगाड़ो: वरन उसका पूरा प्रतिफल पाओ।"
    },
    "verse_number": 8
  },
  {
    "verse_count": "630109",
    "book_number": "63",
    "chapter_number": "1",
    "book_name": {
      "english": "2 JOHN",
      "hindi": "2 यूहन्ना"
    },
    "verse": {
      "english": "Whosoever transgresseth, and abideth not in the doctrine of Christ, hath not God. He that abideth in the doctrine of Christ, he hath both the Father and the Son.",
      "hindi": "जो कोई आगे बढ़ जाता है, और मसीह की शिक्षा में बना नहीं रहता, उसके पास परमेश्वर नहीं: जो कोई उस की शिक्षा में स्थिर रहता है, उसके पास पिता भी है, और पुत्र भी।"
    },
    "verse_number": 9
  },
  {
    "verse_count": "6301010",
    "book_number": "63",
    "chapter_number": "1",
    "book_name": {
      "english": "2 JOHN",
      "hindi": "2 यूहन्ना"
    },
    "verse": {
      "english": "If there come any unto you, and bring not this doctrine, receive him not into your house, neither bid him God speed:",
      "hindi": "यदि कोई तुम्हारे पास आए, और यही शिक्षा न दे, उसे न तो घर मे आने दो, और न नमस्कार करो।"
    },
    "verse_number": 10
  },
  {
    "verse_count": "6301011",
    "book_number": "63",
    "chapter_number": "1",
    "book_name": {
      "english": "2 JOHN",
      "hindi": "2 यूहन्ना"
    },
    "verse": {
      "english": "For he that biddeth him God speed is partaker of his evil deeds.",
      "hindi": "क्योंकि जो कोई ऐसे जन को नमस्कार करता है, वह उस के बुरे कामों में साझी होता है॥"
    },
    "verse_number": 11
  },
  {
    "verse_count": "6301012",
    "book_number": "63",
    "chapter_number": "1",
    "book_name": {
      "english": "2 JOHN",
      "hindi": "2 यूहन्ना"
    },
    "verse": {
      "english": "Having many things to write unto you, I would not write with paper and ink: but I trust to come unto you, and speak face to face, that our joy may be full.",
      "hindi": "मुझे बहुत सी बातें तुम्हें लिखनी हैं, पर कागज और सियाही से लिखना नहीं चाहता; पर आशा है, कि मैं तुम्हारे पास आऊंगा, और सम्मुख होकर बातचीत करूंगा: जिस से तुम्हारा आनन्द पूरा हो।"
    },
    "verse_number": 12
  },
  {
    "verse_count": "6301013",
    "book_number": "63",
    "chapter_number": "1",
    "book_name": {
      "english": "2 JOHN",
      "hindi": "2 यूहन्ना"
    },
    "verse": {
      "english": "The children of thy elect sister greet thee. Amen.",
      "hindi": "तेरी चुनी हुई बहिन के लड़के-बाले तुझे नमस्कार करते हैं।"
    },
    "verse_number": 13
  }
]