[
  {
    "verse_count": "570101",
    "book_number": "57",
    "chapter_number": "1",
    "book_name": {
      "english": "PHILEMON",
      "hindi": "फिलेमोन"
    },
    "verse": {
      "english": "Paul, a prisoner of Jesus Christ, and Timothy our brother, unto Philemon our dearly beloved, and fellowlabourer,",
      "hindi": "पौलुस की ओर से जो मसीह यीशु का कैदी है, और भाई तिमुथियुस की ओर से हमारे प्रिय सहकर्मी फिलेमोन।"
    },
    "verse_number": 1
  },
  {
    "verse_count": "570102",
    "book_number": "57",
    "chapter_number": "1",
    "book_name": {
      "english": "PHILEMON",
      "hindi": "फिलेमोन"
    },
    "verse": {
      "english": "And to our beloved Apphia, and Archippus our fellowsoldier, and to the church in thy house:",
      "hindi": "और बहिन अफिफया, और हमारे साथी योद्धा अरखिप्पुस और फिलेमोन के घर की कलीसिया के नाम॥"
    },
    "verse_number": 2
  },
  {
    "verse_count": "570103",
    "book_number": "57",
    "chapter_number": "1",
    "book_name": {
      "english": "PHILEMON",
      "hindi": "फिलेमोन"
    },
    "verse": {
      "english": "Grace to you, and peace, from God our Father and the Lord Jesus Christ.",
      "hindi": "हमारे पिता परमेश्वर और प्रभु यीशु मसीह की ओर से अनुग्रह और शान्ति तुम्हें मिलती रहे॥"
    },
    "verse_number": 3
  },
  {
    "verse_count": "570104",
    "book_number": "57",
    "chapter_number": "1",
    "book_name": {
      "english": "PHILEMON",
      "hindi": "फिलेमोन"
    },
    "verse": {
      "english": "I thank my God, making mention of thee always in my prayers,",
      "hindi": "मैं तेरे उस प्रेम और विश्वास की चर्चा सुन कर, जो सब पवित्र लोगों के साथ और प्रभु यीशु पर है।"
    },
    "verse_number": 4
  },
  {
    "verse_count": "570105",
    "book_number": "57",
    "chapter_number": "1",
    "book_name": {
      "english": "PHILEMON",
      "hindi": "फिलेमोन"
    },
    "verse": {
      "english": "Hearing of thy love and faith, which thou hast toward the Lord Jesus, and toward all saints;",
      "hindi": "सदा परमेश्वर का धन्यवाद करता हूं; और अपनी प्रार्थनाओं में भी तुझे स्मरण करता हूं।"
    },
    "verse_number": 5
  },
  {
    "verse_count": "570106",
    "book_number": "57",
    "chapter_number": "1",
    "book_name": {
      "english": "PHILEMON",
      "hindi": "फिलेमोन"
    },
    "verse": {
      "english": "That the communication of thy faith may become effectual by the acknowledging of every good thing which is in you in Christ Jesus.",
      "hindi": "कि तेरा विश्वास में सहभागी होना तुम्हारी सारी भलाई की पहिचान में मसीह के लिये प्रभावशाली हो।"
    },
    "verse_number": 6
  },
  {
    "verse_count": "570107",
    "book_number": "57",
    "chapter_number": "1",
    "book_name": {
      "english": "PHILEMON",
      "hindi": "फिलेमोन"
    },
    "verse": {
      "english": "For we have great joy and consolation in thy love, because the bowels of the saints are refreshed by thee, brother.",
      "hindi": "क्योंकि हे भाई, मुझे तेरे प्रेम से बहुत आनन्द और शान्ति मिली, इसलिये, कि तेरे द्वारा पवित्र लोगों के मन हरे भरे हो गए हैं॥"
    },
    "verse_number": 7
  },
  {
    "verse_count": "570108",
    "book_number": "57",
    "chapter_number": "1",
    "book_name": {
      "english": "PHILEMON",
      "hindi": "फिलेमोन"
    },
    "verse": {
      "english": "Wherefore, though I might be much bold in Christ to enjoin thee that which is convenient,",
      "hindi": "इसलिये यद्यपि मुझे मसीह में बड़ा हियाव तो है, कि जो बात ठीक है, उस की आज्ञा तुझे दूं।"
    },
    "verse_number": 8
  },
  {
    "verse_count": "570109",
    "book_number": "57",
    "chapter_number": "1",
    "book_name": {
      "english": "PHILEMON",
      "hindi": "फिलेमोन"
    },
    "verse": {
      "english": "Yet for love's sake I rather beseech thee, being such an one as Paul the aged, and now also a prisoner of Jesus Christ.",
      "hindi": "तौभी मुझ बूढ़े पौलुस को जो अब मसीह यीशु के लिये कैदी हूं, यह और भी भला जान पड़ा कि प्रेम से बिनती करूं।"
    },
    "verse_number": 9
  },
  {
    "verse_count": "5701010",
    "book_number": "57",
    "chapter_number": "1",
    "book_name": {
      "english": "PHILEMON",
      "hindi": "फिलेमोन"
    },
    "verse": {
      "english": "I beseech thee for my son Onesimus, whom I have begotten in my bonds:",
      "hindi": "मैं अपने बच्चे उनेसिमुस के लिये जो मुझ से मेरी कैद में जन्मा है तुझ से बिनती करता हूं।"
    },
    "verse_number": 10
  },
  {
    "verse_count": "5701011",
    "book_number": "57",
    "chapter_number": "1",
    "book_name": {
      "english": "PHILEMON",
      "hindi": "फिलेमोन"
    },
    "verse": {
      "english": "Which in time past was to thee unprofitable, but now profitable to thee and to me:",
      "hindi": "वह तो पहिले तेरे कुछ काम का न था, पर अब तेरे और मेरे दोनों के बड़े काम का है।"
    },
    "verse_number": 11
  },
  {
    "verse_count": "5701012",
    "book_number": "57",
    "chapter_number": "1",
    "book_name": {
      "english": "PHILEMON",
      "hindi": "फिलेमोन"
    },
    "verse": {
      "english": "Whom I have sent again: thou therefore receive him, that is, mine own bowels:",
      "hindi": "उसी को अर्थात जो मेरे हृदय का टुकड़ा है, मैं ने उसे तेरे पास लौटा दिया है।"
    },
    "verse_number": 12
  },
  {
    "verse_count": "5701013",
    "book_number": "57",
    "chapter_number": "1",
    "book_name": {
      "english": "PHILEMON",
      "hindi": "फिलेमोन"
    },
    "verse": {
      "english": "Whom I would have retained with me, that in thy stead he might have ministered unto me in the bonds of the gospel:",
      "hindi": "उसे मैं अपने ही पास रखना चाहता था कि तेरी ओर से इस कैद में जो सुसमाचार के कारण है, मेरी सेवा करे।"
    },
    "verse_number": 13
  },
  {
    "verse_count": "5701014",
    "book_number": "57",
    "chapter_number": "1",
    "book_name": {
      "english": "PHILEMON",
      "hindi": "फिलेमोन"
    },
    "verse": {
      "english": "But without thy mind would I do nothing; that thy benefit should not be as it were of necessity, but willingly.",
      "hindi": "पर मैं ने तेरी इच्छा बिना कुछ भी करना न चाहा कि तेरी यह कृपा दबाव से नहीं पर आनन्द से हो।"
    },
    "verse_number": 14
  },
  {
    "verse_count": "5701015",
    "book_number": "57",
    "chapter_number": "1",
    "book_name": {
      "english": "PHILEMON",
      "hindi": "फिलेमोन"
    },
    "verse": {
      "english": "For perhaps he therefore departed for a season, that thou shouldest receive him for ever;",
      "hindi": "क्योंकि क्या जाने वह तुझ से कुछ दिन तक के लिये इसी कारण अलग हुआ कि सदैव तेरे निकट रहे।"
    },
    "verse_number": 15
  },
  {
    "verse_count": "5701016",
    "book_number": "57",
    "chapter_number": "1",
    "book_name": {
      "english": "PHILEMON",
      "hindi": "फिलेमोन"
    },
    "verse": {
      "english": "Not now as a servant, but above a servant, a brother beloved, specially to me, but how much more unto thee, both in the flesh, and in the Lord?",
      "hindi": "परन्तु अब से दास की नाईं नहीं, वरन दास से भी उत्तम, अर्थात भाई के समान रहे जो शरीर में भी और विशेष कर प्रभु में भी मेरा प्रिय हो।"
    },
    "verse_number": 16
  },
  {
    "verse_count": "5701017",
    "book_number": "57",
    "chapter_number": "1",
    "book_name": {
      "english": "PHILEMON",
      "hindi": "फिलेमोन"
    },
    "verse": {
      "english": "If thou count me therefore a partner, receive him as myself.",
      "hindi": "सो यदि तू मुझे सहभागी समझता है, तो उसे इस प्रकार ग्रहण कर जैसे मुझे।"
    },
    "verse_number": 17
  },
  {
    "verse_count": "5701018",
    "book_number": "57",
    "chapter_number": "1",
    "book_name": {
      "english": "PHILEMON",
      "hindi": "फिलेमोन"
    },
    "verse": {
      "english": "If he hath wronged thee, or oweth thee ought, put that on mine account;",
      "hindi": "और यदि उस ने तेरी कुछ हानि की है, या उस पर तेरा कुछ आता है, तो मेरे नाम पर लिख ले।"
    },
    "verse_number": 18
  },
  {
    "verse_count": "5701019",
    "book_number": "57",
    "chapter_number": "1",
    "book_name": {
      "english": "PHILEMON",
      "hindi": "फिलेमोन"
    },
    "verse": {
      "english": "I Paul have written it with mine own hand, I will repay it: albeit I do not say to thee how thou owest unto me even thine own self besides.",
      "hindi": "मैं पौलुस अपने हाथ से लिखता हूं, कि मैं आप भर दूंगा; और इस के कहने की कुछ आवश्यकता नहीं, कि मेरा कर्ज जो तुझ पर है वह तू ही है।"
    },
    "verse_number": 19
  },
  {
    "verse_count": "5701020",
    "book_number": "57",
    "chapter_number": "1",
    "book_name": {
      "english": "PHILEMON",
      "hindi": "फिलेमोन"
    },
    "verse": {
      "english": "Yea, brother, let me have joy of thee in the Lord: refresh my bowels in the Lord.",
      "hindi": "हे भाई यह आनन्द मुझे प्रभु में तेरी ओर से मिले: मसीह में मेरे जी को हरा भरा कर दे।"
    },
    "verse_number": 20
  },
  {
    "verse_count": "5701021",
    "book_number": "57",
    "chapter_number": "1",
    "book_name": {
      "english": "PHILEMON",
      "hindi": "फिलेमोन"
    },
    "verse": {
      "english": "Having confidence in thy obedience I wrote unto thee, knowing that thou wilt also do more than I say.",
      "hindi": "मैं तेरे आज्ञाकारी होने का भरोसा रखकर, तुझे लिखता हूं और यह जानता हूं, कि जो कुछ मैं कहता हूं, तू उस से कहीं बढ़कर करेगा।"
    },
    "verse_number": 21
  },
  {
    "verse_count": "5701022",
    "book_number": "57",
    "chapter_number": "1",
    "book_name": {
      "english": "PHILEMON",
      "hindi": "फिलेमोन"
    },
    "verse": {
      "english": "But withal prepare me also a lodging: for I trust that through your prayers I shall be given unto you.",
      "hindi": "और यह भी, कि मेरे लिये उतरने की जगह तैयार रख; मुझे आशा है, कि तुम्हारी प्रार्थनाओं के द्वारा मैं तुम्हें दे दिया जाऊंगा॥"
    },
    "verse_number": 22
  },
  {
    "verse_count": "5701023",
    "book_number": "57",
    "chapter_number": "1",
    "book_name": {
      "english": "PHILEMON",
      "hindi": "फिलेमोन"
    },
    "verse": {
      "english": "There salute thee Epaphras, my fellowprisoner in Christ Jesus;",
      "hindi": "इपफ्रास जो मसीह यीशु में मेरे साथ कैदी है।"
    },
    "verse_number": 23
  },
  {
    "verse_count": "5701024",
    "book_number": "57",
    "chapter_number": "1",
    "book_name": {
      "english": "PHILEMON",
      "hindi": "फिलेमोन"
    },
    "verse": {
      "english": "Marcus, Aristarchus, Demas, Lucas, my fellowlabourers.",
      "hindi": "और मरकुस और अरिस्तर्खुस और देमास और लूका जो मेरे सहकर्मी है इन का तुझे नमस्कार॥"
    },
    "verse_number": 24
  },
  {
    "verse_count": "5701025",
    "book_number": "57",
    "chapter_number": "1",
    "book_name": {
      "english": "PHILEMON",
      "hindi": "फिलेमोन"
    },
    "verse": {
      "english": "The grace of our Lord Jesus Christ be with your spirit. Amen.",
      "hindi": "हमारे प्रभु यीशु मसीह का अनुग्रह तुम्हारी आत्मा पर होता रहे। आमीन॥"
    },
    "verse_number": 25
  }
]