[
  {
    "verse_count": "500101",
    "book_number": "50",
    "chapter_number": "1",
    "book_name": {
      "english": "PHILIPPIANS",
      "hindi": "फिलिप्पियों"
    },
    "verse": {
      "english": "Paul and Timotheus, the servants of Jesus Christ, to all the saints in Christ Jesus which are at Philippi, with the bishops and deacons:",
      "hindi": "मसीह यीशु के दास पौलुस और तीमुथियुस की ओर से सब पवित्र लोगों के नाम, जो मसीह यीशु में होकर फिलिप्पी में रहते हैं, अध्यक्षों और सेवकों समेत।"
    },
    "verse_number": 1
  },
  {
    "verse_count": "500102",
    "book_number": "50",
    "chapter_number": "1",
    "book_name": {
      "english": "PHILIPPIANS",
      "hindi": "फिलिप्पियों"
    },
    "verse": {
      "english": "Grace be unto you, and peace, from God our Father, and from the Lord Jesus Christ.",
      "hindi": "हमारे पिता परमेश्वर और प्रभु यीशु मसीह की ओर से तुम्हें अनुग्रह और शान्ति मिलती रहे॥"
    },
    "verse_number": 2
  },
  {
    "verse_count": "500103",
    "book_number": "50",
    "chapter_number": "1",
    "book_name": {
      "english": "PHILIPPIANS",
      "hindi": "फिलिप्पियों"
    },
    "verse": {
      "english": "I thank my God upon every remembrance of you,",
      "hindi": "मैं जब जब तुम्हें स्मरण करता हूं, तब तब अपने परमेश्वर का धन्यवाद करता हूं।"
    },
    "verse_number": 3
  },
  {
    "verse_count": "500104",
    "book_number": "50",
    "chapter_number": "1",
    "book_name": {
      "english": "PHILIPPIANS",
      "hindi": "फिलिप्पियों"
    },
    "verse": {
      "english": "Always in every prayer of mine for you all making request with joy,",
      "hindi": "और जब कभी तुम सब के लिये बिनती करता हूं, तो सदा आनन्द के साथ बिनती करता हूं।"
    },
    "verse_number": 4
  },
  {
    "verse_count": "500105",
    "book_number": "50",
    "chapter_number": "1",
    "book_name": {
      "english": "PHILIPPIANS",
      "hindi": "फिलिप्पियों"
    },
    "verse": {
      "english": "For your fellowship in the gospel from the first day until now;",
      "hindi": "इसलिये, कि तुम पहिले दिन से लेकर आज तक सुसमाचार के फैलाने में मेरे सहभागी रहे हो।"
    },
    "verse_number": 5
  },
  {
    "verse_count": "500106",
    "book_number": "50",
    "chapter_number": "1",
    "book_name": {
      "english": "PHILIPPIANS",
      "hindi": "फिलिप्पियों"
    },
    "verse": {
      "english": "Being confident of this very thing, that he which hath begun a good work in you will perform it until the day of Jesus Christ:",
      "hindi": "और मुझे इस बात का भरोसा है, कि जिस ने तुम में अच्छा काम आरम्भ किया है, वही उसे यीशु मसीह के दिन तक पूरा करेगा।"
    },
    "verse_number": 6
  },
  {
    "verse_count": "500107",
    "book_number": "50",
    "chapter_number": "1",
    "book_name": {
      "english": "PHILIPPIANS",
      "hindi": "फिलिप्पियों"
    },
    "verse": {
      "english": "Even as it is meet for me to think this of you all, because I have you in my heart; inasmuch as both in my bonds, and in the defence and confirmation of the gospel, ye all are partakers of my grace.",
      "hindi": "उचित है, कि मैं तुम सब के लिये ऐसा ही विचार करूं क्योंकि तुम मेरे मन में आ बसे हो, और मेरी कैद में और सुसमाचार के लिये उत्तर और प्रमाण देने में तुम सब मेरे साथ अनुग्रह में सहभागी हो।"
    },
    "verse_number": 7
  },
  {
    "verse_count": "500108",
    "book_number": "50",
    "chapter_number": "1",
    "book_name": {
      "english": "PHILIPPIANS",
      "hindi": "फिलिप्पियों"
    },
    "verse": {
      "english": "For God is my record, how greatly I long after you all in the bowels of Jesus Christ.",
      "hindi": "इस में परमेश्वर मेरा गवाह है, कि मैं मसीह यीशु की सी प्रीति करके तुम सब की लालसा करता हूं।"
    },
    "verse_number": 8
  },
  {
    "verse_count": "500109",
    "book_number": "50",
    "chapter_number": "1",
    "book_name": {
      "english": "PHILIPPIANS",
      "hindi": "फिलिप्पियों"
    },
    "verse": {
      "english": "And this I pray, that your love may abound yet more and more in knowledge and in all judgment;",
      "hindi": "और मैं यह प्रार्थना करता हूं, कि तुम्हारा प्रेम, ज्ञान और सब प्रकार के विवेक सहित और भी बढ़ता जाए।"
    },
    "verse_number": 9
  },
  {
    "verse_count": "5001010",
    "book_number": "50",
    "chapter_number": "1",
    "book_name": {
      "english": "PHILIPPIANS",
      "hindi": "फिलिप्पियों"
    },
    "verse": {
      "english": "That ye may approve things that are excellent; that ye may be sincere and without offence till the day of Christ;",
      "hindi": "यहां तक कि तुम उत्तम से उत्तम बातों को प्रिय जानो, और मसीह के दिन तक सच्चे बने रहो; और ठोकर न खाओ।"
    },
    "verse_number": 10
  },
  {
    "verse_count": "5001011",
    "book_number": "50",
    "chapter_number": "1",
    "book_name": {
      "english": "PHILIPPIANS",
      "hindi": "फिलिप्पियों"
    },
    "verse": {
      "english": "Being filled with the fruits of righteousness, which are by Jesus Christ, unto the glory and praise of God.",
      "hindi": "और उस धामिर्कता के फल से जो यीशु मसीह के द्वारा होते हैं, भरपूर होते जाओ जिस से परमेश्वर की महिमा और स्तुति होती रहे॥"
    },
    "verse_number": 11
  },
  {
    "verse_count": "5001012",
    "book_number": "50",
    "chapter_number": "1",
    "book_name": {
      "english": "PHILIPPIANS",
      "hindi": "फिलिप्पियों"
    },
    "verse": {
      "english": "But I would ye should understand, brethren, that the things which happened unto me have fallen out rather unto the furtherance of the gospel;",
      "hindi": "हे भाइयों, मैं चाहता हूं, कि तुम यह जान लो, कि मुझ पर जो बीता है, उस से सुसमाचार ही की बढ़ती हुई है।"
    },
    "verse_number": 12
  },
  {
    "verse_count": "5001013",
    "book_number": "50",
    "chapter_number": "1",
    "book_name": {
      "english": "PHILIPPIANS",
      "hindi": "फिलिप्पियों"
    },
    "verse": {
      "english": "So that my bonds in Christ are manifest in all the palace, and in all other places;",
      "hindi": "यहां तक कि कैसरी राज्य की सारी पलटन और शेष सब लोगों में यह प्रगट हो गया है कि मैं मसीह के लिये कैद हूं।"
    },
    "verse_number": 13
  },
  {
    "verse_count": "5001014",
    "book_number": "50",
    "chapter_number": "1",
    "book_name": {
      "english": "PHILIPPIANS",
      "hindi": "फिलिप्पियों"
    },
    "verse": {
      "english": "And many of the brethren in the Lord, waxing confident by my bonds, are much more bold to speak the word without fear.",
      "hindi": "और प्रभु में जो भाई हैं, उन में से बहुधा मेरे कैद होने के कारण, हियाव बान्ध कर, परमेश्वर का वचन निधड़क सुनाने का और भी हियाव करते हैं।"
    },
    "verse_number": 14
  },
  {
    "verse_count": "5001015",
    "book_number": "50",
    "chapter_number": "1",
    "book_name": {
      "english": "PHILIPPIANS",
      "hindi": "फिलिप्पियों"
    },
    "verse": {
      "english": "Some indeed preach Christ even of envy and strife; and some also of good will:",
      "hindi": "कितने तो डाह और झगड़े के कारण मसीह का प्रचार करते हैं और कितने भली मनसा से।"
    },
    "verse_number": 15
  },
  {
    "verse_count": "5001016",
    "book_number": "50",
    "chapter_number": "1",
    "book_name": {
      "english": "PHILIPPIANS",
      "hindi": "फिलिप्पियों"
    },
    "verse": {
      "english": "The one preach Christ of contention, not sincerely, supposing to add affliction to my bonds:",
      "hindi": "कई एक तो यह जान कर कि मैं सुसमाचार के लिये उत्तर देने को ठहराया गया हूं प्रेम से प्रचार करते हैं।"
    },
    "verse_number": 16
  },
  {
    "verse_count": "5001017",
    "book_number": "50",
    "chapter_number": "1",
    "book_name": {
      "english": "PHILIPPIANS",
      "hindi": "फिलिप्पियों"
    },
    "verse": {
      "english": "But the other of love, knowing that I am set for the defence of the gospel.",
      "hindi": "और कई एक तो सीधाई से नहीं पर विरोध से मसीह की कथा सुनाते हैं, यह समझ कर कि मेरी कैद में मेरे लिये क्लेश उत्पन्न करें।"
    },
    "verse_number": 17
  },
  {
    "verse_count": "5001018",
    "book_number": "50",
    "chapter_number": "1",
    "book_name": {
      "english": "PHILIPPIANS",
      "hindi": "फिलिप्पियों"
    },
    "verse": {
      "english": "What then? notwithstanding, every way, whether in pretence, or in truth, Christ is preached; and I therein do rejoice, yea, and will rejoice.",
      "hindi": "सो क्या हुआ? केवल यह, कि हर प्रकार से चाहे बहाने से, चाहे सच्चाई से, मसीह की कथा सुनाई जाती है, और मैं इस से आनन्दित हूं, और आनन्दित रहूंगा भी।"
    },
    "verse_number": 18
  },
  {
    "verse_count": "5001019",
    "book_number": "50",
    "chapter_number": "1",
    "book_name": {
      "english": "PHILIPPIANS",
      "hindi": "फिलिप्पियों"
    },
    "verse": {
      "english": "For I know that this shall turn to my salvation through your prayer, and the supply of the Spirit of Jesus Christ,",
      "hindi": "क्योंकि मैं जानता हूं, कि तुम्हारी बिनती के द्वारा, और यीशु मसीह की आत्मा के दान के द्वारा इस का प्रतिफल मेरा उद्धार होगा।"
    },
    "verse_number": 19
  },
  {
    "verse_count": "5001020",
    "book_number": "50",
    "chapter_number": "1",
    "book_name": {
      "english": "PHILIPPIANS",
      "hindi": "फिलिप्पियों"
    },
    "verse": {
      "english": "According to my earnest expectation and my hope, that in nothing I shall be ashamed, but that with all boldness, as always, so now also Christ shall be magnified in my body, whether it be by life, or by death.",
      "hindi": "मैं तो यही हादिर्क लालसा और आशा रखता हूं, कि मैं किसी बात में लज्ज़ित न होऊं, पर जैसे मेरे प्रबल साहस के कारण मसीह की बड़ाई मेरी देह के द्वारा सदा होती रही है, वैसा ही अब भी हो चाहे मैं जीवित रहूं या मर जाऊं।"
    },
    "verse_number": 20
  },
  {
    "verse_count": "5001021",
    "book_number": "50",
    "chapter_number": "1",
    "book_name": {
      "english": "PHILIPPIANS",
      "hindi": "फिलिप्पियों"
    },
    "verse": {
      "english": "For to me to live is Christ, and to die is gain.",
      "hindi": "क्योंकि मेरे लिये जीवित रहना मसीह है, और मर जाना लाभ है।"
    },
    "verse_number": 21
  },
  {
    "verse_count": "5001022",
    "book_number": "50",
    "chapter_number": "1",
    "book_name": {
      "english": "PHILIPPIANS",
      "hindi": "फिलिप्पियों"
    },
    "verse": {
      "english": "But if I live in the flesh, this is the fruit of my labour: yet what I shall choose I wot not.",
      "hindi": "पर यदि शरीर में जीवित रहना ही मेरे काम के लिये लाभदायक है तो मैं नहीं जानता, कि किस को चुनूं।"
    },
    "verse_number": 22
  },
  {
    "verse_count": "5001023",
    "book_number": "50",
    "chapter_number": "1",
    "book_name": {
      "english": "PHILIPPIANS",
      "hindi": "फिलिप्पियों"
    },
    "verse": {
      "english": "For I am in a strait betwixt two, having a desire to depart, and to be with Christ; which is far better:",
      "hindi": "क्योंकि मैं दोनों के बीच अधर में लटका हूं; जी तो चाहता है कि कूच करके मसीह के पास जा रहूं, क्योंकि यह बहुत ही अच्छा है।"
    },
    "verse_number": 23
  },
  {
    "verse_count": "5001024",
    "book_number": "50",
    "chapter_number": "1",
    "book_name": {
      "english": "PHILIPPIANS",
      "hindi": "फिलिप्पियों"
    },
    "verse": {
      "english": "Nevertheless to abide in the flesh is more needful for you.",
      "hindi": "परन्तु शरीर में रहना तुम्हारे कारण और भी आवश्यक है।"
    },
    "verse_number": 24
  },
  {
    "verse_count": "5001025",
    "book_number": "50",
    "chapter_number": "1",
    "book_name": {
      "english": "PHILIPPIANS",
      "hindi": "फिलिप्पियों"
    },
    "verse": {
      "english": "And having this confidence, I know that I shall abide and continue with you all for your furtherance and joy of faith;",
      "hindi": "और इसलिये कि मुझे इस का भरोसा है सो मैं जानता हूं कि मैं जीवित रहूंगा, वरन तुम सब के साथ रहूंगा जिस से तुम विश्वास में दृढ़ होते जाओ और उस में आनन्दित रहो।"
    },
    "verse_number": 25
  },
  {
    "verse_count": "5001026",
    "book_number": "50",
    "chapter_number": "1",
    "book_name": {
      "english": "PHILIPPIANS",
      "hindi": "फिलिप्पियों"
    },
    "verse": {
      "english": "That your rejoicing may be more abundant in Jesus Christ for me by my coming to you again.",
      "hindi": "और जो घमण्ड तुम मेरे विषय में करते हो, वह मेरे फिर तुम्हारे पास आने से मसीह यीशु में अधिक बढ़ जाए।"
    },
    "verse_number": 26
  },
  {
    "verse_count": "5001027",
    "book_number": "50",
    "chapter_number": "1",
    "book_name": {
      "english": "PHILIPPIANS",
      "hindi": "फिलिप्पियों"
    },
    "verse": {
      "english": "Only let your conversation be as it becometh the gospel of Christ: that whether I come and see you, or else be absent, I may hear of your affairs, that ye stand fast in one spirit, with one mind striving together for the faith of the gospel;",
      "hindi": "केवल इतना करो कि तुम्हारा चाल-चलन मसीह के सुसमाचार के योग्य हो कि चाहे मैं आकर तुम्हें देखूं, चाहे न भी आऊं, तुम्हारे विषय में यह सुनूं, कि तुम एक ही आत्मा में स्थिर हो, और एक चित्त होकर सुसमाचार के विश्वास के लिये परिश्रम करते रहते हो।"
    },
    "verse_number": 27
  },
  {
    "verse_count": "5001028",
    "book_number": "50",
    "chapter_number": "1",
    "book_name": {
      "english": "PHILIPPIANS",
      "hindi": "फिलिप्पियों"
    },
    "verse": {
      "english": "And in nothing terrified by your adversaries: which is to them an evident token of perdition, but to you of salvation, and that of God.",
      "hindi": "और किसी बात में विरोधियों से भय नहीं खाते यह उन के लिये विनाश का स्पष्ट चिन्ह है, परन्तु तुम्हारे लिये उद्धार का, और यह परमेश्वर की ओर से है।"
    },
    "verse_number": 28
  },
  {
    "verse_count": "5001029",
    "book_number": "50",
    "chapter_number": "1",
    "book_name": {
      "english": "PHILIPPIANS",
      "hindi": "फिलिप्पियों"
    },
    "verse": {
      "english": "For unto you it is given in the behalf of Christ, not only to believe on him, but also to suffer for his sake;",
      "hindi": "क्योंकि मसीह के कारण तुम पर यह अनुग्रह हुआ कि न केवल उस पर विश्वास करो पर उसके लिये दुख भी उठाओ।"
    },
    "verse_number": 29
  },
  {
    "verse_count": "5001030",
    "book_number": "50",
    "chapter_number": "1",
    "book_name": {
      "english": "PHILIPPIANS",
      "hindi": "फिलिप्पियों"
    },
    "verse": {
      "english": "Having the same conflict which ye saw in me, and now hear to be in me.",
      "hindi": "और तुम्हें वैसा ही परिश्रम करना है, जैसा तुम ने मुझे करते देखा है, और अब भी सुनते हो, कि मैं वैसा ही करता हूं॥"
    },
    "verse_number": 30
  },
  {
    "verse_count": "500201",
    "book_number": "50",
    "chapter_number": "2",
    "book_name": {
      "english": "PHILIPPIANS",
      "hindi": "फिलिप्पियों"
    },
    "verse": {
      "english": "If there be therefore any consolation in Christ, if any comfort of love, if any fellowship of the Spirit, if any bowels and mercies,",
      "hindi": "सोयदि मसीह में कुछ शान्ति और प्रेम से ढाढ़स और आत्मा की सहभागिता, और कुछ करूणा और दया है।"
    },
    "verse_number": 1
  },
  {
    "verse_count": "500202",
    "book_number": "50",
    "chapter_number": "2",
    "book_name": {
      "english": "PHILIPPIANS",
      "hindi": "फिलिप्पियों"
    },
    "verse": {
      "english": "Fulfil ye my joy, that ye be likeminded, having the same love, being of one accord, of one mind.",
      "hindi": "तो मेरा यह आनन्द पूरा करो कि एक मन रहो और एक ही प्रेम, एक ही चित्त, और एक ही मनसा रखो।"
    },
    "verse_number": 2
  },
  {
    "verse_count": "500203",
    "book_number": "50",
    "chapter_number": "2",
    "book_name": {
      "english": "PHILIPPIANS",
      "hindi": "फिलिप्पियों"
    },
    "verse": {
      "english": "Let nothing be done through strife or vainglory; but in lowliness of mind let each esteem other better than themselves.",
      "hindi": "विरोध या झूठी बड़ाई के लिये कुछ न करो पर दीनता से एक दूसरे को अपने से अच्छा समझो।"
    },
    "verse_number": 3
  },
  {
    "verse_count": "500204",
    "book_number": "50",
    "chapter_number": "2",
    "book_name": {
      "english": "PHILIPPIANS",
      "hindi": "फिलिप्पियों"
    },
    "verse": {
      "english": "Look not every man on his own things, but every man also on the things of others.",
      "hindi": "हर एक अपनी ही हित की नहीं, वरन दूसरों की हित की भी चिन्ता करे।"
    },
    "verse_number": 4
  },
  {
    "verse_count": "500205",
    "book_number": "50",
    "chapter_number": "2",
    "book_name": {
      "english": "PHILIPPIANS",
      "hindi": "फिलिप्पियों"
    },
    "verse": {
      "english": "Let this mind be in you, which was also in Christ Jesus:",
      "hindi": "जैसा मसीह यीशु का स्वभाव था वैसा ही तुम्हारा भी स्वभाव हो।"
    },
    "verse_number": 5
  },
  {
    "verse_count": "500206",
    "book_number": "50",
    "chapter_number": "2",
    "book_name": {
      "english": "PHILIPPIANS",
      "hindi": "फिलिप्पियों"
    },
    "verse": {
      "english": "Who, being in the form of God, thought it not robbery to be equal with God:",
      "hindi": "जिस ने परमेश्वर के स्वरूप में होकर भी परमेश्वर के तुल्य होने को अपने वश में रखने की वस्तु न समझा।"
    },
    "verse_number": 6
  },
  {
    "verse_count": "500207",
    "book_number": "50",
    "chapter_number": "2",
    "book_name": {
      "english": "PHILIPPIANS",
      "hindi": "फिलिप्पियों"
    },
    "verse": {
      "english": "But made himself of no reputation, and took upon him the form of a servant, and was made in the likeness of men:",
      "hindi": "वरन अपने आप को ऐसा शून्य कर दिया, और दास का स्वरूप धारण किया, और मनुष्य की समानता में हो गया।"
    },
    "verse_number": 7
  },
  {
    "verse_count": "500208",
    "book_number": "50",
    "chapter_number": "2",
    "book_name": {
      "english": "PHILIPPIANS",
      "hindi": "फिलिप्पियों"
    },
    "verse": {
      "english": "And being found in fashion as a man, he humbled himself, and became obedient unto death, even the death of the cross.",
      "hindi": "और मनुष्य के रूप में प्रगट होकर अपने आप को दीन किया, और यहां तक आज्ञाकारी रहा, कि मृत्यु, हां, क्रूस की मृत्यु भी सह ली।"
    },
    "verse_number": 8
  },
  {
    "verse_count": "500209",
    "book_number": "50",
    "chapter_number": "2",
    "book_name": {
      "english": "PHILIPPIANS",
      "hindi": "फिलिप्पियों"
    },
    "verse": {
      "english": "Wherefore God also hath highly exalted him, and given him a name which is above every name:",
      "hindi": "इस कारण परमेश्वर ने उस को अति महान भी किया, और उस को वह नाम दिया जो सब नामों में श्रेष्ठ है।"
    },
    "verse_number": 9
  },
  {
    "verse_count": "5002010",
    "book_number": "50",
    "chapter_number": "2",
    "book_name": {
      "english": "PHILIPPIANS",
      "hindi": "फिलिप्पियों"
    },
    "verse": {
      "english": "That at the name of Jesus every knee should bow, of things in heaven, and things in earth, and things under the earth;",
      "hindi": "कि जो स्वर्ग में और पृथ्वी पर और जो पृथ्वी के नीचे है; वे सब यीशु के नाम पर घुटना टेकें।"
    },
    "verse_number": 10
  },
  {
    "verse_count": "5002011",
    "book_number": "50",
    "chapter_number": "2",
    "book_name": {
      "english": "PHILIPPIANS",
      "hindi": "फिलिप्पियों"
    },
    "verse": {
      "english": "And that every tongue should confess that Jesus Christ is Lord, to the glory of God the Father.",
      "hindi": "और परमेश्वर पिता की महिमा के लिये हर एक जीभ अंगीकार कर ले कि यीशु मसीह ही प्रभु है॥"
    },
    "verse_number": 11
  },
  {
    "verse_count": "5002012",
    "book_number": "50",
    "chapter_number": "2",
    "book_name": {
      "english": "PHILIPPIANS",
      "hindi": "फिलिप्पियों"
    },
    "verse": {
      "english": "Wherefore, my beloved, as ye have always obeyed, not as in my presence only, but now much more in my absence, work out your own salvation with fear and trembling.",
      "hindi": "सो हे मेरे प्यारो, जिस प्रकार तुम सदा से आज्ञा मानते आए हो, वैसे ही अब भी न केवल मेरे साथ रहते हुए पर विशेष करके अब मेरे दूर रहने पर भी डरते और कांपते हुए अपने अपने उद्धार का कार्य पूरा करते जाओ।"
    },
    "verse_number": 12
  },
  {
    "verse_count": "5002013",
    "book_number": "50",
    "chapter_number": "2",
    "book_name": {
      "english": "PHILIPPIANS",
      "hindi": "फिलिप्पियों"
    },
    "verse": {
      "english": "For it is God which worketh in you both to will and to do of his good pleasure.",
      "hindi": "क्योंकि परमेश्वर ही है, जिस न अपनी सुइच्छा निमित्त तुम्हारे मन में इच्छा और काम, दोनों बातों के करने का प्रभाव डाला है।"
    },
    "verse_number": 13
  },
  {
    "verse_count": "5002014",
    "book_number": "50",
    "chapter_number": "2",
    "book_name": {
      "english": "PHILIPPIANS",
      "hindi": "फिलिप्पियों"
    },
    "verse": {
      "english": "Do all things without murmurings and disputings:",
      "hindi": "सब काम बिना कुड़कुड़ाए और बिना विवाद के किया करो।"
    },
    "verse_number": 14
  },
  {
    "verse_count": "5002015",
    "book_number": "50",
    "chapter_number": "2",
    "book_name": {
      "english": "PHILIPPIANS",
      "hindi": "फिलिप्पियों"
    },
    "verse": {
      "english": "That ye may be blameless and harmless, the sons of God, without rebuke, in the midst of a crooked and perverse nation, among whom ye shine as lights in the world;",
      "hindi": "ताकि तुम निर्दोष और भोले होकर टेढ़े और हठीले लोगों के बीच परमेश्वर के निष्कलंक सन्तान बने रहो, (जिन के बीच में तुम जीवन का वचन लिए हुए जगत में जलते दीपकों की नाईं दिखाई देते हो)।"
    },
    "verse_number": 15
  },
  {
    "verse_count": "5002016",
    "book_number": "50",
    "chapter_number": "2",
    "book_name": {
      "english": "PHILIPPIANS",
      "hindi": "फिलिप्पियों"
    },
    "verse": {
      "english": "Holding forth the word of life; that I may rejoice in the day of Christ, that I have not run in vain, neither laboured in vain.",
      "hindi": "कि मसीह के दिन मुझे घमण्ड करने का कारण हो, कि न मेरा दौड़ना और न मेरा परिश्रम करना व्यर्थ हुआ।"
    },
    "verse_number": 16
  },
  {
    "verse_count": "5002017",
    "book_number": "50",
    "chapter_number": "2",
    "book_name": {
      "english": "PHILIPPIANS",
      "hindi": "फिलिप्पियों"
    },
    "verse": {
      "english": "Yea, and if I be offered upon the sacrifice and service of your faith, I joy, and rejoice with you all.",
      "hindi": "और यदि मुझे तुम्हारे विश्वास के बलिदान और सेवा के साथ अपना लोहू भी बहाना पड़े तौभी मैं आनन्दित हूं, और तुम सब के साथ आनन्द करता हूं।"
    },
    "verse_number": 17
  },
  {
    "verse_count": "5002018",
    "book_number": "50",
    "chapter_number": "2",
    "book_name": {
      "english": "PHILIPPIANS",
      "hindi": "फिलिप्पियों"
    },
    "verse": {
      "english": "For the same cause also do ye joy, and rejoice with me.",
      "hindi": "वैसे ही तुम भी आनन्दित हो, और मेरे साथ आनन्द करो॥"
    },
    "verse_number": 18
  },
  {
    "verse_count": "5002019",
    "book_number": "50",
    "chapter_number": "2",
    "book_name": {
      "english": "PHILIPPIANS",
      "hindi": "फिलिप्पियों"
    },
    "verse": {
      "english": "But I trust in the Lord Jesus to send Timotheus shortly unto you, that I also may be of good comfort, when I know your state.",
      "hindi": "मुझे प्रभु यीशु में आशा है, कि मैं तीमुथियुस को तुम्हारे पास तुरन्त भेजूंगा, ताकि तुम्हारी दशा सुनकर मुझे शान्ति मिले।"
    },
    "verse_number": 19
  },
  {
    "verse_count": "5002020",
    "book_number": "50",
    "chapter_number": "2",
    "book_name": {
      "english": "PHILIPPIANS",
      "hindi": "फिलिप्पियों"
    },
    "verse": {
      "english": "For I have no man likeminded, who will naturally care for your state.",
      "hindi": "क्योंकि मेरे पास ऐसे स्वाभाव का कोई नहीं, जो शुद्ध मन से तुम्हारी चिन्ता करे।"
    },
    "verse_number": 20
  },
  {
    "verse_count": "5002021",
    "book_number": "50",
    "chapter_number": "2",
    "book_name": {
      "english": "PHILIPPIANS",
      "hindi": "फिलिप्पियों"
    },
    "verse": {
      "english": "For all seek their own, not the things which are Jesus Christ's.",
      "hindi": "क्योंकि सब अपने स्वार्थ की खोज में रहते हैं, न कि यीशु मसीह की।"
    },
    "verse_number": 21
  },
  {
    "verse_count": "5002022",
    "book_number": "50",
    "chapter_number": "2",
    "book_name": {
      "english": "PHILIPPIANS",
      "hindi": "फिलिप्पियों"
    },
    "verse": {
      "english": "But ye know the proof of him, that, as a son with the father, he hath served with me in the gospel.",
      "hindi": "पर उसको तो तुम ने परखा और जान भी लिया है, कि जैसा पुत्र पिता के साथ करता है, वैसा ही उस ने सुसमाचार के फैलाने में मेरे साथ परिश्रम किया।"
    },
    "verse_number": 22
  },
  {
    "verse_count": "5002023",
    "book_number": "50",
    "chapter_number": "2",
    "book_name": {
      "english": "PHILIPPIANS",
      "hindi": "फिलिप्पियों"
    },
    "verse": {
      "english": "Him therefore I hope to send presently, so soon as I shall see how it will go with me.",
      "hindi": "सो मुझे आशा है, कि ज्योंही मुझे जान पड़ेगा कि मेरी क्या दशा होगी, त्योंही मैं उसे तुरन्त भेज दूंगा।"
    },
    "verse_number": 23
  },
  {
    "verse_count": "5002024",
    "book_number": "50",
    "chapter_number": "2",
    "book_name": {
      "english": "PHILIPPIANS",
      "hindi": "फिलिप्पियों"
    },
    "verse": {
      "english": "But I trust in the Lord that I also myself shall come shortly.",
      "hindi": "और मुझे प्रभु में भरोसा है, कि मैं आप भी शीघ्र आऊंगा।"
    },
    "verse_number": 24
  },
  {
    "verse_count": "5002025",
    "book_number": "50",
    "chapter_number": "2",
    "book_name": {
      "english": "PHILIPPIANS",
      "hindi": "फिलिप्पियों"
    },
    "verse": {
      "english": "Yet I supposed it necessary to send to you Epaphroditus, my brother, and companion in labour, and fellowsoldier, but your messenger, and he that ministered to my wants.",
      "hindi": "पर मैं ने इपफ्रदीतुस को जो मेरा भाई, और सहकर्मी और संगी योद्धा और तुम्हारा दूत, और आवश्यक बातों में मेरी सेवा टहल करने वाला है, तुम्हारे पास भेजना अवश्य समझा।"
    },
    "verse_number": 25
  },
  {
    "verse_count": "5002026",
    "book_number": "50",
    "chapter_number": "2",
    "book_name": {
      "english": "PHILIPPIANS",
      "hindi": "फिलिप्पियों"
    },
    "verse": {
      "english": "For he longed after you all, and was full of heaviness, because that ye had heard that he had been sick.",
      "hindi": "क्योंकि उसका मन तुम सब में लगा हुआ था, इस कारण वह व्याकुल रहता था क्योंकि तुम ने उस की बीमारी का हाल सुना था।"
    },
    "verse_number": 26
  },
  {
    "verse_count": "5002027",
    "book_number": "50",
    "chapter_number": "2",
    "book_name": {
      "english": "PHILIPPIANS",
      "hindi": "फिलिप्पियों"
    },
    "verse": {
      "english": "For indeed he was sick nigh unto death: but God had mercy on him; and not on him only, but on me also, lest I should have sorrow upon sorrow.",
      "hindi": "और निश्चय वह बीमार तो हो गया था, यहां तक कि मरने पर था, परन्तु परमेश्वर ने उस पर दया की; और केवल उस ही पर नहीं, पर मुझ पर भी, कि मुझे शोक पर शोक न हो।"
    },
    "verse_number": 27
  },
  {
    "verse_count": "5002028",
    "book_number": "50",
    "chapter_number": "2",
    "book_name": {
      "english": "PHILIPPIANS",
      "hindi": "फिलिप्पियों"
    },
    "verse": {
      "english": "I sent him therefore the more carefully, that, when ye see him again, ye may rejoice, and that I may be the less sorrowful.",
      "hindi": "इसलिये मैं ने उसे भेजने का और भी यत्न किया कि तुम उस से फिर भेंट करके आनन्दित हो जाओ और मेरा भी शोक घट जाए।"
    },
    "verse_number": 28
  },
  {
    "verse_count": "5002029",
    "book_number": "50",
    "chapter_number": "2",
    "book_name": {
      "english": "PHILIPPIANS",
      "hindi": "फिलिप्पियों"
    },
    "verse": {
      "english": "Receive him therefore in the Lord with all gladness; and hold such in reputation:",
      "hindi": "इसलिये तुम प्रभु में उस से बहुत आनन्द के साथ भेंट करना, और ऐसों का आदर किया करना।"
    },
    "verse_number": 29
  },
  {
    "verse_count": "5002030",
    "book_number": "50",
    "chapter_number": "2",
    "book_name": {
      "english": "PHILIPPIANS",
      "hindi": "फिलिप्पियों"
    },
    "verse": {
      "english": "Because for the work of Christ he was nigh unto death, not regarding his life, to supply your lack of service toward me.",
      "hindi": "क्योंकि वही मसीह के काम के लिये अपने प्राणों पर जोखिम उठाकर मरने के निकट हो गया था, ताकि जो घटी तुम्हारी ओर से मेरी सेवा में हुई, उसे पूरा करे॥"
    },
    "verse_number": 30
  },
  {
    "verse_count": "500301",
    "book_number": "50",
    "chapter_number": "3",
    "book_name": {
      "english": "PHILIPPIANS",
      "hindi": "फिलिप्पियों"
    },
    "verse": {
      "english": "Finally, my brethren, rejoice in the Lord. To write the same things to you, to me indeed is not grievous, but for you it is safe.",
      "hindi": "निदान, हे मेरे भाइयो, प्रभु में आनन्दित रहो: वे ही बातें तुम को बार बार लिखने में मुझे तो कोई कष्ट नहीं होता, और इस में तुम्हारी कुशलता है।"
    },
    "verse_number": 1
  },
  {
    "verse_count": "500302",
    "book_number": "50",
    "chapter_number": "3",
    "book_name": {
      "english": "PHILIPPIANS",
      "hindi": "फिलिप्पियों"
    },
    "verse": {
      "english": "Beware of dogs, beware of evil workers, beware of the concision.",
      "hindi": "कुत्तों से चौकस रहो, उन बुरे काम करने वालों से चौकस रहो, उन काट कूट करने वालों से चौकस रहो।"
    },
    "verse_number": 2
  },
  {
    "verse_count": "500303",
    "book_number": "50",
    "chapter_number": "3",
    "book_name": {
      "english": "PHILIPPIANS",
      "hindi": "फिलिप्पियों"
    },
    "verse": {
      "english": "For we are the circumcision, which worship God in the spirit, and rejoice in Christ Jesus, and have no confidence in the flesh.",
      "hindi": "क्योंकि खतना वाले तो हम ही हैं जो परमेश्वर के आत्मा की अगुवाई से उपासना करते हैं, और मसीह यीशु पर घमण्ड करते हैं और शरीर पर भरोसा नहीं रखते।"
    },
    "verse_number": 3
  },
  {
    "verse_count": "500304",
    "book_number": "50",
    "chapter_number": "3",
    "book_name": {
      "english": "PHILIPPIANS",
      "hindi": "फिलिप्पियों"
    },
    "verse": {
      "english": "Though I might also have confidence in the flesh. If any other man thinketh that he hath whereof he might trust in the flesh, I more:",
      "hindi": "पर मैं तो शरीर पर भी भरोसा रख सकता हूं यदि किसी और को शरीर पर भरोसा रखने का विचार हो, तो मैं उस से भी बढ़कर रख सकता हूं।"
    },
    "verse_number": 4
  },
  {
    "verse_count": "500305",
    "book_number": "50",
    "chapter_number": "3",
    "book_name": {
      "english": "PHILIPPIANS",
      "hindi": "फिलिप्पियों"
    },
    "verse": {
      "english": "Circumcised the eighth day, of the stock of Israel, of the tribe of Benjamin, an Hebrew of the Hebrews; as touching the law, a Pharisee;",
      "hindi": "आठवें दिन मेरा खतना हुआ, इस्त्राएल के वंश, और बिन्यामीन के गोत्र का हूं; इब्रानियों का इब्रानी हूं; व्यवस्था के विषय में यदि कहो तो फरीसी हूं।"
    },
    "verse_number": 5
  },
  {
    "verse_count": "500306",
    "book_number": "50",
    "chapter_number": "3",
    "book_name": {
      "english": "PHILIPPIANS",
      "hindi": "फिलिप्पियों"
    },
    "verse": {
      "english": "Concerning zeal, persecuting the church; touching the righteousness which is in the law, blameless.",
      "hindi": "उत्साह के विषय में यदि कहो तो कलीसिया का सताने वाला; और व्यवस्था की धामिर्कता के विषय में यदि कहो तो निर्दोष था।"
    },
    "verse_number": 6
  },
  {
    "verse_count": "500307",
    "book_number": "50",
    "chapter_number": "3",
    "book_name": {
      "english": "PHILIPPIANS",
      "hindi": "फिलिप्पियों"
    },
    "verse": {
      "english": "But what things were gain to me, those I counted loss for Christ.",
      "hindi": "परन्तु जो जो बातें मेरे लाभ की थीं, उन्हीं को मैं ने मसीह के कारण हानि समझ लिया है।"
    },
    "verse_number": 7
  },
  {
    "verse_count": "500308",
    "book_number": "50",
    "chapter_number": "3",
    "book_name": {
      "english": "PHILIPPIANS",
      "hindi": "फिलिप्पियों"
    },
    "verse": {
      "english": "Yea doubtless, and I count all things but loss for the excellency of the knowledge of Christ Jesus my Lord: for whom I have suffered the loss of all things, and do count them but dung, that I may win Christ,",
      "hindi": "वरन मैं अपने प्रभु मसीह यीशु की पहिचान की उत्तमता के कारण सब बातों को हानि समझता हूं: जिस के कारण मैं ने सब वस्तुओं की हानि उठाई, और उन्हें कूड़ा समझता हूं, जिस से मैं मसीह को प्राप्त करूं।"
    },
    "verse_number": 8
  },
  {
    "verse_count": "500309",
    "book_number": "50",
    "chapter_number": "3",
    "book_name": {
      "english": "PHILIPPIANS",
      "hindi": "फिलिप्पियों"
    },
    "verse": {
      "english": "And be found in him, not having mine own righteousness, which is of the law, but that which is through the faith of Christ, the righteousness which is of God by faith:",
      "hindi": "और उस में पाया जाऊं; न कि अपनी उस धामिर्कता के साथ, जो व्यवस्था से है, वरन उस धामिर्कता के साथ जो मसीह पर विश्वास करने के कारण है, और परमेश्वर की ओर से विश्वास करने पर मिलती है।"
    },
    "verse_number": 9
  },
  {
    "verse_count": "5003010",
    "book_number": "50",
    "chapter_number": "3",
    "book_name": {
      "english": "PHILIPPIANS",
      "hindi": "फिलिप्पियों"
    },
    "verse": {
      "english": "That I may know him, and the power of his resurrection, and the fellowship of his sufferings, being made conformable unto his death;",
      "hindi": "और मैं उस को और उसके मृत्युंजय की सामर्थ को, और उसके साथ दुखों में सहभागी हाने के मर्म को जानूँ, और उस की मृत्यु की समानता को प्राप्त करूं।"
    },
    "verse_number": 10
  },
  {
    "verse_count": "5003011",
    "book_number": "50",
    "chapter_number": "3",
    "book_name": {
      "english": "PHILIPPIANS",
      "hindi": "फिलिप्पियों"
    },
    "verse": {
      "english": "If by any means I might attain unto the resurrection of the dead.",
      "hindi": "ताकि मैं किसी भी रीति से मरे हुओं में से जी उठने के पद तक पहुंचूं।"
    },
    "verse_number": 11
  },
  {
    "verse_count": "5003012",
    "book_number": "50",
    "chapter_number": "3",
    "book_name": {
      "english": "PHILIPPIANS",
      "hindi": "फिलिप्पियों"
    },
    "verse": {
      "english": "Not as though I had already attained, either were already perfect: but I follow after, if that I may apprehend that for which also I am apprehended of Christ Jesus.",
      "hindi": "यह मतलब नहीं, कि मैं पा चुका हूं, या सिद्ध हो चुका हूं: पर उस पदार्थ को पकड़ने के लिये दौड़ा चला जाता हूं, जिस के लिये मसीह यीशु ने मुझे पकड़ा था।"
    },
    "verse_number": 12
  },
  {
    "verse_count": "5003013",
    "book_number": "50",
    "chapter_number": "3",
    "book_name": {
      "english": "PHILIPPIANS",
      "hindi": "फिलिप्पियों"
    },
    "verse": {
      "english": "Brethren, I count not myself to have apprehended: but this one thing I do, forgetting those things which are behind, and reaching forth unto those things which are before,",
      "hindi": "हे भाइयों, मेरी भावना यह नहीं कि मैं पकड़ चुका हूं: परन्तु केवल यह एक काम करता हूं, कि जो बातें पीछे रह गई हैं उन को भूल कर, आगे की बातों की ओर बढ़ता हुआ।"
    },
    "verse_number": 13
  },
  {
    "verse_count": "5003014",
    "book_number": "50",
    "chapter_number": "3",
    "book_name": {
      "english": "PHILIPPIANS",
      "hindi": "फिलिप्पियों"
    },
    "verse": {
      "english": "I press toward the mark for the prize of the high calling of God in Christ Jesus.",
      "hindi": "निशाने की ओर दौड़ा चला जाता हूं, ताकि वह इनाम पाऊं, जिस के लिये परमेश्वर ने मुझे मसीह यीशु में ऊपर बुलाया है।"
    },
    "verse_number": 14
  },
  {
    "verse_count": "5003015",
    "book_number": "50",
    "chapter_number": "3",
    "book_name": {
      "english": "PHILIPPIANS",
      "hindi": "फिलिप्पियों"
    },
    "verse": {
      "english": "Let us therefore, as many as be perfect, be thus minded: and if in any thing ye be otherwise minded, God shall reveal even this unto you.",
      "hindi": "सो हम में से जितने सिद्ध हैं, यही विचार रखें, और यदि किसी बात में तुम्हारा और ही विचार हो तो परमेश्वर उसे भी तुम पर प्रगट कर देगा।"
    },
    "verse_number": 15
  },
  {
    "verse_count": "5003016",
    "book_number": "50",
    "chapter_number": "3",
    "book_name": {
      "english": "PHILIPPIANS",
      "hindi": "फिलिप्पियों"
    },
    "verse": {
      "english": "Nevertheless, whereto we have already attained, let us walk by the same rule, let us mind the same thing.",
      "hindi": "सो जहां तक हम पहुंचे हैं, उसी के अनुसार चलें॥"
    },
    "verse_number": 16
  },
  {
    "verse_count": "5003017",
    "book_number": "50",
    "chapter_number": "3",
    "book_name": {
      "english": "PHILIPPIANS",
      "hindi": "फिलिप्पियों"
    },
    "verse": {
      "english": "Brethren, be followers together of me, and mark them which walk so as ye have us for an ensample.",
      "hindi": "हे भाइयो, तुम सब मिलकर मेरी सी चाल चलो, और उन्हें पहिचान रखो, जो इस रीति पर चलते हैं जिस का उदाहरण तुम हम में पाते हो।"
    },
    "verse_number": 17
  },
  {
    "verse_count": "5003018",
    "book_number": "50",
    "chapter_number": "3",
    "book_name": {
      "english": "PHILIPPIANS",
      "hindi": "फिलिप्पियों"
    },
    "verse": {
      "english": "(For many walk, of whom I have told you often, and now tell you even weeping, that they are the enemies of the cross of Christ:",
      "hindi": "क्योंकि बहुतेरे ऐसी चाल चलते हैं, जिन की चर्चा मैं ने तुम से बार बार किया है और अब भी रो रोकर कहता हूं, कि वे अपनी चालचलन से मसीह के क्रूस के बैरी हैं।"
    },
    "verse_number": 18
  },
  {
    "verse_count": "5003019",
    "book_number": "50",
    "chapter_number": "3",
    "book_name": {
      "english": "PHILIPPIANS",
      "hindi": "फिलिप्पियों"
    },
    "verse": {
      "english": "Whose end is destruction, whose God is their belly, and whose glory is in their shame, who mind earthly things.)",
      "hindi": "उन का अन्त विनाश है, उन का ईश्वर पेट है, वे अपनी लज्ज़ा की बातों पर घमण्ड करते हैं, और पृथ्वी की वस्तुओं पर मन लगाए रहते हैं।"
    },
    "verse_number": 19
  },
  {
    "verse_count": "5003020",
    "book_number": "50",
    "chapter_number": "3",
    "book_name": {
      "english": "PHILIPPIANS",
      "hindi": "फिलिप्पियों"
    },
    "verse": {
      "english": "For our conversation is in heaven; from whence also we look for the Saviour, the Lord Jesus Christ:",
      "hindi": "पर हमारा स्वदेश स्वर्ग पर है; और हम एक उद्धारकर्ता प्रभु यीशु मसीह के वहां से आने ही बाट जोह रहे हैं।"
    },
    "verse_number": 20
  },
  {
    "verse_count": "5003021",
    "book_number": "50",
    "chapter_number": "3",
    "book_name": {
      "english": "PHILIPPIANS",
      "hindi": "फिलिप्पियों"
    },
    "verse": {
      "english": "Who shall change our vile body, that it may be fashioned like unto his glorious body, according to the working whereby he is able even to subdue all things unto himself.",
      "hindi": "वह अपनी शक्ति के उस प्रभाव के अनुसार जिस के द्वारा वह सब वस्तुओं को अपने वश में कर सकता है, हमारी दीन-हीन देह का रूप बदलकर, अपनी महिमा की देह के अनुकूल बना देगा॥"
    },
    "verse_number": 21
  },
  {
    "verse_count": "500401",
    "book_number": "50",
    "chapter_number": "4",
    "book_name": {
      "english": "PHILIPPIANS",
      "hindi": "फिलिप्पियों"
    },
    "verse": {
      "english": "Therefore, my brethren dearly beloved and longed for, my joy and crown, so stand fast in the Lord, my dearly beloved.",
      "hindi": "इसलिये हे मेरे प्रिय भाइयों, जिन में मेरा जी लगा रहता है जो मेरे आनन्द और मुकुट हो, हे प्रिय भाइयो, प्रभु में इसी प्रकार स्थिर रहो॥"
    },
    "verse_number": 1
  },
  {
    "verse_count": "500402",
    "book_number": "50",
    "chapter_number": "4",
    "book_name": {
      "english": "PHILIPPIANS",
      "hindi": "फिलिप्पियों"
    },
    "verse": {
      "english": "I beseech Euodias, and beseech Syntyche, that they be of the same mind in the Lord.",
      "hindi": "मैं यूओदिया को भी समझाता हूं, और सुन्तुखे को भी, कि वे प्रभु में एक मन रहें।"
    },
    "verse_number": 2
  },
  {
    "verse_count": "500403",
    "book_number": "50",
    "chapter_number": "4",
    "book_name": {
      "english": "PHILIPPIANS",
      "hindi": "फिलिप्पियों"
    },
    "verse": {
      "english": "And I intreat thee also, true yokefellow, help those women which laboured with me in the gospel, with Clement also, and with other my fellowlabourers, whose names are in the book of life.",
      "hindi": "और हे सच्चे सहकर्मी मैं तुझ से भी बिनती करता हूं, कि तू उन स्त्रियों की सहयता कर, क्योंकि उन्होंने मेरे साथ सुसमाचार फैलाने में, क्लेमेंस और मेरे उन और सहकिर्मयों समेत परिश्रम किया, जिन के नाम जीवन की पुस्तक में लिखे हुए हैं।"
    },
    "verse_number": 3
  },
  {
    "verse_count": "500404",
    "book_number": "50",
    "chapter_number": "4",
    "book_name": {
      "english": "PHILIPPIANS",
      "hindi": "फिलिप्पियों"
    },
    "verse": {
      "english": "Rejoice in the Lord alway: and again I say, Rejoice.",
      "hindi": "प्रभु में सदा आनन्दित रहो; मैं फिर कहता हूं, आनन्दित रहो।"
    },
    "verse_number": 4
  },
  {
    "verse_count": "500405",
    "book_number": "50",
    "chapter_number": "4",
    "book_name": {
      "english": "PHILIPPIANS",
      "hindi": "फिलिप्पियों"
    },
    "verse": {
      "english": "Let your moderation be known unto all men. The Lord is at hand.",
      "hindi": "तुम्हारी कोमलता सब मनुष्यों पर प्रगट हो: प्रभु निकट है।"
    },
    "verse_number": 5
  },
  {
    "verse_count": "500406",
    "book_number": "50",
    "chapter_number": "4",
    "book_name": {
      "english": "PHILIPPIANS",
      "hindi": "फिलिप्पियों"
    },
    "verse": {
      "english": "Be careful for nothing; but in every thing by prayer and supplication with thanksgiving let your requests be made known unto God.",
      "hindi": "किसी भी बात की चिन्ता मत करो: परन्तु हर एक बात में तुम्हारे निवेदन, प्रार्थना और बिनती के द्वारा धन्यवाद के साथ परमेश्वर के सम्मुख अपस्थित किए जाएं।"
    },
    "verse_number": 6
  },
  {
    "verse_count": "500407",
    "book_number": "50",
    "chapter_number": "4",
    "book_name": {
      "english": "PHILIPPIANS",
      "hindi": "फिलिप्पियों"
    },
    "verse": {
      "english": "And the peace of God, which passeth all understanding, shall keep your hearts and minds through Christ Jesus.",
      "hindi": "तब परमेश्वर की शान्ति, जो समझ से बिलकुल परे है, तुम्हारे हृदय और तुम्हारे विचारों को मसीह यीशु में सुरिक्षत रखेगी॥"
    },
    "verse_number": 7
  },
  {
    "verse_count": "500408",
    "book_number": "50",
    "chapter_number": "4",
    "book_name": {
      "english": "PHILIPPIANS",
      "hindi": "फिलिप्पियों"
    },
    "verse": {
      "english": "Finally, brethren, whatsoever things are true, whatsoever things are honest, whatsoever things are just, whatsoever things are pure, whatsoever things are lovely, whatsoever things are of good report; if there be any virtue, and if there be any praise, think on these things.",
      "hindi": "निदान, हे भाइयों, जो जो बातें सत्य हैं, और जो जो बातें आदरणीय हैं, और जो जो बातें उचित हैं, और जो जो बातें पवित्र हैं, और जो जो बातें सुहावनी हैं, और जो जो बातें मनभावनी हैं, निदान, जो जो सदगुण और प्रशंसा की बातें हैं, उन्हीं पर ध्यान लगाया करो।"
    },
    "verse_number": 8
  },
  {
    "verse_count": "500409",
    "book_number": "50",
    "chapter_number": "4",
    "book_name": {
      "english": "PHILIPPIANS",
      "hindi": "फिलिप्पियों"
    },
    "verse": {
      "english": "Those things, which ye have both learned, and received, and heard, and seen in me, do: and the God of peace shall be with you.",
      "hindi": "जो बातें तुम ने मुझ से सीखीं, और ग्रहण की, और सुनी, और मुझ में देखीं, उन्हीं का पालन किया करो, तब परमेश्वर जो शान्ति का सोता है तुम्हारे साथ रहेगा॥"
    },
    "verse_number": 9
  },
  {
    "verse_count": "5004010",
    "book_number": "50",
    "chapter_number": "4",
    "book_name": {
      "english": "PHILIPPIANS",
      "hindi": "फिलिप्पियों"
    },
    "verse": {
      "english": "But I rejoiced in the Lord greatly, that now at the last your care of me hath flourished again; wherein ye were also careful, but ye lacked opportunity.",
      "hindi": "मैं प्रभु में बहुत आनन्दित हूं कि अब इतने दिनों के बाद तुम्हारा विचार मेरे विषय में फिर जागृत हुआ है; निश्चय तुम्हें आरम्भ में भी इस का विचार था, पर तुम्हें अवसर न मिला।"
    },
    "verse_number": 10
  },
  {
    "verse_count": "5004011",
    "book_number": "50",
    "chapter_number": "4",
    "book_name": {
      "english": "PHILIPPIANS",
      "hindi": "फिलिप्पियों"
    },
    "verse": {
      "english": "Not that I speak in respect of want: for I have learned, in whatsoever state I am, therewith to be content.",
      "hindi": "यह नहीं कि मैं अपनी घटी के कारण यह कहता हूं; क्योंकि मैं ने यह सीखा है कि जिस दशा में हूं, उसी में सन्तोष करूं।"
    },
    "verse_number": 11
  },
  {
    "verse_count": "5004012",
    "book_number": "50",
    "chapter_number": "4",
    "book_name": {
      "english": "PHILIPPIANS",
      "hindi": "फिलिप्पियों"
    },
    "verse": {
      "english": "I know both how to be abased, and I know how to abound: every where and in all things I am instructed both to be full and to be hungry, both to abound and to suffer need.",
      "hindi": "मैं दीन होना भी जानता हूं और बढ़ना भी जानता हूं: हर एक बात और सब दशाओं में तृप्त होना, भूखा रहना, और बढ़ना-घटना सीखा है।"
    },
    "verse_number": 12
  },
  {
    "verse_count": "5004013",
    "book_number": "50",
    "chapter_number": "4",
    "book_name": {
      "english": "PHILIPPIANS",
      "hindi": "फिलिप्पियों"
    },
    "verse": {
      "english": "I can do all things through Christ which strengtheneth me.",
      "hindi": "जो मुझे सामर्थ देता है उस में मैं सब कुछ कर सकता हूं।"
    },
    "verse_number": 13
  },
  {
    "verse_count": "5004014",
    "book_number": "50",
    "chapter_number": "4",
    "book_name": {
      "english": "PHILIPPIANS",
      "hindi": "फिलिप्पियों"
    },
    "verse": {
      "english": "Notwithstanding ye have well done, that ye did communicate with my affliction.",
      "hindi": "तौभी तुम ने भला किया, कि मेरे क्लेश में मेरे सहभागी हुए।"
    },
    "verse_number": 14
  },
  {
    "verse_count": "5004015",
    "book_number": "50",
    "chapter_number": "4",
    "book_name": {
      "english": "PHILIPPIANS",
      "hindi": "फिलिप्पियों"
    },
    "verse": {
      "english": "Now ye Philippians know also, that in the beginning of the gospel, when I departed from Macedonia, no church communicated with me as concerning giving and receiving, but ye only.",
      "hindi": "और हे फिलप्पियो, तुम आप भी जानते हो, कि सुसमाचार प्रचार के आरम्भ में जब मैं ने मकिदुनिया से कूच किया तब तुम्हें छोड़ और किसी मण्डली ने लेने देने के विषय में मेरी सहयता नहीं की।"
    },
    "verse_number": 15
  },
  {
    "verse_count": "5004016",
    "book_number": "50",
    "chapter_number": "4",
    "book_name": {
      "english": "PHILIPPIANS",
      "hindi": "फिलिप्पियों"
    },
    "verse": {
      "english": "For even in Thessalonica ye sent once and again unto my necessity.",
      "hindi": "इसी प्रकार जब मैं थिस्सलुनीके में था; तब भी तुम ने मेरी घटी पूरी करने के लिये एक बार क्या वरन दो बार कुछ भेजा था।"
    },
    "verse_number": 16
  },
  {
    "verse_count": "5004017",
    "book_number": "50",
    "chapter_number": "4",
    "book_name": {
      "english": "PHILIPPIANS",
      "hindi": "फिलिप्पियों"
    },
    "verse": {
      "english": "Not because I desire a gift: but I desire fruit that may abound to your account.",
      "hindi": "यह नहीं कि मैं दान चाहता हूं परन्तु मैं ऐसा फल चाहता हूं, जो तुम्हारे लाभ के लिये बढ़ता जाए।"
    },
    "verse_number": 17
  },
  {
    "verse_count": "5004018",
    "book_number": "50",
    "chapter_number": "4",
    "book_name": {
      "english": "PHILIPPIANS",
      "hindi": "फिलिप्पियों"
    },
    "verse": {
      "english": "But I have all, and abound: I am full, having received of Epaphroditus the things which were sent from you, an odour of a sweet smell, a sacrifice acceptable, wellpleasing to God.",
      "hindi": "मेरे पास सब कुछ है, वरन बहुतायत से भी है: जो वस्तुएं तुम ने इपफ्रुदीतुस के हाथ से भेजी थीं उन्हें पाकर मैं तृप्त हो गया हूं, वह तो सुगन्ध और ग्रहण करने के योग्य बलिदान है, जो परमेश्वर को भाता है।"
    },
    "verse_number": 18
  },
  {
    "verse_count": "5004019",
    "book_number": "50",
    "chapter_number": "4",
    "book_name": {
      "english": "PHILIPPIANS",
      "hindi": "फिलिप्पियों"
    },
    "verse": {
      "english": "But my God shall supply all your need according to his riches in glory by Christ Jesus.",
      "hindi": "और मेरा परमेश्वर भी अपने उस धन के अनुसार जो महिमा सहित मसीह यीशु में है तुम्हारी हर एक घटी को पूरी करेगा।"
    },
    "verse_number": 19
  },
  {
    "verse_count": "5004020",
    "book_number": "50",
    "chapter_number": "4",
    "book_name": {
      "english": "PHILIPPIANS",
      "hindi": "फिलिप्पियों"
    },
    "verse": {
      "english": "Now unto God and our Father be glory for ever and ever. Amen.",
      "hindi": "हमारे परमेश्वर और पिता की महिमा युगानुयुग होती रहे। आमीन॥"
    },
    "verse_number": 20
  },
  {
    "verse_count": "5004021",
    "book_number": "50",
    "chapter_number": "4",
    "book_name": {
      "english": "PHILIPPIANS",
      "hindi": "फिलिप्पियों"
    },
    "verse": {
      "english": "Salute every saint in Christ Jesus. The brethren which are with me greet you.",
      "hindi": "हर एक पवित्र जन को जो यीशु मसीह में हैं नमस्कार कहो। जो भाई मेरे साथ हैं तुम्हें नमस्कार कहते हैं।"
    },
    "verse_number": 21
  },
  {
    "verse_count": "5004022",
    "book_number": "50",
    "chapter_number": "4",
    "book_name": {
      "english": "PHILIPPIANS",
      "hindi": "फिलिप्पियों"
    },
    "verse": {
      "english": "All the saints salute you, chiefly they that are of Caesar's household.",
      "hindi": "सब पवित्र लोग, विशेष करके जो कैसर के घराने के हैं तुम को नमस्कार कहते हैं॥"
    },
    "verse_number": 22
  },
  {
    "verse_count": "5004023",
    "book_number": "50",
    "chapter_number": "4",
    "book_name": {
      "english": "PHILIPPIANS",
      "hindi": "फिलिप्पियों"
    },
    "verse": {
      "english": "The grace of our Lord Jesus Christ be with you all. Amen.",
      "hindi": "हमारे प्रभु यीशु मसीह का अनुग्रह तुम्हारी आत्मा के साथ रहे॥"
    },
    "verse_number": 23
  }
]