[
  {
    "verse_count": "520101",
    "book_number": "52",
    "chapter_number": "1",
    "book_name": {
      "english": "1 THESSALONIANS",
      "hindi": "1 थिस्सलुनीकियों"
    },
    "verse": {
      "english": "Paul, and Silvanus, and Timotheus, unto the church of the Thessalonians which is in God the Father and in the Lord Jesus Christ: Grace be unto you, and peace, from God our Father, and the Lord Jesus Christ.",
      "hindi": "पौलुस और सिलवानुस और तीमुथियुस की ओर से थिस्सलुनिकियों की कलीसिया के नाम जो परमेश्वर पिता और प्रभु यीशु मसीह में है॥ अनुग्रह और शान्ति तुम्हें मिलती रहे॥"
    },
    "verse_number": 1
  },
  {
    "verse_count": "520102",
    "book_number": "52",
    "chapter_number": "1",
    "book_name": {
      "english": "1 THESSALONIANS",
      "hindi": "1 थिस्सलुनीकियों"
    },
    "verse": {
      "english": "We give thanks to God always for you all, making mention of you in our prayers;",
      "hindi": "हम अपनी प्रार्थनाओं में तुम्हें स्मरण करते और सदा तुम सब के विषय में परमेश्वर का धन्यवाद करते हैं।"
    },
    "verse_number": 2
  },
  {
    "verse_count": "520103",
    "book_number": "52",
    "chapter_number": "1",
    "book_name": {
      "english": "1 THESSALONIANS",
      "hindi": "1 थिस्सलुनीकियों"
    },
    "verse": {
      "english": "Remembering without ceasing your work of faith, and labour of love, and patience of hope in our Lord Jesus Christ, in the sight of God and our Father;",
      "hindi": "और अपने परमेश्वर और पिता के साम्हने तुम्हारे विश्वास के काम, और प्रेम का परिश्रम, और हमारे प्रभु यीशु मसीह में आशा की धीरता को लगातार स्मरण करते हैं।"
    },
    "verse_number": 3
  },
  {
    "verse_count": "520104",
    "book_number": "52",
    "chapter_number": "1",
    "book_name": {
      "english": "1 THESSALONIANS",
      "hindi": "1 थिस्सलुनीकियों"
    },
    "verse": {
      "english": "Knowing, brethren beloved, your election of God.",
      "hindi": "और हे भाइयो, परमेश्वर के प्रिय लोगों हम जानतें हैं, कि तुम चुने हुए हो।"
    },
    "verse_number": 4
  },
  {
    "verse_count": "520105",
    "book_number": "52",
    "chapter_number": "1",
    "book_name": {
      "english": "1 THESSALONIANS",
      "hindi": "1 थिस्सलुनीकियों"
    },
    "verse": {
      "english": "For our gospel came not unto you in word only, but also in power, and in the Holy Ghost, and in much assurance; as ye know what manner of men we were among you for your sake.",
      "hindi": "क्योंकि हमारा सुसमाचार तुम्हारे पास न केवल वचन मात्र ही में वरन सामर्थ और पवित्र आत्मा, और बड़े निश्चय के साथ पहुंचा है; जैसा तुम जानते हो, कि हम तुम्हारे लिये तुम में कैसे बन गए थे।"
    },
    "verse_number": 5
  },
  {
    "verse_count": "520106",
    "book_number": "52",
    "chapter_number": "1",
    "book_name": {
      "english": "1 THESSALONIANS",
      "hindi": "1 थिस्सलुनीकियों"
    },
    "verse": {
      "english": "And ye became followers of us, and of the Lord, having received the word in much affliction, with joy of the Holy Ghost:",
      "hindi": "और तुम बड़े क्लेश में पवित्र आत्मा के आनन्द के साथ वचन को मान कर हमारी और प्रभु की सी चाल चलने लगे।"
    },
    "verse_number": 6
  },
  {
    "verse_count": "520107",
    "book_number": "52",
    "chapter_number": "1",
    "book_name": {
      "english": "1 THESSALONIANS",
      "hindi": "1 थिस्सलुनीकियों"
    },
    "verse": {
      "english": "So that ye were ensamples to all that believe in Macedonia and Achaia.",
      "hindi": "यहां तक कि मकिदुनिया और अखया के सब विश्वासियों के लिये तुम आदर्श बने।"
    },
    "verse_number": 7
  },
  {
    "verse_count": "520108",
    "book_number": "52",
    "chapter_number": "1",
    "book_name": {
      "english": "1 THESSALONIANS",
      "hindi": "1 थिस्सलुनीकियों"
    },
    "verse": {
      "english": "For from you sounded out the word of the Lord not only in Macedonia and Achaia, but also in every place your faith to God-ward is spread abroad; so that we need not to speak any thing.",
      "hindi": "क्योंकि तुम्हारे यहां से न केवल मकिदुनिया और अखया में प्रभु का वचन सुनाया गया, पर तुम्हारे विश्वास की जो परमेश्वर पर है, हर जगह ऐसी चर्चा फैल गई है, कि हमें कहने की आवश्यकता ही नहीं।"
    },
    "verse_number": 8
  },
  {
    "verse_count": "520109",
    "book_number": "52",
    "chapter_number": "1",
    "book_name": {
      "english": "1 THESSALONIANS",
      "hindi": "1 थिस्सलुनीकियों"
    },
    "verse": {
      "english": "For they themselves shew of us what manner of entering in we had unto you, and how ye turned to God from idols to serve the living and true God;",
      "hindi": "क्योंकि वे आप ही हमारे विषय में बताते हैं कि तुम्हारे पास हमारा आना कैसा हुआ; और तुम कैसे मूरतों से परमेश्वर की ओर फिरे ताकि जीवते और सच्चे परमेश्वर की सेवा करो।"
    },
    "verse_number": 9
  },
  {
    "verse_count": "5201010",
    "book_number": "52",
    "chapter_number": "1",
    "book_name": {
      "english": "1 THESSALONIANS",
      "hindi": "1 थिस्सलुनीकियों"
    },
    "verse": {
      "english": "And to wait for his Son from heaven, whom he raised from the dead, even Jesus, which delivered us from the wrath to come.",
      "hindi": "और उसके पुत्र के स्वर्ग पर से आने की बाट जोहते रहो जिसे उस ने मरे हुओं में से जिलाया, अर्थात यीशु की, जो हमें आने वाले प्रकोप से बचाता है॥"
    },
    "verse_number": 10
  },
  {
    "verse_count": "520201",
    "book_number": "52",
    "chapter_number": "2",
    "book_name": {
      "english": "1 THESSALONIANS",
      "hindi": "1 थिस्सलुनीकियों"
    },
    "verse": {
      "english": "For yourselves, brethren, know our entrance in unto you, that it was not in vain:",
      "hindi": "हेभाइयों, तुम आप ही जानते हो कि हमारा तुम्हारे पास आना व्यर्थ न हुआ।"
    },
    "verse_number": 1
  },
  {
    "verse_count": "520202",
    "book_number": "52",
    "chapter_number": "2",
    "book_name": {
      "english": "1 THESSALONIANS",
      "hindi": "1 थिस्सलुनीकियों"
    },
    "verse": {
      "english": "But even after that we had suffered before, and were shamefully entreated, as ye know, at Philippi, we were bold in our God to speak unto you the gospel of God with much contention.",
      "hindi": "वरन तुम आप ही जानते हो, कि पहिले पहिल फिलिप्पी में दुख उठाने और उपद्रव सहने पर भी हमारे परमेश्वर ने हमें ऐसा हियाव दिया, कि हम परमेश्वर का सुसमाचार भारी विरोधों के होते हुए भी तुम्हें सुनाएं।"
    },
    "verse_number": 2
  },
  {
    "verse_count": "520203",
    "book_number": "52",
    "chapter_number": "2",
    "book_name": {
      "english": "1 THESSALONIANS",
      "hindi": "1 थिस्सलुनीकियों"
    },
    "verse": {
      "english": "For our exhortation was not of deceit, nor of uncleanness, nor in guile:",
      "hindi": "क्योंकि हमारा उपदेश न भ्रम से है और न अशुद्धता से, और न छल के साथ है।"
    },
    "verse_number": 3
  },
  {
    "verse_count": "520204",
    "book_number": "52",
    "chapter_number": "2",
    "book_name": {
      "english": "1 THESSALONIANS",
      "hindi": "1 थिस्सलुनीकियों"
    },
    "verse": {
      "english": "But as we were allowed of God to be put in trust with the gospel, even so we speak; not as pleasing men, but God, which trieth our hearts.",
      "hindi": "पर जैसा परमेश्वर ने हमें योग्य ठहराकर सुसमाचार सौंपा, हम वैसा ही वर्णन करते हैं; और इस में मनुष्यों को नहीं, परन्तु परमेश्वर को, जो हमारे मनों को जांचता है, प्रसन्न करते हैं।"
    },
    "verse_number": 4
  },
  {
    "verse_count": "520205",
    "book_number": "52",
    "chapter_number": "2",
    "book_name": {
      "english": "1 THESSALONIANS",
      "hindi": "1 थिस्सलुनीकियों"
    },
    "verse": {
      "english": "For neither at any time used we flattering words, as ye know, nor a cloke of covetousness; God is witness:",
      "hindi": "क्योंकि तुम जानते हो, कि हम न तो कभी लल्लोपत्तो की बातें किया करते थे, और न लोभ के लिये बहाना करते थे, परमेश्वर गवाह है।"
    },
    "verse_number": 5
  },
  {
    "verse_count": "520206",
    "book_number": "52",
    "chapter_number": "2",
    "book_name": {
      "english": "1 THESSALONIANS",
      "hindi": "1 थिस्सलुनीकियों"
    },
    "verse": {
      "english": "Nor of men sought we glory, neither of you, nor yet of others, when we might have been burdensome, as the apostles of Christ.",
      "hindi": "और यद्यपि हम मसीह के प्रेरित होने के कारण तुम पर बोझ डाल सकते थे, तौभी हम मनुष्यों से आदर नहीं चाहते थे, और न तुम से, न और किसी से।"
    },
    "verse_number": 6
  },
  {
    "verse_count": "520207",
    "book_number": "52",
    "chapter_number": "2",
    "book_name": {
      "english": "1 THESSALONIANS",
      "hindi": "1 थिस्सलुनीकियों"
    },
    "verse": {
      "english": "But we were gentle among you, even as a nurse cherisheth her children:",
      "hindi": "परन्तु जिस तरह माता अपने बालकों का पालन-पोषण करती है, वैसे ही हम ने भी तुम्हारे बीच में रह कर कोमलता दिखाई है।"
    },
    "verse_number": 7
  },
  {
    "verse_count": "520208",
    "book_number": "52",
    "chapter_number": "2",
    "book_name": {
      "english": "1 THESSALONIANS",
      "hindi": "1 थिस्सलुनीकियों"
    },
    "verse": {
      "english": "So being affectionately desirous of you, we were willing to have imparted unto you, not the gospel of God only, but also our own souls, because ye were dear unto us.",
      "hindi": "और वैसे ही हम तुम्हारी लालसा करते हुए, न केवल परमेश्वर को सुसमाचार, पर अपना अपना प्राण भी तुम्हें देने को तैयार थे, इसलिये कि तुम हमारे प्यारे हो गए थे।"
    },
    "verse_number": 8
  },
  {
    "verse_count": "520209",
    "book_number": "52",
    "chapter_number": "2",
    "book_name": {
      "english": "1 THESSALONIANS",
      "hindi": "1 थिस्सलुनीकियों"
    },
    "verse": {
      "english": "For ye remember, brethren, our labour and travail: for labouring night and day, because we would not be chargeable unto any of you, we preached unto you the gospel of God.",
      "hindi": "क्योंकि, हे भाइयों, तुम हमारे परिश्रम और कष्ट को स्मरण रखते हो, कि हम ने इसलिये रात दिन काम धन्धा करते हुए तुम में परमेश्वर का सुसमाचार प्रचार किया, कि तुम में से किसी पर भार न हों।"
    },
    "verse_number": 9
  },
  {
    "verse_count": "5202010",
    "book_number": "52",
    "chapter_number": "2",
    "book_name": {
      "english": "1 THESSALONIANS",
      "hindi": "1 थिस्सलुनीकियों"
    },
    "verse": {
      "english": "Ye are witnesses, and God also, how holily and justly and unblameably we behaved ourselves among you that believe:",
      "hindi": "तुम आप ही गवाह हो: और परमेश्वर भी, कि तुम्हारे बीच में जो विश्वास रखते हो हम कैसी पवित्रता और धामिर्कता और निर्दोषता से रहे।"
    },
    "verse_number": 10
  },
  {
    "verse_count": "5202011",
    "book_number": "52",
    "chapter_number": "2",
    "book_name": {
      "english": "1 THESSALONIANS",
      "hindi": "1 थिस्सलुनीकियों"
    },
    "verse": {
      "english": "As ye know how we exhorted and comforted and charged every one of you, as a father doth his children,",
      "hindi": "जैसे तुम जानते हो, कि जैसा पिता अपने बालकों के साथ बर्ताव करता है, वैसे ही हम तुम में से हर एक को भी उपदेश करते, और शान्ति देते, और समझाते थे।"
    },
    "verse_number": 11
  },
  {
    "verse_count": "5202012",
    "book_number": "52",
    "chapter_number": "2",
    "book_name": {
      "english": "1 THESSALONIANS",
      "hindi": "1 थिस्सलुनीकियों"
    },
    "verse": {
      "english": "That ye would walk worthy of God, who hath called you unto his kingdom and glory.",
      "hindi": "कि तुम्हारा चाल चलन परमेश्वर के योग्य हो, जो तुम्हें अपने राज्य और महिमा में बुलाता है॥"
    },
    "verse_number": 12
  },
  {
    "verse_count": "5202013",
    "book_number": "52",
    "chapter_number": "2",
    "book_name": {
      "english": "1 THESSALONIANS",
      "hindi": "1 थिस्सलुनीकियों"
    },
    "verse": {
      "english": "For this cause also thank we God without ceasing, because, when ye received the word of God which ye heard of us, ye received it not as the word of men, but as it is in truth, the word of God, which effectually worketh also in you that believe.",
      "hindi": "इसलिये हम भी परमेश्वर का धन्यवाद निरन्तर करते हैं; कि जब हमारे द्वारा परमेश्वर के सुसमाचार का वचन तुम्हारे पास पहुंचा, तो तुम ने उस मनुष्यों का नहीं, परन्तु परमेश्वर का वचन समझकर (और सचमुच यह ऐसा ही है) ग्रहण किया: और वह तुम में जो विश्वास रखते हो, प्रभावशाली है।"
    },
    "verse_number": 13
  },
  {
    "verse_count": "5202014",
    "book_number": "52",
    "chapter_number": "2",
    "book_name": {
      "english": "1 THESSALONIANS",
      "hindi": "1 थिस्सलुनीकियों"
    },
    "verse": {
      "english": "For ye, brethren, became followers of the churches of God which in Judaea are in Christ Jesus: for ye also have suffered like things of your own countrymen, even as they have of the Jews:",
      "hindi": "इसलिये कि तुम, हे भाइयो, परमेश्वर की उन कलीसियाओं की सी चाल चलने लगे, जो यहूदिया में मसीह यीशु में हैं, क्योंकि तुम ने भी अपने लोगों से वैसा ही दुख पाया, जैसा उन्होंने यहूदियों से पाया था।"
    },
    "verse_number": 14
  },
  {
    "verse_count": "5202015",
    "book_number": "52",
    "chapter_number": "2",
    "book_name": {
      "english": "1 THESSALONIANS",
      "hindi": "1 थिस्सलुनीकियों"
    },
    "verse": {
      "english": "Who both killed the Lord Jesus, and their own prophets, and have persecuted us; and they please not God, and are contrary to all men:",
      "hindi": "जिन्हों ने प्रभु यीशु को और भविष्यद्वक्ताओं को भी मार डाला और हम को सताया, और परमेश्वर उन से प्रसन्न नहीं; और वे सब मनुष्यों का विरोध करते हैं।"
    },
    "verse_number": 15
  },
  {
    "verse_count": "5202016",
    "book_number": "52",
    "chapter_number": "2",
    "book_name": {
      "english": "1 THESSALONIANS",
      "hindi": "1 थिस्सलुनीकियों"
    },
    "verse": {
      "english": "Forbidding us to speak to the Gentiles that they might be saved, to fill up their sins alway: for the wrath is come upon them to the uttermost.",
      "hindi": "और वे अन्यजातियों से उन के उद्धार के लिये बातें करने से हमें रोकते हैं, कि सदा अपने पापों का नपुआ भरते रहें; पर उन पर भयानक प्रकोप आ पहुंचा है॥"
    },
    "verse_number": 16
  },
  {
    "verse_count": "5202017",
    "book_number": "52",
    "chapter_number": "2",
    "book_name": {
      "english": "1 THESSALONIANS",
      "hindi": "1 थिस्सलुनीकियों"
    },
    "verse": {
      "english": "But we, brethren, being taken from you for a short time in presence, not in heart, endeavoured the more abundantly to see your face with great desire.",
      "hindi": "हे भाइयों, जब हम थोड़ी देर के लिये मन में नहीं वरन प्रगट में तुम से अलग हो गए थे, तो हम ने बड़ी लालसा के साथ तुम्हारा मुंह देखने के लिये और भी अधिक यत्न किया।"
    },
    "verse_number": 17
  },
  {
    "verse_count": "5202018",
    "book_number": "52",
    "chapter_number": "2",
    "book_name": {
      "english": "1 THESSALONIANS",
      "hindi": "1 थिस्सलुनीकियों"
    },
    "verse": {
      "english": "Wherefore we would have come unto you, even I Paul, once and again; but Satan hindered us.",
      "hindi": "इसलिये हम ने (अर्थात मुझ पौलुस ने) एक बार नहीं, वरन दो बार तुम्हारे पास आना चाहा, परन्तु शैतान हमें रोके रहा।"
    },
    "verse_number": 18
  },
  {
    "verse_count": "5202019",
    "book_number": "52",
    "chapter_number": "2",
    "book_name": {
      "english": "1 THESSALONIANS",
      "hindi": "1 थिस्सलुनीकियों"
    },
    "verse": {
      "english": "For what is our hope, or joy, or crown of rejoicing? Are not even ye in the presence of our Lord Jesus Christ at his coming?",
      "hindi": "भला हमारी आशा, या आनन्द या बड़ाई का मुकुट क्या है? क्या हमारे प्रभु यीशु के सम्मुख उसके आने के समय तुम ही न होगे?"
    },
    "verse_number": 19
  },
  {
    "verse_count": "5202020",
    "book_number": "52",
    "chapter_number": "2",
    "book_name": {
      "english": "1 THESSALONIANS",
      "hindi": "1 थिस्सलुनीकियों"
    },
    "verse": {
      "english": "For ye are our glory and joy.",
      "hindi": "हमारी बड़ाई और आनन्द तुम ही हो॥"
    },
    "verse_number": 20
  },
  {
    "verse_count": "520301",
    "book_number": "52",
    "chapter_number": "3",
    "book_name": {
      "english": "1 THESSALONIANS",
      "hindi": "1 थिस्सलुनीकियों"
    },
    "verse": {
      "english": "Wherefore when we could no longer forbear, we thought it good to be left at Athens alone;",
      "hindi": "इसलिये जब हम से और भी न रहा गया, तो हम ने यह ठहराया कि एथेन्स में अकेले रह जाएं।"
    },
    "verse_number": 1
  },
  {
    "verse_count": "520302",
    "book_number": "52",
    "chapter_number": "3",
    "book_name": {
      "english": "1 THESSALONIANS",
      "hindi": "1 थिस्सलुनीकियों"
    },
    "verse": {
      "english": "And sent Timotheus, our brother, and minister of God, and our fellowlabourer in the gospel of Christ, to establish you, and to comfort you concerning your faith:",
      "hindi": "और हम ने तीमुथियुस को जो मसीह के सुसमाचार में हमारा भाई, और परमेश्वर का सेवक है, इसलिये भेजा, कि वह तुम्हें स्थिर करे; और तुम्हारे विश्वास के विषय में तुम्हें समझाए।"
    },
    "verse_number": 2
  },
  {
    "verse_count": "520303",
    "book_number": "52",
    "chapter_number": "3",
    "book_name": {
      "english": "1 THESSALONIANS",
      "hindi": "1 थिस्सलुनीकियों"
    },
    "verse": {
      "english": "That no man should be moved by these afflictions: for yourselves know that we are appointed thereunto.",
      "hindi": "कि कोई इन क्लेशों के कारण डगमगा न जाए; क्योंकि तुम आप जानते हो, कि हम इन ही के लिये ठहराए गए हैं।"
    },
    "verse_number": 3
  },
  {
    "verse_count": "520304",
    "book_number": "52",
    "chapter_number": "3",
    "book_name": {
      "english": "1 THESSALONIANS",
      "hindi": "1 थिस्सलुनीकियों"
    },
    "verse": {
      "english": "For verily, when we were with you, we told you before that we should suffer tribulation; even as it came to pass, and ye know.",
      "hindi": "क्योंकि पहिले भी, जब हम तुम्हारे यहां थे, तो तुम से कहा करते थे, कि हमें क्लेश उठाने पड़ेंगे, और ऐसा ही हुआ है, और तुम जानते भी हो।"
    },
    "verse_number": 4
  },
  {
    "verse_count": "520305",
    "book_number": "52",
    "chapter_number": "3",
    "book_name": {
      "english": "1 THESSALONIANS",
      "hindi": "1 थिस्सलुनीकियों"
    },
    "verse": {
      "english": "For this cause, when I could no longer forbear, I sent to know your faith, lest by some means the tempter have tempted you, and our labour be in vain.",
      "hindi": "इस कारण जब मुझ से और न रहा गया, तो तुम्हारे विश्वास का हाल जानने के लिये भेजा, कि कहीं ऐसा न हो, कि परीक्षा करने वाले ने तुम्हारी परीक्षा की हो, और हमारा परिश्रम व्यर्थ हो गया हो।"
    },
    "verse_number": 5
  },
  {
    "verse_count": "520306",
    "book_number": "52",
    "chapter_number": "3",
    "book_name": {
      "english": "1 THESSALONIANS",
      "hindi": "1 थिस्सलुनीकियों"
    },
    "verse": {
      "english": "But now when Timotheus came from you unto us, and brought us good tidings of your faith and charity, and that ye have good remembrance of us always, desiring greatly to see us, as we also to see you:",
      "hindi": "परअभी तीमुथियुस ने जो तुम्हारे पास से हमारे यहां आकर तुम्हारे विश्वास और प्रेम का सुसमाचार सुनाया और इस बात को भी सुनाया, कि तुम सदा प्रेम के साथ हमें स्मरण करते हो, और हमारे देखने की लालसा रखते हो, जैसा हम भी तुम्हें देखने की।"
    },
    "verse_number": 6
  },
  {
    "verse_count": "520307",
    "book_number": "52",
    "chapter_number": "3",
    "book_name": {
      "english": "1 THESSALONIANS",
      "hindi": "1 थिस्सलुनीकियों"
    },
    "verse": {
      "english": "Therefore, brethren, we were comforted over you in all our affliction and distress by your faith:",
      "hindi": "इसलिये हे भाइयों, हम ने अपनी सारी सकेती और क्लेश में तुम्हारे विश्वास से तुम्हारे विषय में शान्ति पाई।"
    },
    "verse_number": 7
  },
  {
    "verse_count": "520308",
    "book_number": "52",
    "chapter_number": "3",
    "book_name": {
      "english": "1 THESSALONIANS",
      "hindi": "1 थिस्सलुनीकियों"
    },
    "verse": {
      "english": "For now we live, if ye stand fast in the Lord.",
      "hindi": "क्योंकि अब यदि तुम प्रभु में स्थिर रहो तो हम जीवित हैं।"
    },
    "verse_number": 8
  },
  {
    "verse_count": "520309",
    "book_number": "52",
    "chapter_number": "3",
    "book_name": {
      "english": "1 THESSALONIANS",
      "hindi": "1 थिस्सलुनीकियों"
    },
    "verse": {
      "english": "For what thanks can we render to God again for you, for all the joy wherewith we joy for your sakes before our God;",
      "hindi": "और जैसा आनन्द हमें तुम्हारे कारण अपने परमेश्वर के साम्हने है, उसके बदले तुम्हारे विषय में हम किस रीति से परमेश्वर का धन्यवाद करें?"
    },
    "verse_number": 9
  },
  {
    "verse_count": "5203010",
    "book_number": "52",
    "chapter_number": "3",
    "book_name": {
      "english": "1 THESSALONIANS",
      "hindi": "1 थिस्सलुनीकियों"
    },
    "verse": {
      "english": "Night and day praying exceedingly that we might see your face, and might perfect that which is lacking in your faith?",
      "hindi": "हम रात दिन बहुत ही प्रार्थना करते रहते हैं, कि तुम्हारा मुंह देखें, और तुम्हारे विश्वास की घटी पूरी करें॥"
    },
    "verse_number": 10
  },
  {
    "verse_count": "5203011",
    "book_number": "52",
    "chapter_number": "3",
    "book_name": {
      "english": "1 THESSALONIANS",
      "hindi": "1 थिस्सलुनीकियों"
    },
    "verse": {
      "english": "Now God himself and our Father, and our Lord Jesus Christ, direct our way unto you.",
      "hindi": "अब हमारा परमेश्वर और पिता आप ही और हमारा प्रभु यीशु, तुम्हारे यहां आने के लिये हमारी अगुवाई करे।"
    },
    "verse_number": 11
  },
  {
    "verse_count": "5203012",
    "book_number": "52",
    "chapter_number": "3",
    "book_name": {
      "english": "1 THESSALONIANS",
      "hindi": "1 थिस्सलुनीकियों"
    },
    "verse": {
      "english": "And the Lord make you to increase and abound in love one toward another, and toward all men, even as we do toward you:",
      "hindi": "और प्रभु ऐसा करे, कि जैसा हम तुम से प्रेम रखते हैं; वैसा ही तुम्हारा प्रेम भी आपस में, और सब मनुष्यों के साथ बढ़े, और उन्नति करता जाए।"
    },
    "verse_number": 12
  },
  {
    "verse_count": "5203013",
    "book_number": "52",
    "chapter_number": "3",
    "book_name": {
      "english": "1 THESSALONIANS",
      "hindi": "1 थिस्सलुनीकियों"
    },
    "verse": {
      "english": "To the end he may stablish your hearts unblameable in holiness before God, even our Father, at the coming of our Lord Jesus Christ with all his saints.",
      "hindi": "ताकि वह तुम्हारे मनों को ऐसा स्थिर करे, कि जब हमारा प्रभु यीशु अपने सब पवित्र लोगों के साथ आए, तो वे हमारे परमेश्वर और पिता के साम्हने पवित्रता में निर्दोष ठहरें॥"
    },
    "verse_number": 13
  },
  {
    "verse_count": "520401",
    "book_number": "52",
    "chapter_number": "4",
    "book_name": {
      "english": "1 THESSALONIANS",
      "hindi": "1 थिस्सलुनीकियों"
    },
    "verse": {
      "english": "Furthermore then we beseech you, brethren, and exhort you by the Lord Jesus, that as ye have received of us how ye ought to walk and to please God, so ye would abound more and more.",
      "hindi": "निदान, हे भाइयों, हम तुम से बिनती करते हैं, और तुम्हें प्रभु यीशु में समझाते हैं, कि जैसे तुम ने हम से योग्य चाल चलना, और परमेश्वर को प्रसन्न करना सीखा है, और जैसा तुम चलते भी हो, वैसे ही और भी बढ़ते जाओ।"
    },
    "verse_number": 1
  },
  {
    "verse_count": "520402",
    "book_number": "52",
    "chapter_number": "4",
    "book_name": {
      "english": "1 THESSALONIANS",
      "hindi": "1 थिस्सलुनीकियों"
    },
    "verse": {
      "english": "For ye know what commandments we gave you by the Lord Jesus.",
      "hindi": "क्योंकि तुम जानते हो, कि हम ने प्रभु यीशु की ओर से तुम्हें कौन कौन सी आज्ञा पहुंचाई।"
    },
    "verse_number": 2
  },
  {
    "verse_count": "520403",
    "book_number": "52",
    "chapter_number": "4",
    "book_name": {
      "english": "1 THESSALONIANS",
      "hindi": "1 थिस्सलुनीकियों"
    },
    "verse": {
      "english": "For this is the will of God, even your sanctification, that ye should abstain from fornication:",
      "hindi": "क्योंकि परमेश्वर की इच्छा यह है, कि तुम पवित्र बनो: अर्थात व्यभिचार से बचे रहो।"
    },
    "verse_number": 3
  },
  {
    "verse_count": "520404",
    "book_number": "52",
    "chapter_number": "4",
    "book_name": {
      "english": "1 THESSALONIANS",
      "hindi": "1 थिस्सलुनीकियों"
    },
    "verse": {
      "english": "That every one of you should know how to possess his vessel in sanctification and honour;",
      "hindi": "और तुम में से हर एक पवित्रता और आदर के साथ अपने पात्र को प्राप्त करना जाने।"
    },
    "verse_number": 4
  },
  {
    "verse_count": "520405",
    "book_number": "52",
    "chapter_number": "4",
    "book_name": {
      "english": "1 THESSALONIANS",
      "hindi": "1 थिस्सलुनीकियों"
    },
    "verse": {
      "english": "Not in the lust of concupiscence, even as the Gentiles which know not God:",
      "hindi": "और यह काम अभिलाषा से नहीं, और न उन जातियों की नाईं, जो परमेश्वर को नहीं जानतीं।"
    },
    "verse_number": 5
  },
  {
    "verse_count": "520406",
    "book_number": "52",
    "chapter_number": "4",
    "book_name": {
      "english": "1 THESSALONIANS",
      "hindi": "1 थिस्सलुनीकियों"
    },
    "verse": {
      "english": "That no man go beyond and defraud his brother in any matter: because that the Lord is the avenger of all such, as we also have forewarned you and testified.",
      "hindi": "कि इस बात में कोई अपने भाई को न ठगे, और न उस पर दांव चलाए, क्योंकि प्रभु इन सब बातों का पलटा लेने वाला है; जैसा कि हम ने पहिले तुम से कहा, और चिताया भी था।"
    },
    "verse_number": 6
  },
  {
    "verse_count": "520407",
    "book_number": "52",
    "chapter_number": "4",
    "book_name": {
      "english": "1 THESSALONIANS",
      "hindi": "1 थिस्सलुनीकियों"
    },
    "verse": {
      "english": "For God hath not called us unto uncleanness, but unto holiness.",
      "hindi": "क्योंकि परमेश्वर ने हमें अशुद्ध होने के लिये नहीं, परन्तु पवित्र होने के लिये बुलाया है।"
    },
    "verse_number": 7
  },
  {
    "verse_count": "520408",
    "book_number": "52",
    "chapter_number": "4",
    "book_name": {
      "english": "1 THESSALONIANS",
      "hindi": "1 थिस्सलुनीकियों"
    },
    "verse": {
      "english": "He therefore that despiseth, despiseth not man, but God, who hath also given unto us his holy Spirit.",
      "hindi": "इस कारण जो तुच्छ जानता है, वह मनुष्य को नहीं, परन्तु परमेश्वर को तुच्छ जानता है, जो अपना पवित्र आत्मा तुम्हें देता है॥"
    },
    "verse_number": 8
  },
  {
    "verse_count": "520409",
    "book_number": "52",
    "chapter_number": "4",
    "book_name": {
      "english": "1 THESSALONIANS",
      "hindi": "1 थिस्सलुनीकियों"
    },
    "verse": {
      "english": "But as touching brotherly love ye need not that I write unto you: for ye yourselves are taught of God to love one another.",
      "hindi": "किन्तु भाईचारे की प्रीति के विषय में यह अवश्य नहीं, कि मैं तुम्हारे पास कुछ लिखूं; क्योंकि आपस में प्रेम रखना तुम ने आप ही परमेश्वर से सीखा है।"
    },
    "verse_number": 9
  },
  {
    "verse_count": "5204010",
    "book_number": "52",
    "chapter_number": "4",
    "book_name": {
      "english": "1 THESSALONIANS",
      "hindi": "1 थिस्सलुनीकियों"
    },
    "verse": {
      "english": "And indeed ye do it toward all the brethren which are in all Macedonia: but we beseech you, brethren, that ye increase more and more;",
      "hindi": "और सारे मकिदुनिया के सब भाइयों के साथ ऐसा करते भी हो, पर हे भाइयों, हम तुम्हें समझाते हैं, कि और भी बढ़ते जाओ।"
    },
    "verse_number": 10
  },
  {
    "verse_count": "5204011",
    "book_number": "52",
    "chapter_number": "4",
    "book_name": {
      "english": "1 THESSALONIANS",
      "hindi": "1 थिस्सलुनीकियों"
    },
    "verse": {
      "english": "And that ye study to be quiet, and to do your own business, and to work with your own hands, as we commanded you;",
      "hindi": "और जैसी हम ने तुम्हें आज्ञा दी, वैसे ही चुपचाप रहने और अपना अपना काम काज करने, और अपने अपने हाथों से कमाने का प्रयत्न करो।"
    },
    "verse_number": 11
  },
  {
    "verse_count": "5204012",
    "book_number": "52",
    "chapter_number": "4",
    "book_name": {
      "english": "1 THESSALONIANS",
      "hindi": "1 थिस्सलुनीकियों"
    },
    "verse": {
      "english": "That ye may walk honestly toward them that are without, and that ye may have lack of nothing.",
      "hindi": "कि बाहर वालों के साथ सभ्यता से बर्ताव करो, और तुम्हें किसी वस्तु की घटी न हो॥"
    },
    "verse_number": 12
  },
  {
    "verse_count": "5204013",
    "book_number": "52",
    "chapter_number": "4",
    "book_name": {
      "english": "1 THESSALONIANS",
      "hindi": "1 थिस्सलुनीकियों"
    },
    "verse": {
      "english": "But I would not have you to be ignorant, brethren, concerning them which are asleep, that ye sorrow not, even as others which have no hope.",
      "hindi": "हे भाइयों, हम नहीं चाहते, कि तुम उनके विषय में जो सोते हैं, अज्ञान रहो; ऐसा न हो, कि तुम औरों की नाईं शोक करो जिन्हें आशा नहीं।"
    },
    "verse_number": 13
  },
  {
    "verse_count": "5204014",
    "book_number": "52",
    "chapter_number": "4",
    "book_name": {
      "english": "1 THESSALONIANS",
      "hindi": "1 थिस्सलुनीकियों"
    },
    "verse": {
      "english": "For if we believe that Jesus died and rose again, even so them also which sleep in Jesus will God bring with him.",
      "hindi": "क्योंकि यदि हम प्रतीति करते हैं, कि यीशु मरा, और जी भी उठा, तो वैसे ही परमेश्वर उन्हें भी जो यीशु में सो गए हैं, उसी के साथ ले आएगा।"
    },
    "verse_number": 14
  },
  {
    "verse_count": "5204015",
    "book_number": "52",
    "chapter_number": "4",
    "book_name": {
      "english": "1 THESSALONIANS",
      "hindi": "1 थिस्सलुनीकियों"
    },
    "verse": {
      "english": "For this we say unto you by the word of the Lord, that we which are alive and remain unto the coming of the Lord shall not prevent them which are asleep.",
      "hindi": "क्योंकि हम प्रभु के वचन के अनुसार तुम से यह कहते हैं, कि हम जो जीवित हैं, और प्रभु के आने तक बचे रहेंगे तो सोए हुओं से कभी आगे न बढ़ेंगे।"
    },
    "verse_number": 15
  },
  {
    "verse_count": "5204016",
    "book_number": "52",
    "chapter_number": "4",
    "book_name": {
      "english": "1 THESSALONIANS",
      "hindi": "1 थिस्सलुनीकियों"
    },
    "verse": {
      "english": "For the Lord himself shall descend from heaven with a shout, with the voice of the archangel, and with the trump of God: and the dead in Christ shall rise first:",
      "hindi": "क्योंकि प्रभु आप ही स्वर्ग से उतरेगा; उस समय ललकार, और प्रधान दूत का शब्द सुनाई देगा, और परमेश्वर की तुरही फूंकी जाएगी, और जो मसीह में मरे हैं, वे पहिले जी उठेंगे।"
    },
    "verse_number": 16
  },
  {
    "verse_count": "5204017",
    "book_number": "52",
    "chapter_number": "4",
    "book_name": {
      "english": "1 THESSALONIANS",
      "hindi": "1 थिस्सलुनीकियों"
    },
    "verse": {
      "english": "Then we which are alive and remain shall be caught up together with them in the clouds, to meet the Lord in the air: and so shall we ever be with the Lord.",
      "hindi": "तब हम जो जीवित और बचे रहेंगे, उन के साथ बादलों पर उठा लिए जाएंगे, कि हवा में प्रभु से मिलें, और इस रीति से हम सदा प्रभु के साथ रहेंगे।"
    },
    "verse_number": 17
  },
  {
    "verse_count": "5204018",
    "book_number": "52",
    "chapter_number": "4",
    "book_name": {
      "english": "1 THESSALONIANS",
      "hindi": "1 थिस्सलुनीकियों"
    },
    "verse": {
      "english": "Wherefore comfort one another with these words.",
      "hindi": "सो इन बातों से एक दूसरे को शान्ति दिया करो॥"
    },
    "verse_number": 18
  },
  {
    "verse_count": "520501",
    "book_number": "52",
    "chapter_number": "5",
    "book_name": {
      "english": "1 THESSALONIANS",
      "hindi": "1 थिस्सलुनीकियों"
    },
    "verse": {
      "english": "But of the times and the seasons, brethren, ye have no need that I write unto you.",
      "hindi": "पर हे भाइयो, इसका प्रयोजन नहीं, कि समयों और कालों के विषय में तुम्हारे पास कुछ लिखा जाए।"
    },
    "verse_number": 1
  },
  {
    "verse_count": "520502",
    "book_number": "52",
    "chapter_number": "5",
    "book_name": {
      "english": "1 THESSALONIANS",
      "hindi": "1 थिस्सलुनीकियों"
    },
    "verse": {
      "english": "For yourselves know perfectly that the day of the Lord so cometh as a thief in the night.",
      "hindi": "क्योंकि तुम आप ठीक जानते हो कि जैसा रात को चोर आता है, वैसा ही प्रभु का दिन आने वाला है।"
    },
    "verse_number": 2
  },
  {
    "verse_count": "520503",
    "book_number": "52",
    "chapter_number": "5",
    "book_name": {
      "english": "1 THESSALONIANS",
      "hindi": "1 थिस्सलुनीकियों"
    },
    "verse": {
      "english": "For when they shall say, Peace and safety; then sudden destruction cometh upon them, as travail upon a woman with child; and they shall not escape.",
      "hindi": "जब लोग कहते होंगे, कि कुशल है, और कुछ भय नहीं, तो उन पर एकाएक विनाश आ पड़ेगा, जिस प्रकार गर्भवती पर पीड़ा; और वे किसी रीति से बचेंगे।"
    },
    "verse_number": 3
  },
  {
    "verse_count": "520504",
    "book_number": "52",
    "chapter_number": "5",
    "book_name": {
      "english": "1 THESSALONIANS",
      "hindi": "1 थिस्सलुनीकियों"
    },
    "verse": {
      "english": "But ye, brethren, are not in darkness, that that day should overtake you as a thief.",
      "hindi": "पर हे भाइयों, तुम तो अन्धकार में नहीं हो, कि वह दिन तुम पर चोर की नाईं आ पड़े।"
    },
    "verse_number": 4
  },
  {
    "verse_count": "520505",
    "book_number": "52",
    "chapter_number": "5",
    "book_name": {
      "english": "1 THESSALONIANS",
      "hindi": "1 थिस्सलुनीकियों"
    },
    "verse": {
      "english": "Ye are all the children of light, and the children of the day: we are not of the night, nor of darkness.",
      "hindi": "क्योंकि तुम सब ज्योति की सन्तान, और दिन की सन्तान हो, हम न रात के हैं, न अन्धकार के हैं।"
    },
    "verse_number": 5
  },
  {
    "verse_count": "520506",
    "book_number": "52",
    "chapter_number": "5",
    "book_name": {
      "english": "1 THESSALONIANS",
      "hindi": "1 थिस्सलुनीकियों"
    },
    "verse": {
      "english": "Therefore let us not sleep, as do others; but let us watch and be sober.",
      "hindi": "इसलिये हम औरों की नाईं सोते न रहें, पर जागते और सावधान रहें।"
    },
    "verse_number": 6
  },
  {
    "verse_count": "520507",
    "book_number": "52",
    "chapter_number": "5",
    "book_name": {
      "english": "1 THESSALONIANS",
      "hindi": "1 थिस्सलुनीकियों"
    },
    "verse": {
      "english": "For they that sleep sleep in the night; and they that be drunken are drunken in the night.",
      "hindi": "क्योंकि जो सोते हैं, वे रात ही को सोते हैं, और जो मतवाले होते हैं, वे रात ही को मतवाले होते हैं।"
    },
    "verse_number": 7
  },
  {
    "verse_count": "520508",
    "book_number": "52",
    "chapter_number": "5",
    "book_name": {
      "english": "1 THESSALONIANS",
      "hindi": "1 थिस्सलुनीकियों"
    },
    "verse": {
      "english": "But let us, who are of the day, be sober, putting on the breastplate of faith and love; and for an helmet, the hope of salvation.",
      "hindi": "पर हम तो दिन के हैं, विश्वास और प्रेम की झिलम पहिनकर और उद्धार की आशा का टोप पहिन कर सावधान रहें।"
    },
    "verse_number": 8
  },
  {
    "verse_count": "520509",
    "book_number": "52",
    "chapter_number": "5",
    "book_name": {
      "english": "1 THESSALONIANS",
      "hindi": "1 थिस्सलुनीकियों"
    },
    "verse": {
      "english": "For God hath not appointed us to wrath, but to obtain salvation by our Lord Jesus Christ,",
      "hindi": "क्योंकि परमेश्वर ने हमें क्रोध के लिये नहीं, परन्तु इसलिये ठहराया कि हम अपने प्रभु यीशु मसीह के द्वारा उद्धार प्राप्त करें।"
    },
    "verse_number": 9
  },
  {
    "verse_count": "5205010",
    "book_number": "52",
    "chapter_number": "5",
    "book_name": {
      "english": "1 THESSALONIANS",
      "hindi": "1 थिस्सलुनीकियों"
    },
    "verse": {
      "english": "Who died for us, that, whether we wake or sleep, we should live together with him.",
      "hindi": "वह हमारे लिये इस कारण मरा, कि हम चाहे जागते हों, चाहे सोते हों: सब मिलकर उसी के साथ जीएं।"
    },
    "verse_number": 10
  },
  {
    "verse_count": "5205011",
    "book_number": "52",
    "chapter_number": "5",
    "book_name": {
      "english": "1 THESSALONIANS",
      "hindi": "1 थिस्सलुनीकियों"
    },
    "verse": {
      "english": "Wherefore comfort yourselves together, and edify one another, even as also ye do.",
      "hindi": "इस कारण एक दूसरे को शान्ति दो, और एक दूसरे की उन्नति के कारण बनो, निदान, तुम ऐसा करते भी हो॥"
    },
    "verse_number": 11
  },
  {
    "verse_count": "5205012",
    "book_number": "52",
    "chapter_number": "5",
    "book_name": {
      "english": "1 THESSALONIANS",
      "hindi": "1 थिस्सलुनीकियों"
    },
    "verse": {
      "english": "And we beseech you, brethren, to know them which labour among you, and are over you in the Lord, and admonish you;",
      "hindi": "और हे भाइयों, हम तुम से बिनती करते हैं, कि जो तुम में परिश्रम करते हैं, और प्रभु में तुम्हारे अगुवे हैं, और तुम्हें शिक्षा देते हैं, उन्हें मानो।"
    },
    "verse_number": 12
  },
  {
    "verse_count": "5205013",
    "book_number": "52",
    "chapter_number": "5",
    "book_name": {
      "english": "1 THESSALONIANS",
      "hindi": "1 थिस्सलुनीकियों"
    },
    "verse": {
      "english": "And to esteem them very highly in love for their work's sake. And be at peace among yourselves.",
      "hindi": "और उन के काम के कारण प्रेम के साथ उन को बहुत ही आदर के योग्य समझो: आपस में मेल-मिलाप से रहो।"
    },
    "verse_number": 13
  },
  {
    "verse_count": "5205014",
    "book_number": "52",
    "chapter_number": "5",
    "book_name": {
      "english": "1 THESSALONIANS",
      "hindi": "1 थिस्सलुनीकियों"
    },
    "verse": {
      "english": "Now we exhort you, brethren, warn them that are unruly, comfort the feebleminded, support the weak, be patient toward all men.",
      "hindi": "और हे भाइयों, हम तुम्हें समझाते हैं, कि जो ठीक चाल नहीं चलते, उन को समझाओ, कायरों को ढाढ़स दो, निर्बलों को संभालो, सब की ओर सहनशीलता दिखाओ।"
    },
    "verse_number": 14
  },
  {
    "verse_count": "5205015",
    "book_number": "52",
    "chapter_number": "5",
    "book_name": {
      "english": "1 THESSALONIANS",
      "hindi": "1 थिस्सलुनीकियों"
    },
    "verse": {
      "english": "See that none render evil for evil unto any man; but ever follow that which is good, both among yourselves, and to all men.",
      "hindi": "सावधान! कोई किसी से बुराई के बदले बुराई न करे; पर सदा भलाई करने पर तत्पर रहो आपस में और सब से भी भलाई ही की चेष्टा करो।"
    },
    "verse_number": 15
  },
  {
    "verse_count": "5205016",
    "book_number": "52",
    "chapter_number": "5",
    "book_name": {
      "english": "1 THESSALONIANS",
      "hindi": "1 थिस्सलुनीकियों"
    },
    "verse": {
      "english": "Rejoice evermore.",
      "hindi": "सदा आनन्दित रहो।"
    },
    "verse_number": 16
  },
  {
    "verse_count": "5205017",
    "book_number": "52",
    "chapter_number": "5",
    "book_name": {
      "english": "1 THESSALONIANS",
      "hindi": "1 थिस्सलुनीकियों"
    },
    "verse": {
      "english": "Pray without ceasing.",
      "hindi": "निरन्तर प्रार्थना मे लगे रहो।"
    },
    "verse_number": 17
  },
  {
    "verse_count": "5205018",
    "book_number": "52",
    "chapter_number": "5",
    "book_name": {
      "english": "1 THESSALONIANS",
      "hindi": "1 थिस्सलुनीकियों"
    },
    "verse": {
      "english": "In every thing give thanks: for this is the will of God in Christ Jesus concerning you.",
      "hindi": "हर बात में धन्यवाद करो: क्योंकि तुम्हारे लिये मसीह यीशु में परमेश्वर की यही इच्छा है।"
    },
    "verse_number": 18
  },
  {
    "verse_count": "5205019",
    "book_number": "52",
    "chapter_number": "5",
    "book_name": {
      "english": "1 THESSALONIANS",
      "hindi": "1 थिस्सलुनीकियों"
    },
    "verse": {
      "english": "Quench not the Spirit.",
      "hindi": "आत्मा को न बुझाओ।"
    },
    "verse_number": 19
  },
  {
    "verse_count": "5205020",
    "book_number": "52",
    "chapter_number": "5",
    "book_name": {
      "english": "1 THESSALONIANS",
      "hindi": "1 थिस्सलुनीकियों"
    },
    "verse": {
      "english": "Despise not prophesyings.",
      "hindi": "भविष्यद्वाणियों को तुच्छ न जानो।"
    },
    "verse_number": 20
  },
  {
    "verse_count": "5205021",
    "book_number": "52",
    "chapter_number": "5",
    "book_name": {
      "english": "1 THESSALONIANS",
      "hindi": "1 थिस्सलुनीकियों"
    },
    "verse": {
      "english": "Prove all things; hold fast that which is good.",
      "hindi": "सब बातों को परखो: जो अच्छी है उसे पकड़े रहो।"
    },
    "verse_number": 21
  },
  {
    "verse_count": "5205022",
    "book_number": "52",
    "chapter_number": "5",
    "book_name": {
      "english": "1 THESSALONIANS",
      "hindi": "1 थिस्सलुनीकियों"
    },
    "verse": {
      "english": "Abstain from all appearance of evil.",
      "hindi": "सब प्रकार की बुराई से बचे रहो॥"
    },
    "verse_number": 22
  },
  {
    "verse_count": "5205023",
    "book_number": "52",
    "chapter_number": "5",
    "book_name": {
      "english": "1 THESSALONIANS",
      "hindi": "1 थिस्सलुनीकियों"
    },
    "verse": {
      "english": "And the very God of peace sanctify you wholly; and I pray God your whole spirit and soul and body be preserved blameless unto the coming of our Lord Jesus Christ.",
      "hindi": "शान्ति का परमेश्वर आप ही तुम्हें पूरी रीति से पवित्र करे; और तुम्हारी आत्मा और प्राण और देह हमारे प्रभु यीशु मसीह के आने तक पूरे पूरे और निर्दोष सुरक्षित रहें।"
    },
    "verse_number": 23
  },
  {
    "verse_count": "5205024",
    "book_number": "52",
    "chapter_number": "5",
    "book_name": {
      "english": "1 THESSALONIANS",
      "hindi": "1 थिस्सलुनीकियों"
    },
    "verse": {
      "english": "Faithful is he that calleth you, who also will do it.",
      "hindi": "तुम्हारा बुलाने वाला सच्चा है, और वह ऐसा ही करेगा॥"
    },
    "verse_number": 24
  },
  {
    "verse_count": "5205025",
    "book_number": "52",
    "chapter_number": "5",
    "book_name": {
      "english": "1 THESSALONIANS",
      "hindi": "1 थिस्सलुनीकियों"
    },
    "verse": {
      "english": "Brethren, pray for us.",
      "hindi": "हे भाइयों, हमारे लिये प्रार्थना करो॥"
    },
    "verse_number": 25
  },
  {
    "verse_count": "5205026",
    "book_number": "52",
    "chapter_number": "5",
    "book_name": {
      "english": "1 THESSALONIANS",
      "hindi": "1 थिस्सलुनीकियों"
    },
    "verse": {
      "english": "Greet all the brethren with an holy kiss.",
      "hindi": "सब भाइयों को पवित्र चुम्बन से नमस्कार करो।"
    },
    "verse_number": 26
  },
  {
    "verse_count": "5205027",
    "book_number": "52",
    "chapter_number": "5",
    "book_name": {
      "english": "1 THESSALONIANS",
      "hindi": "1 थिस्सलुनीकियों"
    },
    "verse": {
      "english": "I charge you by the Lord that this epistle be read unto all the holy brethren.",
      "hindi": "मैं तुम्हें प्रभु की शपथ देता हूं, कि यह पत्री सब भाइयों को पढ़कर सुनाईं जाए॥"
    },
    "verse_number": 27
  },
  {
    "verse_count": "5205028",
    "book_number": "52",
    "chapter_number": "5",
    "book_name": {
      "english": "1 THESSALONIANS",
      "hindi": "1 थिस्सलुनीकियों"
    },
    "verse": {
      "english": "The grace of our Lord Jesus Christ be with you. Amen.",
      "hindi": "हमारे प्रभु यीशु मसीह का अनुग्रह तुम पर होता रहे॥"
    },
    "verse_number": 28
  }
]