[
  {
    "verse_count": "390101",
    "book_number": "39",
    "chapter_number": "1",
    "book_name": {
      "english": "MALACHI",
      "hindi": "मलाकी"
    },
    "verse": {
      "english": "The burden of the word of the LORD to Israel by Malachi.",
      "hindi": "मलाकी के द्वारा इस्राएल के विषय में कहा हुआ यहोवा का भारी वचन॥"
    },
    "verse_number": 1
  },
  {
    "verse_count": "390102",
    "book_number": "39",
    "chapter_number": "1",
    "book_name": {
      "english": "MALACHI",
      "hindi": "मलाकी"
    },
    "verse": {
      "english": "I have loved you, saith the LORD. Yet ye say, Wherein hast thou loved us? Was not Esau Jacob's brother? saith the LORD: yet I loved Jacob,",
      "hindi": "यहोवा यह कहता है, मैं ने तुम से प्रेम किया है, परन्तु तुम पूछते हो, तू ने किस बात में हम से प्रेम किया है? यहोवा की यह वाणी है, क्या ऐसाव याकूब का भाई न था?"
    },
    "verse_number": 2
  },
  {
    "verse_count": "390103",
    "book_number": "39",
    "chapter_number": "1",
    "book_name": {
      "english": "MALACHI",
      "hindi": "मलाकी"
    },
    "verse": {
      "english": "And I hated Esau, and laid his mountains and his heritage waste for the dragons of the wilderness.",
      "hindi": "तौभी मैं ने याकूब से प्रेम किया परन्तु ऐसाव को अप्रिय जान कर उसके पहाड़ों को उजाड़ डाला, और उसकी बपौती को जंगल के गीदड़ों का कर दिया है।"
    },
    "verse_number": 3
  },
  {
    "verse_count": "390104",
    "book_number": "39",
    "chapter_number": "1",
    "book_name": {
      "english": "MALACHI",
      "hindi": "मलाकी"
    },
    "verse": {
      "english": "Whereas Edom saith, We are impoverished, but we will return and build the desolate places; thus saith the LORD of hosts, They shall build, but I will throw down; and they shall call them, The border of wickedness, and, The people against whom the LORD hath indignation for ever.",
      "hindi": "एदोम कहता है, हमारा देश उजड़ गया है, परन्तु हम खण्डहरों को फिर कर बसाएंगे; सेनाओं का यहोवा यों कहता है, यदि वे बनाए भी, परन्तु मैं ढा दूंगा; उनका नाम दुष्ट जाति पड़ेगा, और वे ऐसे लोग कहलाएंगे जिन पर यहोवा सदैव क्रोधित रहे।"
    },
    "verse_number": 4
  },
  {
    "verse_count": "390105",
    "book_number": "39",
    "chapter_number": "1",
    "book_name": {
      "english": "MALACHI",
      "hindi": "मलाकी"
    },
    "verse": {
      "english": "And your eyes shall see, and ye shall say, The LORD will be magnified from the border of Israel.",
      "hindi": "तुम्हारी आंखे इसे देखेंगी, और तुम कहोगे, यहोवा का प्रताप इस्राएल के सिवाने की परली ओर भी बढ़ता जाए॥"
    },
    "verse_number": 5
  },
  {
    "verse_count": "390106",
    "book_number": "39",
    "chapter_number": "1",
    "book_name": {
      "english": "MALACHI",
      "hindi": "मलाकी"
    },
    "verse": {
      "english": "A son honoureth his father, and a servant his master: if then I be a father, where is mine honour? and if I be a master, where is my fear? saith the LORD of hosts unto you, O priests, that despise my name. And ye say, Wherein have we despised thy name?",
      "hindi": "पुत्र पिता का, और दास स्वामी का आदर करता है। यदि मैं पिता हूं, तो मेरा आदर मानना कहां है? और यदि मैं स्वामी हूं, तो मेरा भय मानना कहां? सेनाओं का यहोवा, तुम याजकों से भी जो मेरे नाम का अपमान करते हो यही बात पूछता है। परन्तु तुम पूछते हो, हम ने किस बात में तेरे नाम का अपमान किया है? तुम मेरी वेदी पर अशुद्ध भोजन चढ़ाते हो।"
    },
    "verse_number": 6
  },
  {
    "verse_count": "390107",
    "book_number": "39",
    "chapter_number": "1",
    "book_name": {
      "english": "MALACHI",
      "hindi": "मलाकी"
    },
    "verse": {
      "english": "Ye offer polluted bread upon mine altar; and ye say, Wherein have we polluted thee? In that ye say, The table of the LORD is contemptible.",
      "hindi": "तौभी तुम पूछते हो कि हम किस बात में तुझे अशुद्ध ठहराते हैं? इस बात में भी, कि तुम कहते हो, यहोवा की मेज तुच्छ है।"
    },
    "verse_number": 7
  },
  {
    "verse_count": "390108",
    "book_number": "39",
    "chapter_number": "1",
    "book_name": {
      "english": "MALACHI",
      "hindi": "मलाकी"
    },
    "verse": {
      "english": "And if ye offer the blind for sacrifice, is it not evil? and if ye offer the lame and sick, is it not evil? offer it now unto thy governor; will he be pleased with thee, or accept thy person? saith the LORD of hosts.",
      "hindi": "जब तुम अन्धे पशु को बलि करने के लिये समीप ले आते हो तो क्या यह बुरा नहीं? और जब तुम लंगड़े वा रोगी पशु को ले आते हो, तो क्या यह बुरा नहीं? अपने हाकिम के पास ऐसी भेंट ले आओ; क्या वह तुम से प्रसन्न होगा वा तुम पर अनुग्रह करेगा? सेनाओं के यहोवा का यही वचन है॥"
    },
    "verse_number": 8
  },
  {
    "verse_count": "390109",
    "book_number": "39",
    "chapter_number": "1",
    "book_name": {
      "english": "MALACHI",
      "hindi": "मलाकी"
    },
    "verse": {
      "english": "And now, I pray you, beseech God that he will be gracious unto us: this hath been by your means: will he regard your persons? saith the LORD of hosts.",
      "hindi": "और अब मैं तुम से कहता हूं, ईश्वर से प्रार्थना करो कि वह हम लोगों पर अनुग्रह करे। यह तुम्हारे हाथ से हुआ है; तब क्या तुम समझते हो कि परमेश्वर तुम में से किसी का पक्ष करेगा? सेनाओं के यहोवा का यही वचन है।"
    },
    "verse_number": 9
  },
  {
    "verse_count": "3901010",
    "book_number": "39",
    "chapter_number": "1",
    "book_name": {
      "english": "MALACHI",
      "hindi": "मलाकी"
    },
    "verse": {
      "english": "Who is there even among you that would shut the doors for nought? neither do ye kindle fire on mine altar for nought. I have no pleasure in you, saith the LORD of hosts, neither will I accept an offering at your hand.",
      "hindi": "भला होता कि तुम में से कोई मन्दिर के किवाड़ों को बन्द करता कि तुम मेरी वेदी पर व्यर्थ आग जलाने न पाते! सेनाओं के यहोवा का यह वचन है, मैं तुम से कदापि प्रसन्न नहीं हूं, और न तुम्हारे हाथ से भेंट ग्रहण करूंगा।"
    },
    "verse_number": 10
  },
  {
    "verse_count": "3901011",
    "book_number": "39",
    "chapter_number": "1",
    "book_name": {
      "english": "MALACHI",
      "hindi": "मलाकी"
    },
    "verse": {
      "english": "For from the rising of the sun even unto the going down of the same my name shall be great among the Gentiles; and in every place incense shall be offered unto my name, and a pure offering: for my name shall be great among the heathen, saith the LORD of hosts.",
      "hindi": "क्योंकि उदयाचल से ले कर अस्ताचल तक अन्यजातियों में मेरा नाम महान है, और हर कहीं मेरे नाम पर धूप और शुद्ध भेंट चढ़ाई जाती है; क्योंकि अन्यजातियों में मेरा नाम महान है, सेनाओं के यहोवा का यही वचन है।"
    },
    "verse_number": 11
  },
  {
    "verse_count": "3901012",
    "book_number": "39",
    "chapter_number": "1",
    "book_name": {
      "english": "MALACHI",
      "hindi": "मलाकी"
    },
    "verse": {
      "english": "But ye have profaned it, in that ye say, The table of the LORD is polluted; and the fruit thereof, even his meat, is contemptible.",
      "hindi": "परन्तु तुम लोग उसको यह कह कर अपवित्र ठहराते हो कि यहोवा की मेज अशुद्ध है, और जो भोजनवस्तु उस पर से मिलती है वह भी तुच्छ है।"
    },
    "verse_number": 12
  },
  {
    "verse_count": "3901013",
    "book_number": "39",
    "chapter_number": "1",
    "book_name": {
      "english": "MALACHI",
      "hindi": "मलाकी"
    },
    "verse": {
      "english": "Ye said also, Behold, what a weariness is it! and ye have snuffed at it, saith the LORD of hosts; and ye brought that which was torn, and the lame, and the sick; thus ye brought an offering: should I accept this of your hand? saith the LORD.",
      "hindi": "फिर तुम यह भी कहते हो, कि यह कैसा बड़ा उपद्रव है! सेनाओं के यहोवा का यह वचन है। तुम ने उस भोजनवस्तु के प्रति नाक भौं सिकोड़ी, और अत्याचार से प्राप्त किए हुए और लंगड़े और रोगी पशु की भेंट ले आते हो! क्या मैं ऐसी भेंट तुम्हारे हाथ से ग्रहण करूं? यहोवा का यही वचन है।"
    },
    "verse_number": 13
  },
  {
    "verse_count": "3901014",
    "book_number": "39",
    "chapter_number": "1",
    "book_name": {
      "english": "MALACHI",
      "hindi": "मलाकी"
    },
    "verse": {
      "english": "But cursed be the deceiver, which hath in his flock a male, and voweth, and sacrificeth unto the LORD a corrupt thing: for I am a great King, saith the LORD of hosts, and my name is dreadful among the heathen.",
      "hindi": "जिस छली के झुण्ड में नरपशु हो परन्तु वह मन्नत मान कर परमेश्वर को बर्जा हुआ पशु चढ़ाए, वह शापित है; मैं तो महाराजा हूं, और मेरा नाम अन्यजातियों में भययोग्य है, सेनाओं के यहोवा का यही वचन है॥"
    },
    "verse_number": 14
  },
  {
    "verse_count": "390201",
    "book_number": "39",
    "chapter_number": "2",
    "book_name": {
      "english": "MALACHI",
      "hindi": "मलाकी"
    },
    "verse": {
      "english": "And now, O ye priests, this commandment is for you.",
      "hindi": "और अब हे याजको, यह आज्ञा तुम्हारे लिये है।"
    },
    "verse_number": 1
  },
  {
    "verse_count": "390202",
    "book_number": "39",
    "chapter_number": "2",
    "book_name": {
      "english": "MALACHI",
      "hindi": "मलाकी"
    },
    "verse": {
      "english": "If ye will not hear, and if ye will not lay it to heart, to give glory unto my name, saith the LORD of hosts, I will even send a curse upon you, and I will curse your blessings: yea, I have cursed them already, because ye do not lay it to heart.",
      "hindi": "यदि तुम इसे न सुनो, और मन लगा कर मेरे नाम का आदर न करो, तो सेनाओं का यहोवा यों कहता है कि मैं तुम को शाप दूंगा, और जो वस्तुएं मेरी आशीष से तुम्हें मिलीं हैं, उन पर मेरा शाप पड़ेगा, वरन तुम जो मन नहीं लगाते हो इस कारण मेरा शाप उन पर पड़ चुका है।"
    },
    "verse_number": 2
  },
  {
    "verse_count": "390203",
    "book_number": "39",
    "chapter_number": "2",
    "book_name": {
      "english": "MALACHI",
      "hindi": "मलाकी"
    },
    "verse": {
      "english": "Behold, I will corrupt your seed, and spread dung upon your faces, even the dung of your solemn feasts; and one shall take you away with it.",
      "hindi": "देखो, मैं तुम्हारे कारण बीज को झिड़कूंगा, और तुम्हारे मुंह पर तुम्हारे पर्वों के यज्ञ पशुओं का मल फैलाऊंगा, और उसके संग तुम भी उठा कर फेंक दिए जाओगे।"
    },
    "verse_number": 3
  },
  {
    "verse_count": "390204",
    "book_number": "39",
    "chapter_number": "2",
    "book_name": {
      "english": "MALACHI",
      "hindi": "मलाकी"
    },
    "verse": {
      "english": "And ye shall know that I have sent this commandment unto you, that my covenant might be with Levi, saith the LORD of hosts.",
      "hindi": "तब तुम जानोगे कि मैं ने तुम को यह आज्ञा इसलिये दिलाई है कि लेवी के साथ मेरी बन्धी हुई वाचा बनी रहे; सेनाओं के यहोवा का यही वचन है।"
    },
    "verse_number": 4
  },
  {
    "verse_count": "390205",
    "book_number": "39",
    "chapter_number": "2",
    "book_name": {
      "english": "MALACHI",
      "hindi": "मलाकी"
    },
    "verse": {
      "english": "My covenant was with him of life and peace; and I gave them to him for the fear wherewith he feared me, and was afraid before my name.",
      "hindi": "मेरी जो वाचा उसके साथ बन्धी थी वह जीवन और शान्ति की थी, ओर मैं ने यह इसलिये उसको दिया कि वह भय मानता रहे; और उसने मेरा भय मान भी लिया और मेरे नाम से अत्यन्त भय खाता था।"
    },
    "verse_number": 5
  },
  {
    "verse_count": "390206",
    "book_number": "39",
    "chapter_number": "2",
    "book_name": {
      "english": "MALACHI",
      "hindi": "मलाकी"
    },
    "verse": {
      "english": "The law of truth was in his mouth, and iniquity was not found in his lips: he walked with me in peace and equity, and did turn many away from iniquity.",
      "hindi": "उसको मेरी सच्ची व्यवस्था कण्ठ थी, और उसके मुंह से कुटिल बात न निकलती थी। वह शान्ति और सीधाई से मेरे संग संग चलता था, और बहुतों को अधर्म से लौटा ले आया था।"
    },
    "verse_number": 6
  },
  {
    "verse_count": "390207",
    "book_number": "39",
    "chapter_number": "2",
    "book_name": {
      "english": "MALACHI",
      "hindi": "मलाकी"
    },
    "verse": {
      "english": "For the priest's lips should keep knowledge, and they should seek the law at his mouth: for he is the messenger of the LORD of hosts.",
      "hindi": "क्योंकि याजक को चाहिये कि वह अपने ओंठों से ज्ञान की रक्षा करे, और लोग उसके मुंह से व्यवस्था पूछें, क्योंकि वह सेनाओं के यहोवा का दूत है।"
    },
    "verse_number": 7
  },
  {
    "verse_count": "390208",
    "book_number": "39",
    "chapter_number": "2",
    "book_name": {
      "english": "MALACHI",
      "hindi": "मलाकी"
    },
    "verse": {
      "english": "But ye are departed out of the way; ye have caused many to stumble at the law; ye have corrupted the covenant of Levi, saith the LORD of hosts.",
      "hindi": "परन्तु तुम लोग धर्म के मार्ग से ही हट गए; तुम बहुतों के लिये व्यवस्था के विषय में ठोकर का कारण हुए; तुम ने लेवी की वाचा को तोड़ दिया है, सेनाओं के यहोवा का यही वचन है।"
    },
    "verse_number": 8
  },
  {
    "verse_count": "390209",
    "book_number": "39",
    "chapter_number": "2",
    "book_name": {
      "english": "MALACHI",
      "hindi": "मलाकी"
    },
    "verse": {
      "english": "Therefore have I also made you contemptible and base before all the people, according as ye have not kept my ways, but have been partial in the law.",
      "hindi": "इसलिये मैं ने भी तुम को सब लोगों के साम्हने तुच्छ और नीचा कर दिया है, क्योंकि तुम मेरे मार्गो पर नहीं चलते, वरन व्यवस्था देने में मुंह देखा विचार करते हो॥"
    },
    "verse_number": 9
  },
  {
    "verse_count": "3902010",
    "book_number": "39",
    "chapter_number": "2",
    "book_name": {
      "english": "MALACHI",
      "hindi": "मलाकी"
    },
    "verse": {
      "english": "Have we not all one father? hath not one God created us? why do we deal treacherously every man against his brother, by profaning the covenant of our fathers?",
      "hindi": "क्या हम सभों का एक ही पिता नहीं? क्या एक ही परमेश्वर ने हम को उत्पन्न नहीं किया? हम क्यों एक दूसरे का विश्वासघात कर के अपने पूर्वजों की वाचा को तोड़ देते हैं?"
    },
    "verse_number": 10
  },
  {
    "verse_count": "3902011",
    "book_number": "39",
    "chapter_number": "2",
    "book_name": {
      "english": "MALACHI",
      "hindi": "मलाकी"
    },
    "verse": {
      "english": "Judah hath dealt treacherously, and an abomination is committed in Israel and in Jerusalem; for Judah hath profaned the holiness of the LORD which he loved, and hath married the daughter of a strange god.",
      "hindi": "यहूदा ने विश्वासघात किया है, और इस्राएल में और यरूशलेम में घृणित काम किया गया है; क्योंकि यहूदा ने बिराने देवता की कन्या से विवाह कर के यहोवा के पवित्र स्थान को जो उसका प्रिय है, अपवित्र किया है।"
    },
    "verse_number": 11
  },
  {
    "verse_count": "3902012",
    "book_number": "39",
    "chapter_number": "2",
    "book_name": {
      "english": "MALACHI",
      "hindi": "मलाकी"
    },
    "verse": {
      "english": "The LORD will cut off the man that doeth this, the master and the scholar, out of the tabernacles of Jacob, and him that offereth an offering unto the LORD of hosts.",
      "hindi": "जो पुरूष ऐसा काम करे, उसके तम्बुओं में से याकूब का परमेश्वर उसके घर के रक्षक और सेनाओं के यहोवा की भेंट चढ़ाने वाले को यहूदा से काट डालेगा!"
    },
    "verse_number": 12
  },
  {
    "verse_count": "3902013",
    "book_number": "39",
    "chapter_number": "2",
    "book_name": {
      "english": "MALACHI",
      "hindi": "मलाकी"
    },
    "verse": {
      "english": "And this have ye done again, covering the altar of the LORD with tears, with weeping, and with crying out, insomuch that he regardeth not the offering any more, or receiveth it with good will at your hand.",
      "hindi": "फिर तुम ने यह दूसरा काम किया है कि तुम ने यहोवा की वेदी को रोने वालों और आहें भरने वालों के आंसुओं से भिगो दिया है, यहां तक कि वह तुम्हारी भेंट की ओर दृष्टि तक नहीं करता, और न प्रसन्न हो कर उसको तुम्हारे हाथ से ग्रहण करता है। तुम पूछते हो, ऐसा क्यों?"
    },
    "verse_number": 13
  },
  {
    "verse_count": "3902014",
    "book_number": "39",
    "chapter_number": "2",
    "book_name": {
      "english": "MALACHI",
      "hindi": "मलाकी"
    },
    "verse": {
      "english": "Yet ye say, Wherefore? Because the LORD hath been witness between thee and the wife of thy youth, against whom thou hast dealt treacherously: yet is she thy companion, and the wife of thy covenant.",
      "hindi": "इसलिये, क्योंकि यहोवा तेरे और तेरी उस जवानी की संगिनी और ब्याही हुई स्त्री के बीच साक्षी हुआ था जिस का तू ने विश्वासघात किया है।"
    },
    "verse_number": 14
  },
  {
    "verse_count": "3902015",
    "book_number": "39",
    "chapter_number": "2",
    "book_name": {
      "english": "MALACHI",
      "hindi": "मलाकी"
    },
    "verse": {
      "english": "And did not he make one? Yet had he the residue of the spirit. And wherefore one? That he might seek a godly seed. Therefore take heed to your spirit, and let none deal treacherously against the wife of his youth.",
      "hindi": "क्या उसने एक ही को नहीं बनाया जब कि और आत्माएं उसके पास थीं? ओर एक ही को क्यों बनाया? इसलिये कि वह परमेश्वर के योग्य सन्तान चाहता है। इसलिये तुम अपनी आत्मा के विषय में चौकस रहो, और तुम में से कोई अपनी जवानी की स्त्री से विश्वासघात न करे।"
    },
    "verse_number": 15
  },
  {
    "verse_count": "3902016",
    "book_number": "39",
    "chapter_number": "2",
    "book_name": {
      "english": "MALACHI",
      "hindi": "मलाकी"
    },
    "verse": {
      "english": "For the LORD, the God of Israel, saith that he hateth putting away: for one covereth violence with his garment, saith the LORD of hosts: therefore take heed to your spirit, that ye deal not treacherously.",
      "hindi": "क्योंकि इस्राएल का परमेश्वर यहोवा यह कहता है, कि मैं स्त्री-त्याग से घृणा करता हूं, और उस से भी जो अपने वस्त्र को उपद्रव से ढांपता है। इसलिये तुम अपनी आत्मा के विषय में चौकस रहो और विश्वासघात मत करो, सेनाओं के यहोवा का यही वचन है॥"
    },
    "verse_number": 16
  },
  {
    "verse_count": "3902017",
    "book_number": "39",
    "chapter_number": "2",
    "book_name": {
      "english": "MALACHI",
      "hindi": "मलाकी"
    },
    "verse": {
      "english": "Ye have wearied the LORD with your words. Yet ye say, Wherein have we wearied him? When ye say, Every one that doeth evil is good in the sight of the LORD, and he delighteth in them; or, Where is the God of judgment?",
      "hindi": "तुम लोगों ने अपनी बातों से यहोवा को उकता दिया है। तौभी पूछते हो, कि हम ने किस बाते में उसे उकता दिया? इस में, कि तुम कहते हो कि जो कोई बुरा करता है, वह यहोवा की दृष्टि में अच्छा लगता है, और वह ऐसे लोगों से प्रसन्न रहता है, और यह, कि न्यायी परमेश्वर कहां है?"
    },
    "verse_number": 17
  },
  {
    "verse_count": "390301",
    "book_number": "39",
    "chapter_number": "3",
    "book_name": {
      "english": "MALACHI",
      "hindi": "मलाकी"
    },
    "verse": {
      "english": "Behold, I will send my messenger, and he shall prepare the way before me: and the LORD, whom ye seek, shall suddenly come to his temple, even the messenger of the covenant, whom ye delight in: behold, he shall come, saith the LORD of hosts.",
      "hindi": "देखो, मैं अपने दूत को भेजता हूं, और वह मार्ग को मेरे आगे सुधारेगा, और प्रभु, जिसे तुम ढूंढ़ते हो, वह अचानक अपने मन्दिर में आ जाएगा; हां वाचा का वह दूत, जिसे तुम चाहते हो, सुनो, वह आता है, सेनाओं के यहोवा का यही वचन है।"
    },
    "verse_number": 1
  },
  {
    "verse_count": "390302",
    "book_number": "39",
    "chapter_number": "3",
    "book_name": {
      "english": "MALACHI",
      "hindi": "मलाकी"
    },
    "verse": {
      "english": "But who may abide the day of his coming? and who shall stand when he appeareth? for he is like a refiner's fire, and like fullers' soap:",
      "hindi": "परन्तु उसके आने के दिन की कौन सह सकेगा? और जब वह दिखाई दे, तब कौन खड़ा रह सकेगा? क्योंकि वह सोनार की आग और धोबी के साबुन के समान है।"
    },
    "verse_number": 2
  },
  {
    "verse_count": "390303",
    "book_number": "39",
    "chapter_number": "3",
    "book_name": {
      "english": "MALACHI",
      "hindi": "मलाकी"
    },
    "verse": {
      "english": "And he shall sit as a refiner and purifier of silver: and he shall purify the sons of Levi, and purge them as gold and silver, that they may offer unto the LORD an offering in righteousness.",
      "hindi": "वह रूपे का ताने वाला और शुद्ध करने वाला बनेगा, और लेवियों को शुद्ध करेगा और उन को सोने रूपे की नाईं निर्मल करेगा, तब वे यहोवा की भेंट धर्म से चढ़ाएंगे।"
    },
    "verse_number": 3
  },
  {
    "verse_count": "390304",
    "book_number": "39",
    "chapter_number": "3",
    "book_name": {
      "english": "MALACHI",
      "hindi": "मलाकी"
    },
    "verse": {
      "english": "Then shall the offering of Judah and Jerusalem be pleasant unto the LORD, as in the days of old, and as in former years.",
      "hindi": "तब यहूदा और यरूशलेम की भेंट यहोवा को ऐसी भाएगी, जैसी पहिले दिनों में और प्राचीनकाल में भावती थी॥"
    },
    "verse_number": 4
  },
  {
    "verse_count": "390305",
    "book_number": "39",
    "chapter_number": "3",
    "book_name": {
      "english": "MALACHI",
      "hindi": "मलाकी"
    },
    "verse": {
      "english": "And I will come near to you to judgment; and I will be a swift witness against the sorcerers, and against the adulterers, and against false swearers, and against those that oppress the hireling in his wages, the widow, and the fatherless, and that turn aside the stranger from his right, and fear not me, saith the LORD of hosts.",
      "hindi": "तब मैं न्याय करने को तुम्हारे निकट आऊंगा; और टोन्हों, और व्यभिचारियों, और झूठी किरिया खाने वालों के विरुद्ध, और जो मजदूर की मजदूरी को दबाते, और विधवा और अनाथों पर अन्धेर करते, और परदेशी का न्याय बिगाड़ते, और मेरा भय नहीं मानते, उन सभों के विरुद्ध मैं तुरन्त साक्षी दूंगा, सेनाओं के यहोवा का यही वचन है॥"
    },
    "verse_number": 5
  },
  {
    "verse_count": "390306",
    "book_number": "39",
    "chapter_number": "3",
    "book_name": {
      "english": "MALACHI",
      "hindi": "मलाकी"
    },
    "verse": {
      "english": "For I am the LORD, I change not; therefore ye sons of Jacob are not consumed.",
      "hindi": "क्योंकि मैं यहोवा बदलता नहीं; इसी कारण, हे याकूब की सन्तान तुम नाश नहीं हुए।"
    },
    "verse_number": 6
  },
  {
    "verse_count": "390307",
    "book_number": "39",
    "chapter_number": "3",
    "book_name": {
      "english": "MALACHI",
      "hindi": "मलाकी"
    },
    "verse": {
      "english": "Even from the days of your fathers ye are gone away from mine ordinances, and have not kept them. Return unto me, and I will return unto you, saith the LORD of hosts. But ye said, Wherein shall we return?",
      "hindi": "अपने पुरखाओं के दिनों से तुम लोग मेरी विधियों से हटते आए हो, ओर उनका पालन नहीं करते। तुम मेरी ओर फिरो, तब मैं भी तुम्हारी ओर फिरूंगा, सेनाओं के यहोवा का यही वचन है; परन्तु तुम पूछते हो, हम किस बात में फिरें?"
    },
    "verse_number": 7
  },
  {
    "verse_count": "390308",
    "book_number": "39",
    "chapter_number": "3",
    "book_name": {
      "english": "MALACHI",
      "hindi": "मलाकी"
    },
    "verse": {
      "english": "Will a man rob God? Yet ye have robbed me. But ye say, Wherein have we robbed thee? In tithes and offerings.",
      "hindi": "क्या मनुष्य परमेश्वर को धोखा दे सकता है? देखो, तुम मुझ को धोखा देते हो, और तौभी पूछते हो कि हम ने किस बात में तुझे लूटा है? दशमांश और उठाने की भेंटों में।"
    },
    "verse_number": 8
  },
  {
    "verse_count": "390309",
    "book_number": "39",
    "chapter_number": "3",
    "book_name": {
      "english": "MALACHI",
      "hindi": "मलाकी"
    },
    "verse": {
      "english": "Ye are cursed with a curse: for ye have robbed me, even this whole nation.",
      "hindi": "तुम पर भारी शाप पड़ा है, क्योंकि तुम मुझे लूटते हो; वरन सारी जाति ऐसा करती है।"
    },
    "verse_number": 9
  },
  {
    "verse_count": "3903010",
    "book_number": "39",
    "chapter_number": "3",
    "book_name": {
      "english": "MALACHI",
      "hindi": "मलाकी"
    },
    "verse": {
      "english": "Bring ye all the tithes into the storehouse, that there may be meat in mine house, and prove me now herewith, saith the LORD of hosts, if I will not open you the windows of heaven, and pour you out a blessing, that there shall not be room enough to receive it.",
      "hindi": "सारे दशमांश भण्डार में ले आओ कि मेरे भवन में भोजनवस्तु रहे; और सेनाओं का यहोवा यह कहता है, कि ऐसा कर के मुझे परखो कि मैं आकाश के झरोखे तुम्हारे लिये खोल कर तुम्हारे ऊपर अपरम्पार आशीष की वर्षा करता हूं कि नहीं।"
    },
    "verse_number": 10
  },
  {
    "verse_count": "3903011",
    "book_number": "39",
    "chapter_number": "3",
    "book_name": {
      "english": "MALACHI",
      "hindi": "मलाकी"
    },
    "verse": {
      "english": "And I will rebuke the devourer for your sakes, and he shall not destroy the fruits of your ground; neither shall your vine cast her fruit before the time in the field, saith the LORD of hosts.",
      "hindi": "मैं तुम्हारे लिये नाश करने वाले को ऐसा घुड़कूंगा कि वह तुम्हारी भूमि की उपज नाश न करेगा, और तुम्हारी दाखलताओं के फल कच्चे न गिरेंगे, सेनाओं के यहोवा का यही वचन है॥"
    },
    "verse_number": 11
  },
  {
    "verse_count": "3903012",
    "book_number": "39",
    "chapter_number": "3",
    "book_name": {
      "english": "MALACHI",
      "hindi": "मलाकी"
    },
    "verse": {
      "english": "And all nations shall call you blessed: for ye shall be a delightsome land, saith the LORD of hosts.",
      "hindi": "तब सारी जातियां तुम को धन्य कहेंगी, क्योंकि तुम्हारा देश मनोहर देश होगा, सेनाओं के यहोवा का यही वचन है॥"
    },
    "verse_number": 12
  },
  {
    "verse_count": "3903013",
    "book_number": "39",
    "chapter_number": "3",
    "book_name": {
      "english": "MALACHI",
      "hindi": "मलाकी"
    },
    "verse": {
      "english": "Your words have been stout against me, saith the LORD. Yet ye say, What have we spoken so much against thee?",
      "hindi": "यहोवा यह कहता है, तुम ने मेरे विरुद्ध ढिठाई की बातें कही हैं। परन्तु तुम पूछते हो, हम ने तेरे विरुद्ध में क्या कहा है?"
    },
    "verse_number": 13
  },
  {
    "verse_count": "3903014",
    "book_number": "39",
    "chapter_number": "3",
    "book_name": {
      "english": "MALACHI",
      "hindi": "मलाकी"
    },
    "verse": {
      "english": "Ye have said, It is vain to serve God: and what profit is it that we have kept his ordinance, and that we have walked mournfully before the LORD of hosts?",
      "hindi": "तुम ने कहा है कि परमेश्वर की सेवा करनी व्यर्थ है। हम ने जो उसके बताए हुए कामों को पूरा किया और सेनाओं के यहोवा के डर के मारे शोक का पहिरावा पहिने हुए चले हैं, इस से क्या लाभ हुआ?"
    },
    "verse_number": 14
  },
  {
    "verse_count": "3903015",
    "book_number": "39",
    "chapter_number": "3",
    "book_name": {
      "english": "MALACHI",
      "hindi": "मलाकी"
    },
    "verse": {
      "english": "And now we call the proud happy; yea, they that work wickedness are set up; yea, they that tempt God are even delivered.",
      "hindi": "अब से हम अभिमानी लोगों को धन्य कहते हैं; क्योंकि दुराचारी तो सफल बन गए हैं, वरन वे परमेश्वर की परीक्षा करने पर भी बच गए हैं॥"
    },
    "verse_number": 15
  },
  {
    "verse_count": "3903016",
    "book_number": "39",
    "chapter_number": "3",
    "book_name": {
      "english": "MALACHI",
      "hindi": "मलाकी"
    },
    "verse": {
      "english": "Then they that feared the LORD spake often one to another: and the LORD hearkened, and heard it, and a book of remembrance was written before him for them that feared the LORD, and that thought upon his name.",
      "hindi": "तब यहोवा का भय मानने वालों ने आपस में बातें की, और यहोवा ध्यान धर कर उनकी सुनता था; और जो यहोवा का भय मानते और उसके नाम का सम्मान करते थे, उनके स्मरण के निमित्त उसके साम्हने एक पुस्तक लिखी जाती थी।"
    },
    "verse_number": 16
  },
  {
    "verse_count": "3903017",
    "book_number": "39",
    "chapter_number": "3",
    "book_name": {
      "english": "MALACHI",
      "hindi": "मलाकी"
    },
    "verse": {
      "english": "And they shall be mine, saith the LORD of hosts, in that day when I make up my jewels; and I will spare them, as a man spareth his own son that serveth him.",
      "hindi": "सेनाओं का यहोवा यह कहता है, कि जो दिन मैं ने ठहराया है, उस दिन वे लोग मेरे वरन मेरे निज भाग ठहरेंगे, और मैं उन से ऐसी कोमलता करूंगा जैसी कोई अपने सेवा करने वाले पुत्र से करे।"
    },
    "verse_number": 17
  },
  {
    "verse_count": "3903018",
    "book_number": "39",
    "chapter_number": "3",
    "book_name": {
      "english": "MALACHI",
      "hindi": "मलाकी"
    },
    "verse": {
      "english": "Then shall ye return, and discern between the righteous and the wicked, between him that serveth God and him that serveth him not.",
      "hindi": "तब तुम फिरकर धर्मी और दुष्ट का भेद, अर्थात जो परमेश्वर की सेवा करता है, और जो उसकी सेवा नहीं करता, उन दोनों को भेद पहिचान सकोगे॥"
    },
    "verse_number": 18
  },
  {
    "verse_count": "390401",
    "book_number": "39",
    "chapter_number": "4",
    "book_name": {
      "english": "MALACHI",
      "hindi": "मलाकी"
    },
    "verse": {
      "english": "For, behold, the day cometh, that shall burn as an oven; and all the proud, yea, and all that do wickedly, shall be stubble: and the day that cometh shall burn them up, saith the LORD of hosts, that it shall leave them neither root nor branch.",
      "hindi": "क्योंकि देखो, वह धधकते भट्ठे का सा दिन आता है, जब सब अभिमानी और सब दुराचारी लोग अनाज की खूंटी बन जाएंगे; और उस आने वाले दिन में वे ऐसे भस्म हो जाएंगे कि उनका पता तक न रहेगा, सेनाओं के यहोवा का यही वचन है।"
    },
    "verse_number": 1
  },
  {
    "verse_count": "390402",
    "book_number": "39",
    "chapter_number": "4",
    "book_name": {
      "english": "MALACHI",
      "hindi": "मलाकी"
    },
    "verse": {
      "english": "But unto you that fear my name shall the Sun of righteousness arise with healing in his wings; and ye shall go forth, and grow up as calves of the stall.",
      "hindi": "परन्तु तुम्हारे लिये जो मेरे नाम का भय मानते हो, धर्म का सूर्य उदय होगा, और उसकी किरणों के द्वारा तुम चंगे हो जाओगे; और तुम निकल कर पाले हुए बछड़ों की नाईं कूदोगे और फांदोगे।"
    },
    "verse_number": 2
  },
  {
    "verse_count": "390403",
    "book_number": "39",
    "chapter_number": "4",
    "book_name": {
      "english": "MALACHI",
      "hindi": "मलाकी"
    },
    "verse": {
      "english": "And ye shall tread down the wicked; for they shall be ashes under the soles of your feet in the day that I shall do this, saith the LORD of hosts.",
      "hindi": "तब तुम दुष्टों को लताड़ डालोगे, अर्थात मेरे उस ठहराए हुए दिन में वे तुम्हारे पांवों के नीचे की राख बन जाएंगे, सेनाओं के यहोवा का यही वचन है॥"
    },
    "verse_number": 3
  },
  {
    "verse_count": "390404",
    "book_number": "39",
    "chapter_number": "4",
    "book_name": {
      "english": "MALACHI",
      "hindi": "मलाकी"
    },
    "verse": {
      "english": "Remember ye the law of Moses my servant, which I commanded unto him in Horeb for all Israel, with the statutes and judgments.",
      "hindi": "मेरे दास मूसा की व्यवस्था अर्थात जो जो विधि और नियम मैं ने सारे इस्रएलियों के लिये उसको होरेब में दिए थे, उन को स्मरण रखो॥"
    },
    "verse_number": 4
  },
  {
    "verse_count": "390405",
    "book_number": "39",
    "chapter_number": "4",
    "book_name": {
      "english": "MALACHI",
      "hindi": "मलाकी"
    },
    "verse": {
      "english": "Behold, I will send you Elijah the prophet before the coming of the great and dreadful day of the LORD:",
      "hindi": "देखो, यहोवा के उस बड़े और भयानक दिन के आने से पहिले, मैं तुम्हारे पास एलिय्याह नबी को भेजूंगा।"
    },
    "verse_number": 5
  },
  {
    "verse_count": "390406",
    "book_number": "39",
    "chapter_number": "4",
    "book_name": {
      "english": "MALACHI",
      "hindi": "मलाकी"
    },
    "verse": {
      "english": "And he shall turn the heart of the fathers to the children, and the heart of the children to their fathers, lest I come and smite the earth with a curse.",
      "hindi": "और वह माता पिता के मन को उनके पुत्रों की ओर, और पुत्रों के मन को उनके माता-पिता की ओर फेरेगा; ऐसा न हो कि मैं आकर पृथ्वी को सत्यानाश करूं॥"
    },
    "verse_number": 6
  }
]