[
  {
    "verse_count": "620101",
    "book_number": "62",
    "chapter_number": "1",
    "book_name": {
      "english": "1 JOHN",
      "hindi": "1 यूहन्ना"
    },
    "verse": {
      "english": "That which was from the beginning, which we have heard, which we have seen with our eyes, which we have looked upon, and our hands have handled, of the Word of life;",
      "hindi": "उस जीवन के वचन के विषय में जो आदि से था, जिसे हम ने सुना, और जिसे अपनी आंखों से देखा, वरन जिसे हम ने ध्यान से देखा; और हाथों से छूआ।"
    },
    "verse_number": 1
  },
  {
    "verse_count": "620102",
    "book_number": "62",
    "chapter_number": "1",
    "book_name": {
      "english": "1 JOHN",
      "hindi": "1 यूहन्ना"
    },
    "verse": {
      "english": "(For the life was manifested, and we have seen it, and bear witness, and shew unto you that eternal life, which was with the Father, and was manifested unto us;)",
      "hindi": "(यह जीवन प्रगट हुआ, और हम ने उसे देखा, और उस की गवाही देते हैं, और तुम्हें उस अनन्त जीवन का समाचार देते हैं, जो पिता के साथ था, और हम पर प्रगट हुआ)।"
    },
    "verse_number": 2
  },
  {
    "verse_count": "620103",
    "book_number": "62",
    "chapter_number": "1",
    "book_name": {
      "english": "1 JOHN",
      "hindi": "1 यूहन्ना"
    },
    "verse": {
      "english": "That which we have seen and heard declare we unto you, that ye also may have fellowship with us: and truly our fellowship is with the Father, and with his Son Jesus Christ.",
      "hindi": "जो कुछ हम ने देखा और सुना है उसका समाचार तुम्हें भी देते हैं, इसलिये कि तुम भी हमारे साथ सहभागी हो; और हमारी यह सहभागिता पिता के साथ, और उसके पुत्र यीशु मसीह के साथ है।"
    },
    "verse_number": 3
  },
  {
    "verse_count": "620104",
    "book_number": "62",
    "chapter_number": "1",
    "book_name": {
      "english": "1 JOHN",
      "hindi": "1 यूहन्ना"
    },
    "verse": {
      "english": "And these things write we unto you, that your joy may be full.",
      "hindi": "और ये बातें हम इसलिये लिखते हैं, कि हमारा आनन्द पूरा हो जाए॥"
    },
    "verse_number": 4
  },
  {
    "verse_count": "620105",
    "book_number": "62",
    "chapter_number": "1",
    "book_name": {
      "english": "1 JOHN",
      "hindi": "1 यूहन्ना"
    },
    "verse": {
      "english": "This then is the message which we have heard of him, and declare unto you, that God is light, and in him is no darkness at all.",
      "hindi": "जो समाचार हम ने उस से सुना, और तुम्हें सुनाते हैं, वह यह है; कि परमेश्वर ज्योति है: और उस में कुछ भी अन्धकार नहीं।"
    },
    "verse_number": 5
  },
  {
    "verse_count": "620106",
    "book_number": "62",
    "chapter_number": "1",
    "book_name": {
      "english": "1 JOHN",
      "hindi": "1 यूहन्ना"
    },
    "verse": {
      "english": "If we say that we have fellowship with him, and walk in darkness, we lie, and do not the truth:",
      "hindi": "यदि हम कहें, कि उसके साथ हमारी सहभागिता है, और फिर अन्धकार में चलें, तो हम झूठे हैं: और सत्य पर नहीं चलते।"
    },
    "verse_number": 6
  },
  {
    "verse_count": "620107",
    "book_number": "62",
    "chapter_number": "1",
    "book_name": {
      "english": "1 JOHN",
      "hindi": "1 यूहन्ना"
    },
    "verse": {
      "english": "But if we walk in the light, as he is in the light, we have fellowship one with another, and the blood of Jesus Christ his Son cleanseth us from all sin.",
      "hindi": "पर यदि जैसा वह ज्योति में है, वैसे ही हम भी ज्योति में चलें, तो एक दूसरे से सहभागिता रखते हैं; और उसके पुत्र यीशु का लोहू हमें सब पापों से शुद्ध करता है।"
    },
    "verse_number": 7
  },
  {
    "verse_count": "620108",
    "book_number": "62",
    "chapter_number": "1",
    "book_name": {
      "english": "1 JOHN",
      "hindi": "1 यूहन्ना"
    },
    "verse": {
      "english": "If we say that we have no sin, we deceive ourselves, and the truth is not in us.",
      "hindi": "यदि हम कहें, कि हम में कुछ भी पाप नहीं, तो अपने आप को धोखा देते हैं: और हम में सत्य नहीं।"
    },
    "verse_number": 8
  },
  {
    "verse_count": "620109",
    "book_number": "62",
    "chapter_number": "1",
    "book_name": {
      "english": "1 JOHN",
      "hindi": "1 यूहन्ना"
    },
    "verse": {
      "english": "If we confess our sins, he is faithful and just to forgive us our sins, and to cleanse us from all unrighteousness.",
      "hindi": "यदि हम अपने पापों को मान लें, तो वह हमारे पापों को क्षमा करने, और हमें सब अधर्म से शुद्ध करने में विश्वासयोग्य और धर्मी है।"
    },
    "verse_number": 9
  },
  {
    "verse_count": "6201010",
    "book_number": "62",
    "chapter_number": "1",
    "book_name": {
      "english": "1 JOHN",
      "hindi": "1 यूहन्ना"
    },
    "verse": {
      "english": "If we say that we have not sinned, we make him a liar, and his word is not in us.",
      "hindi": "यदि कहें कि हम ने पाप नहीं किया, तो उसे झूठा ठहराते हैं, और उसका वचन हम में नहीं है॥"
    },
    "verse_number": 10
  },
  {
    "verse_count": "620201",
    "book_number": "62",
    "chapter_number": "2",
    "book_name": {
      "english": "1 JOHN",
      "hindi": "1 यूहन्ना"
    },
    "verse": {
      "english": "My little children, these things write I unto you, that ye sin not. And if any man sin, we have an advocate with the Father, Jesus Christ the righteous:",
      "hindi": "हेमेरे बालकों, मैं ये बातें तुम्हें इसलिये लिखता हूं, कि तुम पाप न करो; और यदि कोई पाप करे, तो पिता के पास हमारा एक सहायक है, अर्थात धार्मिक यीशु मसीह।"
    },
    "verse_number": 1
  },
  {
    "verse_count": "620202",
    "book_number": "62",
    "chapter_number": "2",
    "book_name": {
      "english": "1 JOHN",
      "hindi": "1 यूहन्ना"
    },
    "verse": {
      "english": "And he is the propitiation for our sins: and not for ours only, but also for the sins of the whole world.",
      "hindi": "और वही हमारे पापों का प्रायश्चित्त है: और केवल हमारे ही नहीं, वरन सारे जगत के पापों का भी।"
    },
    "verse_number": 2
  },
  {
    "verse_count": "620203",
    "book_number": "62",
    "chapter_number": "2",
    "book_name": {
      "english": "1 JOHN",
      "hindi": "1 यूहन्ना"
    },
    "verse": {
      "english": "And hereby we do know that we know him, if we keep his commandments.",
      "hindi": "यदि हम उस की आज्ञाओं को मानेंगे, तो इस से हम जान लेंगे कि हम उसे जान गए हैं।"
    },
    "verse_number": 3
  },
  {
    "verse_count": "620204",
    "book_number": "62",
    "chapter_number": "2",
    "book_name": {
      "english": "1 JOHN",
      "hindi": "1 यूहन्ना"
    },
    "verse": {
      "english": "He that saith, I know him, and keepeth not his commandments, is a liar, and the truth is not in him.",
      "hindi": "जो कोई यह कहता है, कि मैं उसे जान गया हूं, और उस की आज्ञाओं को नहीं मानता, वह झूठा है; और उस में सत्य नहीं।"
    },
    "verse_number": 4
  },
  {
    "verse_count": "620205",
    "book_number": "62",
    "chapter_number": "2",
    "book_name": {
      "english": "1 JOHN",
      "hindi": "1 यूहन्ना"
    },
    "verse": {
      "english": "But whoso keepeth his word, in him verily is the love of God perfected: hereby know we that we are in him.",
      "hindi": "पर जो कोई उसके वचन पर चले, उस में सचमुच परमेश्वर का प्रेम सिद्ध हुआ है: हमें इसी से मालूम होता है, कि हम उस में हैं।"
    },
    "verse_number": 5
  },
  {
    "verse_count": "620206",
    "book_number": "62",
    "chapter_number": "2",
    "book_name": {
      "english": "1 JOHN",
      "hindi": "1 यूहन्ना"
    },
    "verse": {
      "english": "He that saith he abideth in him ought himself also so to walk, even as he walked.",
      "hindi": "सो कोई यह कहता है, कि मैं उस में बना रहता हूं, उसे चाहिए कि आप भी वैसा ही चले जैसा वह चलता था।"
    },
    "verse_number": 6
  },
  {
    "verse_count": "620207",
    "book_number": "62",
    "chapter_number": "2",
    "book_name": {
      "english": "1 JOHN",
      "hindi": "1 यूहन्ना"
    },
    "verse": {
      "english": "Brethren, I write no new commandment unto you, but an old commandment which ye had from the beginning. The old commandment is the word which ye have heard from the beginning.",
      "hindi": "हे प्रियों, मैं तुम्हें कोई नई आज्ञा नहीं लिखता, पर वही पुरानी आज्ञा जो आरम्भ से तुम्हें मिली है; यह पुरानी आज्ञा वह वचन है, जिसे तुम ने सुना है।"
    },
    "verse_number": 7
  },
  {
    "verse_count": "620208",
    "book_number": "62",
    "chapter_number": "2",
    "book_name": {
      "english": "1 JOHN",
      "hindi": "1 यूहन्ना"
    },
    "verse": {
      "english": "Again, a new commandment I write unto you, which thing is true in him and in you: because the darkness is past, and the true light now shineth.",
      "hindi": "फिर मैं तुम्हें नई आज्ञा लिखता हूं; और यह तो उस में और तुम में सच्ची ठहरती है; क्योंकि अन्धकार मिटता जाता है और सत्य की ज्योति अभी चमकने लगी है।"
    },
    "verse_number": 8
  },
  {
    "verse_count": "620209",
    "book_number": "62",
    "chapter_number": "2",
    "book_name": {
      "english": "1 JOHN",
      "hindi": "1 यूहन्ना"
    },
    "verse": {
      "english": "He that saith he is in the light, and hateth his brother, is in darkness even until now.",
      "hindi": "जो कोई यह कहता है, कि मैं ज्योति में हूं; और अपने भाई से बैर रखता है, वह अब तक अन्धकार ही में है।"
    },
    "verse_number": 9
  },
  {
    "verse_count": "6202010",
    "book_number": "62",
    "chapter_number": "2",
    "book_name": {
      "english": "1 JOHN",
      "hindi": "1 यूहन्ना"
    },
    "verse": {
      "english": "He that loveth his brother abideth in the light, and there is none occasion of stumbling in him.",
      "hindi": "जो कोई अपने भाई से प्रेम रखता है, वह ज्योति में रहता है, और ठोकर नहीं खा सकता।"
    },
    "verse_number": 10
  },
  {
    "verse_count": "6202011",
    "book_number": "62",
    "chapter_number": "2",
    "book_name": {
      "english": "1 JOHN",
      "hindi": "1 यूहन्ना"
    },
    "verse": {
      "english": "But he that hateth his brother is in darkness, and walketh in darkness, and knoweth not whither he goeth, because that darkness hath blinded his eyes.",
      "hindi": "पर जो कोई अपने भाई से बैर रखता है, वह अन्धकार में है, और अन्धकार में चलता है; और नहीं जानता, कि कहां जाता है, क्योंकि अन्धकार ने उस की आंखे अन्धी कर दी हैं॥"
    },
    "verse_number": 11
  },
  {
    "verse_count": "6202012",
    "book_number": "62",
    "chapter_number": "2",
    "book_name": {
      "english": "1 JOHN",
      "hindi": "1 यूहन्ना"
    },
    "verse": {
      "english": "I write unto you, little children, because your sins are forgiven you for his name's sake.",
      "hindi": "हे बालकों, मैं तुम्हें इसलिये लिखता हूं, कि उसके नाम से तुम्हारे पाप क्षमा हुए।"
    },
    "verse_number": 12
  },
  {
    "verse_count": "6202013",
    "book_number": "62",
    "chapter_number": "2",
    "book_name": {
      "english": "1 JOHN",
      "hindi": "1 यूहन्ना"
    },
    "verse": {
      "english": "I write unto you, fathers, because ye have known him that is from the beginning. I write unto you, young men, because ye have overcome the wicked one. I write unto you, little children, because ye have known the Father.",
      "hindi": "हे पितरों, मैं तुम्हें इसलिये लिखता हूं, कि जो आदि से है, तुम उसे जानते हो: हे जवानों, मैं तुम्हें इसलिये लिखता हूं, कि तुम ने उस दुष्ट पर जय पाई है: हे लड़कों मैं ने तुम्हें इसलिये लिखा है, कि तुम पिता को जान गए हो।"
    },
    "verse_number": 13
  },
  {
    "verse_count": "6202014",
    "book_number": "62",
    "chapter_number": "2",
    "book_name": {
      "english": "1 JOHN",
      "hindi": "1 यूहन्ना"
    },
    "verse": {
      "english": "I have written unto you, fathers, because ye have known him that is from the beginning. I have written unto you, young men, because ye are strong, and the word of God abideth in you, and ye have overcome the wicked one.",
      "hindi": "हे पितरों, मैं ने तुम्हें इसलिये लिखा है, कि जो आदि से है तुम उसे जान गए हो: हे जवानो, मैं ने तुम्हें इसलिये लिखा है, कि तुम बलवन्त हो, और परमेश्वर का वचन तुम में बना रहता है, और तुम ने उस दुष्ट पर जय पाई है।"
    },
    "verse_number": 14
  },
  {
    "verse_count": "6202015",
    "book_number": "62",
    "chapter_number": "2",
    "book_name": {
      "english": "1 JOHN",
      "hindi": "1 यूहन्ना"
    },
    "verse": {
      "english": "Love not the world, neither the things that are in the world. If any man love the world, the love of the Father is not in him.",
      "hindi": "तुम न तो संसार से और न संसार में की वस्तुओं से प्रेम रखो: यदि कोई संसार से प्रेम रखता है, तो उस में पिता का प्रेम नहीं है।"
    },
    "verse_number": 15
  },
  {
    "verse_count": "6202016",
    "book_number": "62",
    "chapter_number": "2",
    "book_name": {
      "english": "1 JOHN",
      "hindi": "1 यूहन्ना"
    },
    "verse": {
      "english": "For all that is in the world, the lust of the flesh, and the lust of the eyes, and the pride of life, is not of the Father, but is of the world.",
      "hindi": "क्योंकि जो कुछ संसार में है, अर्थात शरीर की अभिलाषा, और आंखों की अभिलाषा और जीविका का घमण्ड, वह पिता की ओर से नहीं, परन्तु संसार ही की ओर से है।"
    },
    "verse_number": 16
  },
  {
    "verse_count": "6202017",
    "book_number": "62",
    "chapter_number": "2",
    "book_name": {
      "english": "1 JOHN",
      "hindi": "1 यूहन्ना"
    },
    "verse": {
      "english": "And the world passeth away, and the lust thereof: but he that doeth the will of God abideth for ever.",
      "hindi": "और संसार और उस की अभिलाषाएं दोनों मिटते जाते हैं, पर जो परमेश्वर की इच्छा पर चलता है, वह सर्वदा बना रहेगा॥"
    },
    "verse_number": 17
  },
  {
    "verse_count": "6202018",
    "book_number": "62",
    "chapter_number": "2",
    "book_name": {
      "english": "1 JOHN",
      "hindi": "1 यूहन्ना"
    },
    "verse": {
      "english": "Little children, it is the last time: and as ye have heard that antichrist shall come, even now are there many antichrists; whereby we know that it is the last time.",
      "hindi": "हे लड़कों, यह अन्तिम समय है, और जैसा तुम ने सुना है, कि मसीह का विरोधी आने वाला है, उसके अनुसार अब भी बहुत से मसीह के विरोधी उठे हैं; इस से हम जानते हैं, कि यह अन्तिम समय है।"
    },
    "verse_number": 18
  },
  {
    "verse_count": "6202019",
    "book_number": "62",
    "chapter_number": "2",
    "book_name": {
      "english": "1 JOHN",
      "hindi": "1 यूहन्ना"
    },
    "verse": {
      "english": "They went out from us, but they were not of us; for if they had been of us, they would no doubt have continued with us: but they went out, that they might be made manifest that they were not all of us.",
      "hindi": "वे निकले तो हम ही में से, पर हम में के थे नहीं; क्योंकि यदि हम में के होते, तो हमारे साथ रहते, पर निकल इसलिये गए कि यह प्रगट हो कि वे सब हम में के नहीं हैं।"
    },
    "verse_number": 19
  },
  {
    "verse_count": "6202020",
    "book_number": "62",
    "chapter_number": "2",
    "book_name": {
      "english": "1 JOHN",
      "hindi": "1 यूहन्ना"
    },
    "verse": {
      "english": "But ye have an unction from the Holy One, and ye know all things.",
      "hindi": "और तुम्हारा तो उस पवित्र से अभिषेक हुआ है, और तुम सब कुछ जानते हो।"
    },
    "verse_number": 20
  },
  {
    "verse_count": "6202021",
    "book_number": "62",
    "chapter_number": "2",
    "book_name": {
      "english": "1 JOHN",
      "hindi": "1 यूहन्ना"
    },
    "verse": {
      "english": "I have not written unto you because ye know not the truth, but because ye know it, and that no lie is of the truth.",
      "hindi": "मैं ने तुम्हें इसलिये नहीं लिखा, कि तुम सत्य को नहीं जानते, पर इसलिये, कि उसे जानते हो, और इसलिये कि कोई झूठ, सत्य की ओर से नहीं।"
    },
    "verse_number": 21
  },
  {
    "verse_count": "6202022",
    "book_number": "62",
    "chapter_number": "2",
    "book_name": {
      "english": "1 JOHN",
      "hindi": "1 यूहन्ना"
    },
    "verse": {
      "english": "Who is a liar but he that denieth that Jesus is the Christ? He is antichrist, that denieth the Father and the Son.",
      "hindi": "झूठा कौन है? केवल वह, जो यीशु के मसीह होने का इन्कार करता है; और मसीह का विरोधी वही है, जो पिता का और पुत्र का इन्कार करता है।"
    },
    "verse_number": 22
  },
  {
    "verse_count": "6202023",
    "book_number": "62",
    "chapter_number": "2",
    "book_name": {
      "english": "1 JOHN",
      "hindi": "1 यूहन्ना"
    },
    "verse": {
      "english": "Whosoever denieth the Son, the same hath not the Father: but he that acknowledgeth the Son hath the Father also.",
      "hindi": "जो कोई पुत्र का इन्कार करता है उसके पास पिता भी नहीं: जो पुत्र को मान लेता है, उसके पास पिता भी है।"
    },
    "verse_number": 23
  },
  {
    "verse_count": "6202024",
    "book_number": "62",
    "chapter_number": "2",
    "book_name": {
      "english": "1 JOHN",
      "hindi": "1 यूहन्ना"
    },
    "verse": {
      "english": "Let that therefore abide in you, which ye have heard from the beginning. If that which ye have heard from the beginning shall remain in you, ye also shall continue in the Son, and in the Father.",
      "hindi": "जो कुछ तुम ने आरम्भ से सुना है वही तुम में बना रहे: जो तुम ने आरम्भ से सुना है, यदि वह तुम में बना रहे, तो तुम भी पुत्र में, और पिता में बने रहोगे।"
    },
    "verse_number": 24
  },
  {
    "verse_count": "6202025",
    "book_number": "62",
    "chapter_number": "2",
    "book_name": {
      "english": "1 JOHN",
      "hindi": "1 यूहन्ना"
    },
    "verse": {
      "english": "And this is the promise that he hath promised us, even eternal life.",
      "hindi": "और जिस की उस ने हम से प्रतिज्ञा की वह अनन्त जीवन है।"
    },
    "verse_number": 25
  },
  {
    "verse_count": "6202026",
    "book_number": "62",
    "chapter_number": "2",
    "book_name": {
      "english": "1 JOHN",
      "hindi": "1 यूहन्ना"
    },
    "verse": {
      "english": "These things have I written unto you concerning them that seduce you.",
      "hindi": "मैं ने ये बातें तुम्हें उन के विषय में लिखी हैं, जो तुम्हें भरमाते हैं।"
    },
    "verse_number": 26
  },
  {
    "verse_count": "6202027",
    "book_number": "62",
    "chapter_number": "2",
    "book_name": {
      "english": "1 JOHN",
      "hindi": "1 यूहन्ना"
    },
    "verse": {
      "english": "But the anointing which ye have received of him abideth in you, and ye need not that any man teach you: but as the same anointing teacheth you of all things, and is truth, and is no lie, and even as it hath taught you, ye shall abide in him.",
      "hindi": "और तुम्हारा वह अभिषेक, जो उस की ओर से किया गया, तुम में बना रहता है; और तुम्हें इस का प्रयोजन नही, कि कोई तुम्हें सिखाए, वरन जैसे वह अभिषेक जो उस की ओर से किया गया तुम्हें सब बातें सिखाता है, और यह सच्चा है, और झूठा नहीं: और जैसा उस ने तुम्हें सिखाया है वैसे ही तुम उस में बने रहते हो।"
    },
    "verse_number": 27
  },
  {
    "verse_count": "6202028",
    "book_number": "62",
    "chapter_number": "2",
    "book_name": {
      "english": "1 JOHN",
      "hindi": "1 यूहन्ना"
    },
    "verse": {
      "english": "And now, little children, abide in him; that, when he shall appear, we may have confidence, and not be ashamed before him at his coming.",
      "hindi": "निदान, हे बालकों, उस में बने रहो; कि जब वह प्रगट हो, तो हमें हियाव हो, और हम उसके आने पर उसके साम्हने लज्ज़ित न हों।"
    },
    "verse_number": 28
  },
  {
    "verse_count": "6202029",
    "book_number": "62",
    "chapter_number": "2",
    "book_name": {
      "english": "1 JOHN",
      "hindi": "1 यूहन्ना"
    },
    "verse": {
      "english": "If ye know that he is righteous, ye know that every one that doeth righteousness is born of him.",
      "hindi": "यदि तुम जानते हो, कि वह धार्मिक है, तो यह भी जानते हो, कि जो कोई धर्म का काम करता है, वह उस से जन्मा है।"
    },
    "verse_number": 29
  },
  {
    "verse_count": "620301",
    "book_number": "62",
    "chapter_number": "3",
    "book_name": {
      "english": "1 JOHN",
      "hindi": "1 यूहन्ना"
    },
    "verse": {
      "english": "Behold, what manner of love the Father hath bestowed upon us, that we should be called the sons of God: therefore the world knoweth us not, because it knew him not.",
      "hindi": "देखो पिता ने हम से कैसा प्रेम किया है, कि हम परमेश्वर की सन्तान कहलाएं, और हम हैं भी: इस कारण संसार हमें नहीं जानता, क्योंकि उस ने उसे भी नहीं जाना।"
    },
    "verse_number": 1
  },
  {
    "verse_count": "620302",
    "book_number": "62",
    "chapter_number": "3",
    "book_name": {
      "english": "1 JOHN",
      "hindi": "1 यूहन्ना"
    },
    "verse": {
      "english": "Beloved, now are we the sons of God, and it doth not yet appear what we shall be: but we know that, when he shall appear, we shall be like him; for we shall see him as he is.",
      "hindi": "हे प्रियों, अभी हम परमेश्वर की सन्तान हैं, और अब तक यह प्रगट नहीं हुआ, कि हम क्या कुछ होंगे! इतना जानते हैं, कि जब वह प्रगट होगा तो हम भी उसके समान होंगे, क्योंकि उस को वैसा ही देखेंगे जैसा वह है।"
    },
    "verse_number": 2
  },
  {
    "verse_count": "620303",
    "book_number": "62",
    "chapter_number": "3",
    "book_name": {
      "english": "1 JOHN",
      "hindi": "1 यूहन्ना"
    },
    "verse": {
      "english": "And every man that hath this hope in him purifieth himself, even as he is pure.",
      "hindi": "और जो कोई उस पर यह आशा रखता है, वह अपने आप को वैसा ही पवित्र करता है, जैसा वह पवित्र है।"
    },
    "verse_number": 3
  },
  {
    "verse_count": "620304",
    "book_number": "62",
    "chapter_number": "3",
    "book_name": {
      "english": "1 JOHN",
      "hindi": "1 यूहन्ना"
    },
    "verse": {
      "english": "Whosoever committeth sin transgresseth also the law: for sin is the transgression of the law.",
      "hindi": "जो कोई पाप करता है, वह व्यवस्था का विरोध करता है; ओर पाप तो व्यवस्था का विरोध है।"
    },
    "verse_number": 4
  },
  {
    "verse_count": "620305",
    "book_number": "62",
    "chapter_number": "3",
    "book_name": {
      "english": "1 JOHN",
      "hindi": "1 यूहन्ना"
    },
    "verse": {
      "english": "And ye know that he was manifested to take away our sins; and in him is no sin.",
      "hindi": "और तुम जानते हो, कि वह इसलिये प्रगट हुआ, कि पापों को हर ले जाए; और उसके स्वभाव में पाप नहीं।"
    },
    "verse_number": 5
  },
  {
    "verse_count": "620306",
    "book_number": "62",
    "chapter_number": "3",
    "book_name": {
      "english": "1 JOHN",
      "hindi": "1 यूहन्ना"
    },
    "verse": {
      "english": "Whosoever abideth in him sinneth not: whosoever sinneth hath not seen him, neither known him.",
      "hindi": "जो कोई उस में बना रहता है, वह पाप नहीं करता: जो कोई पाप करता है, उस ने न तो उसे देखा है, और न उस को जाना है।"
    },
    "verse_number": 6
  },
  {
    "verse_count": "620307",
    "book_number": "62",
    "chapter_number": "3",
    "book_name": {
      "english": "1 JOHN",
      "hindi": "1 यूहन्ना"
    },
    "verse": {
      "english": "Little children, let no man deceive you: he that doeth righteousness is righteous, even as he is righteous.",
      "hindi": "हे बालकों, किसी के भरमाने में न आना; जो धर्म के काम करता है, वही उस की नाईं धर्मी है।"
    },
    "verse_number": 7
  },
  {
    "verse_count": "620308",
    "book_number": "62",
    "chapter_number": "3",
    "book_name": {
      "english": "1 JOHN",
      "hindi": "1 यूहन्ना"
    },
    "verse": {
      "english": "He that committeth sin is of the devil; for the devil sinneth from the beginning. For this purpose the Son of God was manifested, that he might destroy the works of the devil.",
      "hindi": "जो कोई पाप करता है, वह शैतान की ओर से है, क्योंकि शैतान आरम्भ ही से पाप करता आया है: परमेश्वर का पुत्र इसलिये प्रगट हुआ, कि शैतान के कामों को नाश करे।"
    },
    "verse_number": 8
  },
  {
    "verse_count": "620309",
    "book_number": "62",
    "chapter_number": "3",
    "book_name": {
      "english": "1 JOHN",
      "hindi": "1 यूहन्ना"
    },
    "verse": {
      "english": "Whosoever is born of God doth not commit sin; for his seed remaineth in him: and he cannot sin, because he is born of God.",
      "hindi": "जो कोई परमेश्वर से जन्मा है वह पाप नहीं करता; क्योंकि उसका बीज उस में बना रहता है: और वह पाप कर ही नहीं सकता, क्योंकि परमेश्वर से जन्मा है।"
    },
    "verse_number": 9
  },
  {
    "verse_count": "6203010",
    "book_number": "62",
    "chapter_number": "3",
    "book_name": {
      "english": "1 JOHN",
      "hindi": "1 यूहन्ना"
    },
    "verse": {
      "english": "In this the children of God are manifest, and the children of the devil: whosoever doeth not righteousness is not of God, neither he that loveth not his brother.",
      "hindi": "इसी से परमेश्वर की सन्तान, और शैतान की सन्तान जाने जाते हैं; जो कोई धर्म के काम नहीं करता, वह परमेश्वर से नहीं, और न वह, जो अपने भाई से प्रेम नहीं रखता।"
    },
    "verse_number": 10
  },
  {
    "verse_count": "6203011",
    "book_number": "62",
    "chapter_number": "3",
    "book_name": {
      "english": "1 JOHN",
      "hindi": "1 यूहन्ना"
    },
    "verse": {
      "english": "For this is the message that ye heard from the beginning, that we should love one another.",
      "hindi": "क्योंकि जो समाचार तुम ने आरम्भ से सुना, वह यह है, कि हम एक दूसरे से प्रेम रखें।"
    },
    "verse_number": 11
  },
  {
    "verse_count": "6203012",
    "book_number": "62",
    "chapter_number": "3",
    "book_name": {
      "english": "1 JOHN",
      "hindi": "1 यूहन्ना"
    },
    "verse": {
      "english": "Not as Cain, who was of that wicked one, and slew his brother. And wherefore slew he him? Because his own works were evil, and his brother's righteous.",
      "hindi": "और कैन के समान न बनें, जो उस दुष्ट से था, और जिस ने अपने भाई को घात किया: और उसे किस कारण घात किया? इस कारण कि उसके काम बुरे थे, और उसके भाई के काम धर्म के थे॥"
    },
    "verse_number": 12
  },
  {
    "verse_count": "6203013",
    "book_number": "62",
    "chapter_number": "3",
    "book_name": {
      "english": "1 JOHN",
      "hindi": "1 यूहन्ना"
    },
    "verse": {
      "english": "Marvel not, my brethren, if the world hate you.",
      "hindi": "हे भाइयों, यदि संसार तुम से बैर करता है तो अचम्भा न करना।"
    },
    "verse_number": 13
  },
  {
    "verse_count": "6203014",
    "book_number": "62",
    "chapter_number": "3",
    "book_name": {
      "english": "1 JOHN",
      "hindi": "1 यूहन्ना"
    },
    "verse": {
      "english": "We know that we have passed from death unto life, because we love the brethren. He that loveth not his brother abideth in death.",
      "hindi": "हम जानते हैं, कि हम मृत्यु से पार होकर जीवन में पहुंचे हैं; क्योंकि हम भाइयों से प्रेम रखते हैं: जो प्रेम नहीं रखता, वह मृत्यु की दशा में रहता है।"
    },
    "verse_number": 14
  },
  {
    "verse_count": "6203015",
    "book_number": "62",
    "chapter_number": "3",
    "book_name": {
      "english": "1 JOHN",
      "hindi": "1 यूहन्ना"
    },
    "verse": {
      "english": "Whosoever hateth his brother is a murderer: and ye know that no murderer hath eternal life abiding in him.",
      "hindi": "जो कोई अपने भाई से बैर रखता है, वह हत्यारा है; और तुम जानते हो, कि किसी हत्यारे में अनन्त जीवन नहीं रहता।"
    },
    "verse_number": 15
  },
  {
    "verse_count": "6203016",
    "book_number": "62",
    "chapter_number": "3",
    "book_name": {
      "english": "1 JOHN",
      "hindi": "1 यूहन्ना"
    },
    "verse": {
      "english": "Hereby perceive we the love of God, because he laid down his life for us: and we ought to lay down our lives for the brethren.",
      "hindi": "हम ने प्रेम इसी से जाना, कि उस ने हमारे लिये अपने प्राण दे दिए; और हमें भी भाइयों के लिये प्राण देना चाहिए।"
    },
    "verse_number": 16
  },
  {
    "verse_count": "6203017",
    "book_number": "62",
    "chapter_number": "3",
    "book_name": {
      "english": "1 JOHN",
      "hindi": "1 यूहन्ना"
    },
    "verse": {
      "english": "But whoso hath this world's good, and seeth his brother have need, and shutteth up his bowels of compassion from him, how dwelleth the love of God in him?",
      "hindi": "पर जिस किसी के पास संसार की संपत्ति हो और वह अपने भाई को कंगाल देख कर उस पर तरस न खाना चाहे, तो उस में परमेश्वर का प्रेम क्योंकर बना रह सकता है?"
    },
    "verse_number": 17
  },
  {
    "verse_count": "6203018",
    "book_number": "62",
    "chapter_number": "3",
    "book_name": {
      "english": "1 JOHN",
      "hindi": "1 यूहन्ना"
    },
    "verse": {
      "english": "My little children, let us not love in word, neither in tongue; but in deed and in truth.",
      "hindi": "हे बालकों, हम वचन और जीभ ही से नहीं, पर काम और सत्य के द्वारा भी प्रेम करें।"
    },
    "verse_number": 18
  },
  {
    "verse_count": "6203019",
    "book_number": "62",
    "chapter_number": "3",
    "book_name": {
      "english": "1 JOHN",
      "hindi": "1 यूहन्ना"
    },
    "verse": {
      "english": "And hereby we know that we are of the truth, and shall assure our hearts before him.",
      "hindi": "इसी से हम जानेंगे, कि हम सत्य के हैं; और जिस बात में हमारा मन हमें दोष देगा, उसके विषय में हम उसके साम्हने अपने अपने मन को ढाढ़स दे सकेंगे।"
    },
    "verse_number": 19
  },
  {
    "verse_count": "6203020",
    "book_number": "62",
    "chapter_number": "3",
    "book_name": {
      "english": "1 JOHN",
      "hindi": "1 यूहन्ना"
    },
    "verse": {
      "english": "For if our heart condemn us, God is greater than our heart, and knoweth all things.",
      "hindi": "क्योंकि परमेश्वर हमारे मन से बड़ा है; और सब कुछ जानता है।"
    },
    "verse_number": 20
  },
  {
    "verse_count": "6203021",
    "book_number": "62",
    "chapter_number": "3",
    "book_name": {
      "english": "1 JOHN",
      "hindi": "1 यूहन्ना"
    },
    "verse": {
      "english": "Beloved, if our heart condemn us not, then have we confidence toward God.",
      "hindi": "हे प्रियो, यदि हमारा मन हमें दोष न दे, तो हमें परमेश्वर के साम्हने हियाव होता है।"
    },
    "verse_number": 21
  },
  {
    "verse_count": "6203022",
    "book_number": "62",
    "chapter_number": "3",
    "book_name": {
      "english": "1 JOHN",
      "hindi": "1 यूहन्ना"
    },
    "verse": {
      "english": "And whatsoever we ask, we receive of him, because we keep his commandments, and do those things that are pleasing in his sight.",
      "hindi": "और जो कुछ हम मांगते हैं, वह हमें उस से मिलता है; क्योंकि हम उस की आज्ञाओं को मानते हैं; और जो उसे भाता है वही करते हैं।"
    },
    "verse_number": 22
  },
  {
    "verse_count": "6203023",
    "book_number": "62",
    "chapter_number": "3",
    "book_name": {
      "english": "1 JOHN",
      "hindi": "1 यूहन्ना"
    },
    "verse": {
      "english": "And this is his commandment, That we should believe on the name of his Son Jesus Christ, and love one another, as he gave us commandment.",
      "hindi": "और उस की आज्ञा यह है कि हम उसके पुत्र यीशु मसीह के नाम पर विश्वास करें और जैसा उस ने हमें आज्ञा दी है उसी के अनुसार आपस में प्रेम रखें।"
    },
    "verse_number": 23
  },
  {
    "verse_count": "6203024",
    "book_number": "62",
    "chapter_number": "3",
    "book_name": {
      "english": "1 JOHN",
      "hindi": "1 यूहन्ना"
    },
    "verse": {
      "english": "And he that keepeth his commandments dwelleth in him, and he in him. And hereby we know that he abideth in us, by the Spirit which he hath given us.",
      "hindi": "और जो उस की आज्ञाओं को मानता है, वह उस में, और वह उन में बना रहता है: और इसी से, अर्थात उस आत्मा से जो उस ने हमें दिया है, हम जानते हैं, कि वह हम में बना रहता है॥"
    },
    "verse_number": 24
  },
  {
    "verse_count": "620401",
    "book_number": "62",
    "chapter_number": "4",
    "book_name": {
      "english": "1 JOHN",
      "hindi": "1 यूहन्ना"
    },
    "verse": {
      "english": "Beloved, believe not every spirit, but try the spirits whether they are of God: because many false prophets are gone out into the world.",
      "hindi": "हेप्रियों, हर एक आत्मा की प्रतीति न करो: वरन आत्माओं को परखो, कि वे परमेश्वर की ओर से हैं कि नहीं; क्योंकि बहुत से झूठे भविष्यद्वक्ता जगत में निकल खड़े हुए हैं।"
    },
    "verse_number": 1
  },
  {
    "verse_count": "620402",
    "book_number": "62",
    "chapter_number": "4",
    "book_name": {
      "english": "1 JOHN",
      "hindi": "1 यूहन्ना"
    },
    "verse": {
      "english": "Hereby know ye the Spirit of God: Every spirit that confesseth that Jesus Christ is come in the flesh is of God:",
      "hindi": "परमेश्वर का आत्मा तुम इसी रीति से पहचान सकते हो, कि जो कोई आत्मा मान लेती है, कि यीशु मसीह शरीर में होकर आया है वह परमेश्वर की ओर से है।"
    },
    "verse_number": 2
  },
  {
    "verse_count": "620403",
    "book_number": "62",
    "chapter_number": "4",
    "book_name": {
      "english": "1 JOHN",
      "hindi": "1 यूहन्ना"
    },
    "verse": {
      "english": "And every spirit that confesseth not that Jesus Christ is come in the flesh is not of God: and this is that spirit of antichrist, whereof ye have heard that it should come; and even now already is it in the world.",
      "hindi": "और जो कोई आत्मा यीशु को नहीं मानती, वह परमेश्वर की ओर से नहीं; और वही तो मसीह के विरोधी की आत्मा है; जिस की चर्चा तुम सुन चुके हो, कि वह आने वाला है: और अब भी जगत में है।"
    },
    "verse_number": 3
  },
  {
    "verse_count": "620404",
    "book_number": "62",
    "chapter_number": "4",
    "book_name": {
      "english": "1 JOHN",
      "hindi": "1 यूहन्ना"
    },
    "verse": {
      "english": "Ye are of God, little children, and have overcome them: because greater is he that is in you, than he that is in the world.",
      "hindi": "हे बालको, तुम परमेश्वर के हो: और तुम ने उन पर जय पाई है; क्योंकि जो तुम में है, वह उस से जो संसार में है, बड़ा है।"
    },
    "verse_number": 4
  },
  {
    "verse_count": "620405",
    "book_number": "62",
    "chapter_number": "4",
    "book_name": {
      "english": "1 JOHN",
      "hindi": "1 यूहन्ना"
    },
    "verse": {
      "english": "They are of the world: therefore speak they of the world, and the world heareth them.",
      "hindi": "वे संसार के हैं, इस कारण वे संसार की बातें बोलते हैं, और संसार उन की सुनता है।"
    },
    "verse_number": 5
  },
  {
    "verse_count": "620406",
    "book_number": "62",
    "chapter_number": "4",
    "book_name": {
      "english": "1 JOHN",
      "hindi": "1 यूहन्ना"
    },
    "verse": {
      "english": "We are of God: he that knoweth God heareth us; he that is not of God heareth not us. Hereby know we the spirit of truth, and the spirit of error.",
      "hindi": "हम परमेश्वर के हैं: जो परमेश्वर को जानता है, वह हमारी सुनता है; जो परमेश्वर को नहीं जानता वह हमारी नहीं सुनता; इसी प्रकार हम सत्य की आत्मा और भ्रम की आत्मा को पहचान लेते हैं।"
    },
    "verse_number": 6
  },
  {
    "verse_count": "620407",
    "book_number": "62",
    "chapter_number": "4",
    "book_name": {
      "english": "1 JOHN",
      "hindi": "1 यूहन्ना"
    },
    "verse": {
      "english": "Beloved, let us love one another: for love is of God; and every one that loveth is born of God, and knoweth God.",
      "hindi": "हे प्रियों, हम आपस में प्रेम रखें; क्योंकि प्रेम परमेश्वर से है: और जो कोई प्रेम करता है, वह परमेश्वर से जन्मा है; और परमेश्वर को जानता है।"
    },
    "verse_number": 7
  },
  {
    "verse_count": "620408",
    "book_number": "62",
    "chapter_number": "4",
    "book_name": {
      "english": "1 JOHN",
      "hindi": "1 यूहन्ना"
    },
    "verse": {
      "english": "He that loveth not knoweth not God; for God is love.",
      "hindi": "जो प्रेम नहीं रखता, वह परमेश्वर को नहीं जानता है, क्योंकि परमेश्वर प्रेम है।"
    },
    "verse_number": 8
  },
  {
    "verse_count": "620409",
    "book_number": "62",
    "chapter_number": "4",
    "book_name": {
      "english": "1 JOHN",
      "hindi": "1 यूहन्ना"
    },
    "verse": {
      "english": "In this was manifested the love of God toward us, because that God sent his only begotten Son into the world, that we might live through him.",
      "hindi": "जो प्रेम परमेश्वर हम से रखता है, वह इस से प्रगट हुआ, कि परमेश्वर ने अपने एकलौते पुत्र को जगत में भेजा है, कि हम उसके द्वारा जीवन पाएं।"
    },
    "verse_number": 9
  },
  {
    "verse_count": "6204010",
    "book_number": "62",
    "chapter_number": "4",
    "book_name": {
      "english": "1 JOHN",
      "hindi": "1 यूहन्ना"
    },
    "verse": {
      "english": "Herein is love, not that we loved God, but that he loved us, and sent his Son to be the propitiation for our sins.",
      "hindi": "प्रेम इस में नहीं कि हम ने परमेश्वर ने प्रेम किया; पर इस में है, कि उस ने हम से प्रेम किया; और हमारे पापों के प्रायश्चित्त के लिये अपने पुत्र को भेजा।"
    },
    "verse_number": 10
  },
  {
    "verse_count": "6204011",
    "book_number": "62",
    "chapter_number": "4",
    "book_name": {
      "english": "1 JOHN",
      "hindi": "1 यूहन्ना"
    },
    "verse": {
      "english": "Beloved, if God so loved us, we ought also to love one another.",
      "hindi": "हे प्रियो, जब परमेश्वर ने हम से ऐसा प्रेम किया, तो हम को भी आपस में प्रेम रखना चाहिए।"
    },
    "verse_number": 11
  },
  {
    "verse_count": "6204012",
    "book_number": "62",
    "chapter_number": "4",
    "book_name": {
      "english": "1 JOHN",
      "hindi": "1 यूहन्ना"
    },
    "verse": {
      "english": "No man hath seen God at any time. If we love one another, God dwelleth in us, and his love is perfected in us.",
      "hindi": "परमेश्वर को कभी किसी ने नहीं देखा; यदि हम आपस में प्रेम रखें, तो परमेश्वर हम में बना रहता है; और उसका प्रेम हम में सिद्ध हो गया है।"
    },
    "verse_number": 12
  },
  {
    "verse_count": "6204013",
    "book_number": "62",
    "chapter_number": "4",
    "book_name": {
      "english": "1 JOHN",
      "hindi": "1 यूहन्ना"
    },
    "verse": {
      "english": "Hereby know we that we dwell in him, and he in us, because he hath given us of his Spirit.",
      "hindi": "इसी से हम जानते हैं, कि हम उस में बने रहते हैं, और वह हम में; क्योंकि उस ने अपने आत्मा में से हमें दिया है।"
    },
    "verse_number": 13
  },
  {
    "verse_count": "6204014",
    "book_number": "62",
    "chapter_number": "4",
    "book_name": {
      "english": "1 JOHN",
      "hindi": "1 यूहन्ना"
    },
    "verse": {
      "english": "And we have seen and do testify that the Father sent the Son to be the Saviour of the world.",
      "hindi": "और हम ने देख भी लिया और गवाही देते हैं, कि पिता ने पुत्र को जगत का उद्धारकर्ता करके भेजा है।"
    },
    "verse_number": 14
  },
  {
    "verse_count": "6204015",
    "book_number": "62",
    "chapter_number": "4",
    "book_name": {
      "english": "1 JOHN",
      "hindi": "1 यूहन्ना"
    },
    "verse": {
      "english": "Whosoever shall confess that Jesus is the Son of God, God dwelleth in him, and he in God.",
      "hindi": "जो कोई यह मान लेता है, कि यीशु परमेश्वर का पुत्र है: परमेश्वर उस में बना रहता है, और वह परमेश्वर में।"
    },
    "verse_number": 15
  },
  {
    "verse_count": "6204016",
    "book_number": "62",
    "chapter_number": "4",
    "book_name": {
      "english": "1 JOHN",
      "hindi": "1 यूहन्ना"
    },
    "verse": {
      "english": "And we have known and believed the love that God hath to us. God is love; and he that dwelleth in love dwelleth in God, and God in him.",
      "hindi": "और जो प्रेम परमेश्वर हम से रखता है, उस को हम जान गए, और हमें उस की प्रतीति है; परमेश्वर प्रेम है: जो प्रेम में बना रहता है, वह परमेश्वर में बना रहता है; और परमेश्वर उस में बना रहता है।"
    },
    "verse_number": 16
  },
  {
    "verse_count": "6204017",
    "book_number": "62",
    "chapter_number": "4",
    "book_name": {
      "english": "1 JOHN",
      "hindi": "1 यूहन्ना"
    },
    "verse": {
      "english": "Herein is our love made perfect, that we may have boldness in the day of judgment: because as he is, so are we in this world.",
      "hindi": "इसी से प्रेम हम में सिद्ध हुआ, कि हमें न्याय के दिन हियाव हो; क्योंकि जैसा वह है, वैसे ही संसार में हम भी हैं।"
    },
    "verse_number": 17
  },
  {
    "verse_count": "6204018",
    "book_number": "62",
    "chapter_number": "4",
    "book_name": {
      "english": "1 JOHN",
      "hindi": "1 यूहन्ना"
    },
    "verse": {
      "english": "There is no fear in love; but perfect love casteth out fear: because fear hath torment. He that feareth is not made perfect in love.",
      "hindi": "प्रेम में भय नहीं होता, वरन सिद्ध प्रेम भय को दूर कर देता है, क्योंकि भय से कष्ट होता है, और जो भय करता है, वह प्रेम में सिद्ध नहीं हुआ।"
    },
    "verse_number": 18
  },
  {
    "verse_count": "6204019",
    "book_number": "62",
    "chapter_number": "4",
    "book_name": {
      "english": "1 JOHN",
      "hindi": "1 यूहन्ना"
    },
    "verse": {
      "english": "We love him, because he first loved us.",
      "hindi": "हम इसलिये प्रेम करते हैं, कि पहिले उस ने हम से प्रेम किया।"
    },
    "verse_number": 19
  },
  {
    "verse_count": "6204020",
    "book_number": "62",
    "chapter_number": "4",
    "book_name": {
      "english": "1 JOHN",
      "hindi": "1 यूहन्ना"
    },
    "verse": {
      "english": "If a man say, I love God, and hateth his brother, he is a liar: for he that loveth not his brother whom he hath seen, how can he love God whom he hath not seen?",
      "hindi": "यदि कोई कहे, कि मैं परमेश्वर से प्रेम रखता हूं; और अपने भाई से बैर रखे; तो वह झूठा है: क्योंकि जो अपने भाई से, जिस उस ने देखा है, प्रेम नहीं रखता, तो वह परमेश्वर से भी जिसे उस ने नहीं देखा, प्रेम नहीं रख सकता।"
    },
    "verse_number": 20
  },
  {
    "verse_count": "6204021",
    "book_number": "62",
    "chapter_number": "4",
    "book_name": {
      "english": "1 JOHN",
      "hindi": "1 यूहन्ना"
    },
    "verse": {
      "english": "And this commandment have we from him, That he who loveth God love his brother also.",
      "hindi": "और उस से हमें यह आज्ञा मिली है, कि जो कोई अपने परमेश्वर से प्रेम रखता है, वह अपने भाई से भी प्रेम रखे॥"
    },
    "verse_number": 21
  },
  {
    "verse_count": "620501",
    "book_number": "62",
    "chapter_number": "5",
    "book_name": {
      "english": "1 JOHN",
      "hindi": "1 यूहन्ना"
    },
    "verse": {
      "english": "Whosoever believeth that Jesus is the Christ is born of God: and every one that loveth him that begat loveth him also that is begotten of him.",
      "hindi": "जिसका यह विश्वास है कि यीशु ही मसीह है, वह परमेश्वर से उत्पन्न हुआ है और जो कोई उत्पन्न करने वाले से प्रेम रखता है, वह उस से भी प्रेम रखता है, जो उस से उत्पन्न हुआ है।"
    },
    "verse_number": 1
  },
  {
    "verse_count": "620502",
    "book_number": "62",
    "chapter_number": "5",
    "book_name": {
      "english": "1 JOHN",
      "hindi": "1 यूहन्ना"
    },
    "verse": {
      "english": "By this we know that we love the children of God, when we love God, and keep his commandments.",
      "hindi": "जब हम परमेश्वर से प्रेम रखते हैं, और उस की आज्ञाओं को मानते हैं, तो इसी से हम जानते हैं, कि परमेश्वर की सन्तानों से प्रेम रखते हैं।"
    },
    "verse_number": 2
  },
  {
    "verse_count": "620503",
    "book_number": "62",
    "chapter_number": "5",
    "book_name": {
      "english": "1 JOHN",
      "hindi": "1 यूहन्ना"
    },
    "verse": {
      "english": "For this is the love of God, that we keep his commandments: and his commandments are not grievous.",
      "hindi": "और परमेश्वर का प्रेम यह है, कि हम उस की आज्ञाओं को मानें; और उस की आज्ञाएं कठिन नहीं।"
    },
    "verse_number": 3
  },
  {
    "verse_count": "620504",
    "book_number": "62",
    "chapter_number": "5",
    "book_name": {
      "english": "1 JOHN",
      "hindi": "1 यूहन्ना"
    },
    "verse": {
      "english": "For whatsoever is born of God overcometh the world: and this is the victory that overcometh the world, even our faith.",
      "hindi": "क्योंकि जो कुछ परमेश्वर से उत्पन्न हुआ है, वह संसार पर जय प्राप्त करता है, और वह विजय जिस से संसार पर जय प्राप्त होती है हमारा विश्वास है।"
    },
    "verse_number": 4
  },
  {
    "verse_count": "620505",
    "book_number": "62",
    "chapter_number": "5",
    "book_name": {
      "english": "1 JOHN",
      "hindi": "1 यूहन्ना"
    },
    "verse": {
      "english": "Who is he that overcometh the world, but he that believeth that Jesus is the Son of God?",
      "hindi": "संसार पर जय पाने वाला कौन है केवल वह जिस का यह विश्वास है, कि यीशु, परमेश्वर का पुत्र है।"
    },
    "verse_number": 5
  },
  {
    "verse_count": "620506",
    "book_number": "62",
    "chapter_number": "5",
    "book_name": {
      "english": "1 JOHN",
      "hindi": "1 यूहन्ना"
    },
    "verse": {
      "english": "This is he that came by water and blood, even Jesus Christ; not by water only, but by water and blood. And it is the Spirit that beareth witness, because the Spirit is truth.",
      "hindi": "यही है वह, जो पानी और लोहू के द्वारा आया था; अर्थात यीशु मसीह: वह न केवल पानी के द्वारा, वरन पानी और लोहू दोनों के द्वारा आया था।"
    },
    "verse_number": 6
  },
  {
    "verse_count": "620507",
    "book_number": "62",
    "chapter_number": "5",
    "book_name": {
      "english": "1 JOHN",
      "hindi": "1 यूहन्ना"
    },
    "verse": {
      "english": "For there are three that bear record in heaven, the Father, the Word, and the Holy Ghost: and these three are one.",
      "hindi": "और जो गवाही देता है, वह आत्मा है; क्योंकि आत्मा सत्य है।"
    },
    "verse_number": 7
  },
  {
    "verse_count": "620508",
    "book_number": "62",
    "chapter_number": "5",
    "book_name": {
      "english": "1 JOHN",
      "hindi": "1 यूहन्ना"
    },
    "verse": {
      "english": "And there are three that bear witness in earth, the Spirit, and the water, and the blood: and these three agree in one.",
      "hindi": "और गवाही देने वाले तीन हैं; आत्मा, और पानी, और लोहू; और तीनों एक ही बात पर सहमत हैं।"
    },
    "verse_number": 8
  },
  {
    "verse_count": "620509",
    "book_number": "62",
    "chapter_number": "5",
    "book_name": {
      "english": "1 JOHN",
      "hindi": "1 यूहन्ना"
    },
    "verse": {
      "english": "If we receive the witness of men, the witness of God is greater: for this is the witness of God which he hath testified of his Son.",
      "hindi": "जब हम मनुष्यों की गवाही मान लेते हैं, तो परमेश्वर की गवाही तो उस से बढ़कर है; और परमेश्वर की गवाही यह है, कि उस ने अपने पुत्र के विषय में गवाही दी है।"
    },
    "verse_number": 9
  },
  {
    "verse_count": "6205010",
    "book_number": "62",
    "chapter_number": "5",
    "book_name": {
      "english": "1 JOHN",
      "hindi": "1 यूहन्ना"
    },
    "verse": {
      "english": "He that believeth on the Son of God hath the witness in himself: he that believeth not God hath made him a liar; because he believeth not the record that God gave of his Son.",
      "hindi": "जो परमेश्वर के पुत्र पर विश्वास करता है, वह अपने ही में गवाही रखता है; जिस ने परमेश्वर को प्रतीति नहीं की, उस ने उसे झूठा ठहराया; क्योंकि उस ने उस गवाही पर विश्वास नहीं किया, जो परमेश्वर ने अपने पुत्र के विषय में दी है।"
    },
    "verse_number": 10
  },
  {
    "verse_count": "6205011",
    "book_number": "62",
    "chapter_number": "5",
    "book_name": {
      "english": "1 JOHN",
      "hindi": "1 यूहन्ना"
    },
    "verse": {
      "english": "And this is the record, that God hath given to us eternal life, and this life is in his Son.",
      "hindi": "और वह गवाही यह है, कि परमेश्वर ने हमें अनन्त जीवन दिया है: और यह जीवन उसके पुत्र में है।"
    },
    "verse_number": 11
  },
  {
    "verse_count": "6205012",
    "book_number": "62",
    "chapter_number": "5",
    "book_name": {
      "english": "1 JOHN",
      "hindi": "1 यूहन्ना"
    },
    "verse": {
      "english": "He that hath the Son hath life; and he that hath not the Son of God hath not life.",
      "hindi": "जिस के पास पुत्र है, उसके पास जीवन है; और जिस के पास परमेश्वर का पुत्र नहीं, उसके पास जीवन भी नहीं है॥"
    },
    "verse_number": 12
  },
  {
    "verse_count": "6205013",
    "book_number": "62",
    "chapter_number": "5",
    "book_name": {
      "english": "1 JOHN",
      "hindi": "1 यूहन्ना"
    },
    "verse": {
      "english": "These things have I written unto you that believe on the name of the Son of God; that ye may know that ye have eternal life, and that ye may believe on the name of the Son of God.",
      "hindi": "मैं ने तुम्हें, जो परमेश्वर के पुत्र के नाम पर विश्वास करते हो, इसलिये लिखा है; कि तुम जानो, कि अनन्त जीवन तुम्हारा है।"
    },
    "verse_number": 13
  },
  {
    "verse_count": "6205014",
    "book_number": "62",
    "chapter_number": "5",
    "book_name": {
      "english": "1 JOHN",
      "hindi": "1 यूहन्ना"
    },
    "verse": {
      "english": "And this is the confidence that we have in him, that, if we ask any thing according to his will, he heareth us:",
      "hindi": "और हमें उसके साम्हने जो हियाव होता है, वह यह है; कि यदि हम उस की इच्छा के अनुसार कुछ मांगते हैं, तो हमारी सुनता है।"
    },
    "verse_number": 14
  },
  {
    "verse_count": "6205015",
    "book_number": "62",
    "chapter_number": "5",
    "book_name": {
      "english": "1 JOHN",
      "hindi": "1 यूहन्ना"
    },
    "verse": {
      "english": "And if we know that he hear us, whatsoever we ask, we know that we have the petitions that we desired of him.",
      "hindi": "और जब हम जानते हैं, कि जो कुछ हम मांगते हैं वह हमारी सुनता है, तो यह भी जानते हैं, कि जो कुछ हम ने उस से मांगा, वह पाया है।"
    },
    "verse_number": 15
  },
  {
    "verse_count": "6205016",
    "book_number": "62",
    "chapter_number": "5",
    "book_name": {
      "english": "1 JOHN",
      "hindi": "1 यूहन्ना"
    },
    "verse": {
      "english": "If any man see his brother sin a sin which is not unto death, he shall ask, and he shall give him life for them that sin not unto death. There is a sin unto death: I do not say that he shall pray for it.",
      "hindi": "यदि कोई अपने भाई को ऐसा पाप करते देखे, जिस का फल मृत्यु न हो, तो बिनती करे, और परमेश्वर, उसे, उन के लिये, जिन्हों ने ऐसा पाप किया है जिस का फल मृत्यु न हो, जीवन देगा। पाप ऐसा भी होता है जिसका फल मृत्यु है: इस के विषय में मैं बिनती करने के लिये नहीं कहता।"
    },
    "verse_number": 16
  },
  {
    "verse_count": "6205017",
    "book_number": "62",
    "chapter_number": "5",
    "book_name": {
      "english": "1 JOHN",
      "hindi": "1 यूहन्ना"
    },
    "verse": {
      "english": "All unrighteousness is sin: and there is a sin not unto death.",
      "hindi": "सब प्रकार का अधर्म तो पाप है, परन्तु ऐसा पाप भी है, जिस का फल मृत्यु नहीं॥"
    },
    "verse_number": 17
  },
  {
    "verse_count": "6205018",
    "book_number": "62",
    "chapter_number": "5",
    "book_name": {
      "english": "1 JOHN",
      "hindi": "1 यूहन्ना"
    },
    "verse": {
      "english": "We know that whosoever is born of God sinneth not; but he that is begotten of God keepeth himself, and that wicked one toucheth him not.",
      "hindi": "हम जानते हैं, कि जो कोई परमेश्वर से उत्पन्न हुआ है, वह पाप नहीं करता; पर जो परमेश्वर से उत्पन्न हुआ, उसे वह बचाए रखता है: और वह दुष्ट उसे छूने नहीं पाता।"
    },
    "verse_number": 18
  },
  {
    "verse_count": "6205019",
    "book_number": "62",
    "chapter_number": "5",
    "book_name": {
      "english": "1 JOHN",
      "hindi": "1 यूहन्ना"
    },
    "verse": {
      "english": "And we know that we are of God, and the whole world lieth in wickedness.",
      "hindi": "हम जानते हैं, कि हम परमेश्वर से हैं, और सारा संसार उस दुष्ट के वश में पड़ा है।"
    },
    "verse_number": 19
  },
  {
    "verse_count": "6205020",
    "book_number": "62",
    "chapter_number": "5",
    "book_name": {
      "english": "1 JOHN",
      "hindi": "1 यूहन्ना"
    },
    "verse": {
      "english": "And we know that the Son of God is come, and hath given us an understanding, that we may know him that is true, and we are in him that is true, even in his Son Jesus Christ. This is the true God, and eternal life.",
      "hindi": "और यह भी जानते हैं, कि परमेश्वर का पुत्र आ गया है और उस ने हमें समझ दी है, कि हम उस सच्चे को पहचानें, और हम उस में जो सत्य है, अर्थात उसके पुत्र यीशु मसीह में रहते हैं: सच्चा परमेश्वर और अनन्त जीवन यही है।"
    },
    "verse_number": 20
  },
  {
    "verse_count": "6205021",
    "book_number": "62",
    "chapter_number": "5",
    "book_name": {
      "english": "1 JOHN",
      "hindi": "1 यूहन्ना"
    },
    "verse": {
      "english": "Little children, keep yourselves from idols. Amen.",
      "hindi": "हे बालको, अपने आप को मुरतों से बचाए रखो॥"
    },
    "verse_number": 21
  }
]