[
  {
    "verse_count": "490101",
    "book_number": "49",
    "chapter_number": "1",
    "book_name": {
      "english": "EPHESIANS",
      "hindi": "इफिसियों"
    },
    "verse": {
      "english": "Paul, an apostle of Jesus Christ by the will of God, to the saints which are at Ephesus, and to the faithful in Christ Jesus:",
      "hindi": "पौलुस की ओर से जो परमेश्वर की इच्छा से यीशु मसीह का प्रेरित है, उन पवित्र और मसीह यीशु में विश्वासी लोगों के नाम जो इफिसुस में हैं॥"
    },
    "verse_number": 1
  },
  {
    "verse_count": "490102",
    "book_number": "49",
    "chapter_number": "1",
    "book_name": {
      "english": "EPHESIANS",
      "hindi": "इफिसियों"
    },
    "verse": {
      "english": "Grace be to you, and peace, from God our Father, and from the Lord Jesus Christ.",
      "hindi": "हमारे पिता परमेश्वर और प्रभु यीशु मसीह की ओर से तुम्हें अनुग्रह और शान्ति मिलती रहे॥"
    },
    "verse_number": 2
  },
  {
    "verse_count": "490103",
    "book_number": "49",
    "chapter_number": "1",
    "book_name": {
      "english": "EPHESIANS",
      "hindi": "इफिसियों"
    },
    "verse": {
      "english": "Blessed be the God and Father of our Lord Jesus Christ, who hath blessed us with all spiritual blessings in heavenly places in Christ:",
      "hindi": "हमारे प्रभु यीशु मसीह के परमेश्वर और पिता का धन्यवाद हो, कि उस ने हमें मसीह में स्वर्गीय स्थानों में सब प्रकार की आशीष दी है।"
    },
    "verse_number": 3
  },
  {
    "verse_count": "490104",
    "book_number": "49",
    "chapter_number": "1",
    "book_name": {
      "english": "EPHESIANS",
      "hindi": "इफिसियों"
    },
    "verse": {
      "english": "According as he hath chosen us in him before the foundation of the world, that we should be holy and without blame before him in love:",
      "hindi": "जैसा उस ने हमें जगत की उत्पति से पहिले उस में चुन लिया, कि हम उसके निकट प्रेम में पवित्र और निर्दोष हों।"
    },
    "verse_number": 4
  },
  {
    "verse_count": "490105",
    "book_number": "49",
    "chapter_number": "1",
    "book_name": {
      "english": "EPHESIANS",
      "hindi": "इफिसियों"
    },
    "verse": {
      "english": "Having predestinated us unto the adoption of children by Jesus Christ to himself, according to the good pleasure of his will,",
      "hindi": "और अपनी इच्छा की सुमति के अनुसार हमें अपने लिये पहिले से ठहराया, कि यीशु मसीह के द्वारा हम उसके लेपालक पुत्र हों,"
    },
    "verse_number": 5
  },
  {
    "verse_count": "490106",
    "book_number": "49",
    "chapter_number": "1",
    "book_name": {
      "english": "EPHESIANS",
      "hindi": "इफिसियों"
    },
    "verse": {
      "english": "To the praise of the glory of his grace, wherein he hath made us accepted in the beloved.",
      "hindi": "कि उसके उस अनुग्रह की महिमा की स्तुति हो, जिसे उस ने हमें उस प्यारे में सेंत मेंत दिया।"
    },
    "verse_number": 6
  },
  {
    "verse_count": "490107",
    "book_number": "49",
    "chapter_number": "1",
    "book_name": {
      "english": "EPHESIANS",
      "hindi": "इफिसियों"
    },
    "verse": {
      "english": "In whom we have redemption through his blood, the forgiveness of sins, according to the riches of his grace;",
      "hindi": "हम को उस में उसके लोहू के द्वारा छुटकारा, अर्थात अपराधों की क्षमा, उसके उस अनुग्रह के धन के अनुसार मिला है।"
    },
    "verse_number": 7
  },
  {
    "verse_count": "490108",
    "book_number": "49",
    "chapter_number": "1",
    "book_name": {
      "english": "EPHESIANS",
      "hindi": "इफिसियों"
    },
    "verse": {
      "english": "Wherein he hath abounded toward us in all wisdom and prudence;",
      "hindi": "जिसे उस ने सारे ज्ञान और समझ सहित हम पर बहुतायत से किया।"
    },
    "verse_number": 8
  },
  {
    "verse_count": "490109",
    "book_number": "49",
    "chapter_number": "1",
    "book_name": {
      "english": "EPHESIANS",
      "hindi": "इफिसियों"
    },
    "verse": {
      "english": "Having made known unto us the mystery of his will, according to his good pleasure which he hath purposed in himself:",
      "hindi": "कि उस ने अपनी इच्छा का भेद उस सुमति के अनुसार हमें बताया जिसे उस ने अपने आप में ठान लिया था।"
    },
    "verse_number": 9
  },
  {
    "verse_count": "4901010",
    "book_number": "49",
    "chapter_number": "1",
    "book_name": {
      "english": "EPHESIANS",
      "hindi": "इफिसियों"
    },
    "verse": {
      "english": "That in the dispensation of the fulness of times he might gather together in one all things in Christ, both which are in heaven, and which are on earth; even in him:",
      "hindi": "कि समयों के पूरे होने का ऐसा प्रबन्ध हो कि जो कुछ स्वर्ग में है, और जो कुछ पृथ्वी पर है, सब कुछ वह मसीह में एकत्र करे।"
    },
    "verse_number": 10
  },
  {
    "verse_count": "4901011",
    "book_number": "49",
    "chapter_number": "1",
    "book_name": {
      "english": "EPHESIANS",
      "hindi": "इफिसियों"
    },
    "verse": {
      "english": "In whom also we have obtained an inheritance, being predestinated according to the purpose of him who worketh all things after the counsel of his own will:",
      "hindi": "उसी में जिस में हम भी उसी की मनसा से जो अपनी इच्छा के मत के अनुसार सब कुछ करता है, पहिले से ठहराए जाकर मीरास बने।"
    },
    "verse_number": 11
  },
  {
    "verse_count": "4901012",
    "book_number": "49",
    "chapter_number": "1",
    "book_name": {
      "english": "EPHESIANS",
      "hindi": "इफिसियों"
    },
    "verse": {
      "english": "That we should be to the praise of his glory, who first trusted in Christ.",
      "hindi": "कि हम जिन्हों ने पहिले से मसीह पर आशा रखी थी, उस की महिमा की स्तुति के कारण हों।"
    },
    "verse_number": 12
  },
  {
    "verse_count": "4901013",
    "book_number": "49",
    "chapter_number": "1",
    "book_name": {
      "english": "EPHESIANS",
      "hindi": "इफिसियों"
    },
    "verse": {
      "english": "In whom ye also trusted, after that ye heard the word of truth, the gospel of your salvation: in whom also after that ye believed, ye were sealed with that holy Spirit of promise,",
      "hindi": "और उसी में तुम पर भी जब तुम ने सत्य का वचन सुना, जो तुम्हारे उद्धार का सुसमाचार है, और जिस पर तुम ने विश्वास किया, प्रतिज्ञा किए हुए पवित्र आत्मा की छाप लगी।"
    },
    "verse_number": 13
  },
  {
    "verse_count": "4901014",
    "book_number": "49",
    "chapter_number": "1",
    "book_name": {
      "english": "EPHESIANS",
      "hindi": "इफिसियों"
    },
    "verse": {
      "english": "Which is the earnest of our inheritance until the redemption of the purchased possession, unto the praise of his glory.",
      "hindi": "वह उसके मोल लिए हुओं के छुटकारे के लिये हमारी मीरास का बयाना है, कि उस की महिमा की स्तुति हो॥"
    },
    "verse_number": 14
  },
  {
    "verse_count": "4901015",
    "book_number": "49",
    "chapter_number": "1",
    "book_name": {
      "english": "EPHESIANS",
      "hindi": "इफिसियों"
    },
    "verse": {
      "english": "Wherefore I also, after I heard of your faith in the Lord Jesus, and love unto all the saints,",
      "hindi": "इस कारण, मैं भी उस विश्वास का समाचार सुनकर जो तुम लोगों में प्रभु यीशु पर है और सब पवित्र लोगों पर प्रगट है।"
    },
    "verse_number": 15
  },
  {
    "verse_count": "4901016",
    "book_number": "49",
    "chapter_number": "1",
    "book_name": {
      "english": "EPHESIANS",
      "hindi": "इफिसियों"
    },
    "verse": {
      "english": "Cease not to give thanks for you, making mention of you in my prayers;",
      "hindi": "तुम्हारे लिये धन्यवाद करना नहीं छोड़ता, और अपनी प्रार्थनाओं में तुम्हें स्मरण किया करता हूं।"
    },
    "verse_number": 16
  },
  {
    "verse_count": "4901017",
    "book_number": "49",
    "chapter_number": "1",
    "book_name": {
      "english": "EPHESIANS",
      "hindi": "इफिसियों"
    },
    "verse": {
      "english": "That the God of our Lord Jesus Christ, the Father of glory, may give unto you the spirit of wisdom and revelation in the knowledge of him:",
      "hindi": "कि हमारे प्रभु यीशु मसीह का परमेश्वर जो महिमा का पिता है, तुम्हें अपनी पहचान में, ज्ञान और प्रकाश का आत्मा दे।"
    },
    "verse_number": 17
  },
  {
    "verse_count": "4901018",
    "book_number": "49",
    "chapter_number": "1",
    "book_name": {
      "english": "EPHESIANS",
      "hindi": "इफिसियों"
    },
    "verse": {
      "english": "The eyes of your understanding being enlightened; that ye may know what is the hope of his calling, and what the riches of the glory of his inheritance in the saints,",
      "hindi": "और तुम्हारे मन की आंखें ज्योतिर्मय हों कि तुम जान लो कि उसके बुलाने से कैसी आशा होती है, और पवित्र लोगों में उस की मीरास की महिमा का धन कैसा है।"
    },
    "verse_number": 18
  },
  {
    "verse_count": "4901019",
    "book_number": "49",
    "chapter_number": "1",
    "book_name": {
      "english": "EPHESIANS",
      "hindi": "इफिसियों"
    },
    "verse": {
      "english": "And what is the exceeding greatness of his power to us-ward who believe, according to the working of his mighty power,",
      "hindi": "और उस की सामर्थ हमारी ओर जो विश्वास करते हैं, कितनी महान है, उस की शक्ति के प्रभाव के उस कार्य के अनुसार।"
    },
    "verse_number": 19
  },
  {
    "verse_count": "4901020",
    "book_number": "49",
    "chapter_number": "1",
    "book_name": {
      "english": "EPHESIANS",
      "hindi": "इफिसियों"
    },
    "verse": {
      "english": "Which he wrought in Christ, when he raised him from the dead, and set him at his own right hand in the heavenly places,",
      "hindi": "जो उस ने मसीह के विषय में किया, कि उस को मरे हुओं में से जिलाकर स्वर्गीय स्यानोंमें अपनी दाहिनी ओर।"
    },
    "verse_number": 20
  },
  {
    "verse_count": "4901021",
    "book_number": "49",
    "chapter_number": "1",
    "book_name": {
      "english": "EPHESIANS",
      "hindi": "इफिसियों"
    },
    "verse": {
      "english": "Far above all principality, and power, and might, and dominion, and every name that is named, not only in this world, but also in that which is to come:",
      "hindi": "सब प्रकार की प्रधानता, और अधिकार, और सामर्थ, और प्रभुता के, और हर एक नाम के ऊपर, जो न केवल इस लोक में, पर आने वाले लोक में भी लिया जाएगा, बैठाया।"
    },
    "verse_number": 21
  },
  {
    "verse_count": "4901022",
    "book_number": "49",
    "chapter_number": "1",
    "book_name": {
      "english": "EPHESIANS",
      "hindi": "इफिसियों"
    },
    "verse": {
      "english": "And hath put all things under his feet, and gave him to be the head over all things to the church,",
      "hindi": "और सब कुछ उसके पांवों तले कर दिया: और उसे सब वस्तुओं पर शिरोमणि ठहराकर कलीसिया को दे दिया।"
    },
    "verse_number": 22
  },
  {
    "verse_count": "4901023",
    "book_number": "49",
    "chapter_number": "1",
    "book_name": {
      "english": "EPHESIANS",
      "hindi": "इफिसियों"
    },
    "verse": {
      "english": "Which is his body, the fulness of him that filleth all in all.",
      "hindi": "यह उसकी देह है, और उसी की परिपूर्णता है, जो सब में सब कुछ पूर्ण करता है॥"
    },
    "verse_number": 23
  },
  {
    "verse_count": "490201",
    "book_number": "49",
    "chapter_number": "2",
    "book_name": {
      "english": "EPHESIANS",
      "hindi": "इफिसियों"
    },
    "verse": {
      "english": "And you hath he quickened, who were dead in trespasses and sins;",
      "hindi": "और उस ने तुम्हें भी जिलाया, जो अपने अपराधों और पापों के कारण मरे हुए थे।"
    },
    "verse_number": 1
  },
  {
    "verse_count": "490202",
    "book_number": "49",
    "chapter_number": "2",
    "book_name": {
      "english": "EPHESIANS",
      "hindi": "इफिसियों"
    },
    "verse": {
      "english": "Wherein in time past ye walked according to the course of this world, according to the prince of the power of the air, the spirit that now worketh in the children of disobedience:",
      "hindi": "जिन में तुम पहिले इस संसार की रीति पर, और आकाश के अधिकार के हाकिम अर्थात उस आत्मा के अनुसार चलते थे, जो अब भी आज्ञा न मानने वालों में कार्य करता है।"
    },
    "verse_number": 2
  },
  {
    "verse_count": "490203",
    "book_number": "49",
    "chapter_number": "2",
    "book_name": {
      "english": "EPHESIANS",
      "hindi": "इफिसियों"
    },
    "verse": {
      "english": "Among whom also we all had our conversation in times past in the lusts of our flesh, fulfilling the desires of the flesh and of the mind; and were by nature the children of wrath, even as others.",
      "hindi": "इन में हम भी सब के सब पहिले अपने शरीर की लालसाओं में दिन बिताते थे, और शरीर, और मन की मनसाएं पूरी करते थे, और और लोगों के समान स्वभाव ही से क्रोध की सन्तान थे।"
    },
    "verse_number": 3
  },
  {
    "verse_count": "490204",
    "book_number": "49",
    "chapter_number": "2",
    "book_name": {
      "english": "EPHESIANS",
      "hindi": "इफिसियों"
    },
    "verse": {
      "english": "But God, who is rich in mercy, for his great love wherewith he loved us,",
      "hindi": "परन्तु परमेश्वर ने जो दया का धनी है; अपने उस बड़े प्रेम के कारण, जिस से उस ने हम से प्रेम किया।"
    },
    "verse_number": 4
  },
  {
    "verse_count": "490205",
    "book_number": "49",
    "chapter_number": "2",
    "book_name": {
      "english": "EPHESIANS",
      "hindi": "इफिसियों"
    },
    "verse": {
      "english": "Even when we were dead in sins, hath quickened us together with Christ, (by grace ye are saved;)",
      "hindi": "जब हम अपराधों के कारण मरे हुए थे, तो हमें मसीह के साथ जिलाया; (अनुग्रह ही से तुम्हारा उद्धार हुआ है।)"
    },
    "verse_number": 5
  },
  {
    "verse_count": "490206",
    "book_number": "49",
    "chapter_number": "2",
    "book_name": {
      "english": "EPHESIANS",
      "hindi": "इफिसियों"
    },
    "verse": {
      "english": "And hath raised us up together, and made us sit together in heavenly places in Christ Jesus:",
      "hindi": "और मसीह यीशु में उसके साथ उठाया, और स्वर्गीय स्थानों में उसके साथ बैठाया।"
    },
    "verse_number": 6
  },
  {
    "verse_count": "490207",
    "book_number": "49",
    "chapter_number": "2",
    "book_name": {
      "english": "EPHESIANS",
      "hindi": "इफिसियों"
    },
    "verse": {
      "english": "That in the ages to come he might shew the exceeding riches of his grace in his kindness toward us through Christ Jesus.",
      "hindi": "कि वह अपनी उस कृपा से जो मसीह यीशु में हम पर है, आने वाले समयों में अपने अनुग्रह का असीम धन दिखाए।"
    },
    "verse_number": 7
  },
  {
    "verse_count": "490208",
    "book_number": "49",
    "chapter_number": "2",
    "book_name": {
      "english": "EPHESIANS",
      "hindi": "इफिसियों"
    },
    "verse": {
      "english": "For by grace are ye saved through faith; and that not of yourselves: it is the gift of God:",
      "hindi": "क्योंकि विश्वास के द्वारा अनुग्रह ही से तुम्हारा उद्धार हुआ है, और यह तुम्हारी ओर से नहीं, वरन परमेश्वर का दान है।"
    },
    "verse_number": 8
  },
  {
    "verse_count": "490209",
    "book_number": "49",
    "chapter_number": "2",
    "book_name": {
      "english": "EPHESIANS",
      "hindi": "इफिसियों"
    },
    "verse": {
      "english": "Not of works, lest any man should boast.",
      "hindi": "और न कर्मों के कारण, ऐसा न हो कि कोई घमण्ड करे।"
    },
    "verse_number": 9
  },
  {
    "verse_count": "4902010",
    "book_number": "49",
    "chapter_number": "2",
    "book_name": {
      "english": "EPHESIANS",
      "hindi": "इफिसियों"
    },
    "verse": {
      "english": "For we are his workmanship, created in Christ Jesus unto good works, which God hath before ordained that we should walk in them.",
      "hindi": "क्योंकि हम उसके बनाए हुए हैं; और मसीह यीशु में उन भले कामों के लिये सृजे गए जिन्हें परमेश्वर ने पहिले से हमारे करने के लिये तैयार किया॥"
    },
    "verse_number": 10
  },
  {
    "verse_count": "4902011",
    "book_number": "49",
    "chapter_number": "2",
    "book_name": {
      "english": "EPHESIANS",
      "hindi": "इफिसियों"
    },
    "verse": {
      "english": "Wherefore remember, that ye being in time past Gentiles in the flesh, who are called Uncircumcision by that which is called the Circumcision in the flesh made by hands;",
      "hindi": "इस कारण स्मरण करो, कि तुम जो शारीरिक रीति से अन्यजाति हो, (और जो लोग शरीर में हाथ के किए हुए खतने से खतना वाले कहलाते हैं, वे तुम को खतना रहित कहते हैं)।"
    },
    "verse_number": 11
  },
  {
    "verse_count": "4902012",
    "book_number": "49",
    "chapter_number": "2",
    "book_name": {
      "english": "EPHESIANS",
      "hindi": "इफिसियों"
    },
    "verse": {
      "english": "That at that time ye were without Christ, being aliens from the commonwealth of Israel, and strangers from the covenants of promise, having no hope, and without God in the world:",
      "hindi": "तुम लोग उस समय मसीह से अलग और इस्त्राएल की प्रजा के पद से अलग किए हुए, और प्रतिज्ञा की वाचाओं के भागी न थे, और आशाहीन और जगत में ईश्वर रहित थे।"
    },
    "verse_number": 12
  },
  {
    "verse_count": "4902013",
    "book_number": "49",
    "chapter_number": "2",
    "book_name": {
      "english": "EPHESIANS",
      "hindi": "इफिसियों"
    },
    "verse": {
      "english": "But now in Christ Jesus ye who sometimes were far off are made nigh by the blood of Christ.",
      "hindi": "पर अब तो मसीह यीशु में तुम जो पहिले दूर थे, मसीह के लोहू के द्वारा निकट हो गए हो।"
    },
    "verse_number": 13
  },
  {
    "verse_count": "4902014",
    "book_number": "49",
    "chapter_number": "2",
    "book_name": {
      "english": "EPHESIANS",
      "hindi": "इफिसियों"
    },
    "verse": {
      "english": "For he is our peace, who hath made both one, and hath broken down the middle wall of partition between us;",
      "hindi": "क्योंकि वही हमारा मेल है, जिस ने दोनों को एक कर लिया: और अलग करने वाली दीवार को जो बीच में थी, ढा दिया।"
    },
    "verse_number": 14
  },
  {
    "verse_count": "4902015",
    "book_number": "49",
    "chapter_number": "2",
    "book_name": {
      "english": "EPHESIANS",
      "hindi": "इफिसियों"
    },
    "verse": {
      "english": "Having abolished in his flesh the enmity, even the law of commandments contained in ordinances; for to make in himself of twain one new man, so making peace;",
      "hindi": "और अपने शरीर में बैर अर्थात वह व्यवस्था जिस की आज्ञाएं विधियों की रीति पर थीं, मिटा दिया, कि दोनों से अपने में एक नया मनुष्य उत्पन्न करके मेल करा दे।"
    },
    "verse_number": 15
  },
  {
    "verse_count": "4902016",
    "book_number": "49",
    "chapter_number": "2",
    "book_name": {
      "english": "EPHESIANS",
      "hindi": "इफिसियों"
    },
    "verse": {
      "english": "And that he might reconcile both unto God in one body by the cross, having slain the enmity thereby:",
      "hindi": "और क्रूस पर बैर को नाश करके इस के द्वारा दानों को एक देह बनाकर परमेश्वर से मिलाए।"
    },
    "verse_number": 16
  },
  {
    "verse_count": "4902017",
    "book_number": "49",
    "chapter_number": "2",
    "book_name": {
      "english": "EPHESIANS",
      "hindi": "इफिसियों"
    },
    "verse": {
      "english": "And came and preached peace to you which were afar off, and to them that were nigh.",
      "hindi": "और उस ने आकर तुम्हें जो दूर थे, और उन्हें जो निकट थे, दानों को मेल-मिलाप का सुसमाचार सुनाया।"
    },
    "verse_number": 17
  },
  {
    "verse_count": "4902018",
    "book_number": "49",
    "chapter_number": "2",
    "book_name": {
      "english": "EPHESIANS",
      "hindi": "इफिसियों"
    },
    "verse": {
      "english": "For through him we both have access by one Spirit unto the Father.",
      "hindi": "क्योंकि उस ही के द्वारा हम दोनों की एक आत्मा में पिता के पास पंहुच होती है।"
    },
    "verse_number": 18
  },
  {
    "verse_count": "4902019",
    "book_number": "49",
    "chapter_number": "2",
    "book_name": {
      "english": "EPHESIANS",
      "hindi": "इफिसियों"
    },
    "verse": {
      "english": "Now therefore ye are no more strangers and foreigners, but fellowcitizens with the saints, and of the household of God;",
      "hindi": "इसलिये तुम अब विदेशी और मुसाफिर नहीं रहे, परन्तु पवित्र लोगों के संगी स्वदेशी और परमेश्वर के घराने के हो गए।"
    },
    "verse_number": 19
  },
  {
    "verse_count": "4902020",
    "book_number": "49",
    "chapter_number": "2",
    "book_name": {
      "english": "EPHESIANS",
      "hindi": "इफिसियों"
    },
    "verse": {
      "english": "And are built upon the foundation of the apostles and prophets, Jesus Christ himself being the chief corner stone;",
      "hindi": "और प्रेरितों और भविष्यद्वक्ताओं की नेव पर जिसके कोने का पत्थर मसीह यीशु आप ही है, बनाए गए हो।"
    },
    "verse_number": 20
  },
  {
    "verse_count": "4902021",
    "book_number": "49",
    "chapter_number": "2",
    "book_name": {
      "english": "EPHESIANS",
      "hindi": "इफिसियों"
    },
    "verse": {
      "english": "In whom all the building fitly framed together groweth unto an holy temple in the Lord:",
      "hindi": "जिस में सारी रचना एक साथ मिलकर प्रभु में एक पवित्र मन्दिर बनती जाती है।"
    },
    "verse_number": 21
  },
  {
    "verse_count": "4902022",
    "book_number": "49",
    "chapter_number": "2",
    "book_name": {
      "english": "EPHESIANS",
      "hindi": "इफिसियों"
    },
    "verse": {
      "english": "In whom ye also are builded together for an habitation of God through the Spirit.",
      "hindi": "जिस में तुम भी आत्मा के द्वारा परमेश्वर का निवास स्थान होने के लिये एक साथ बनाए जाते हो॥"
    },
    "verse_number": 22
  },
  {
    "verse_count": "490301",
    "book_number": "49",
    "chapter_number": "3",
    "book_name": {
      "english": "EPHESIANS",
      "hindi": "इफिसियों"
    },
    "verse": {
      "english": "For this cause I Paul, the prisoner of Jesus Christ for you Gentiles,",
      "hindi": "इसी कारण मैं पौलुस जो तुम अन्यजातियों के लिये मसीह यीशु का बन्धुआ हूं"
    },
    "verse_number": 1
  },
  {
    "verse_count": "490302",
    "book_number": "49",
    "chapter_number": "3",
    "book_name": {
      "english": "EPHESIANS",
      "hindi": "इफिसियों"
    },
    "verse": {
      "english": "If ye have heard of the dispensation of the grace of God which is given me to you-ward:",
      "hindi": "यदि तुम ने परमेश्वर के उस अनुग्रह के प्रबन्ध का समाचार सुना हो, जो तुम्हारे लिये मुझे दिया गया।"
    },
    "verse_number": 2
  },
  {
    "verse_count": "490303",
    "book_number": "49",
    "chapter_number": "3",
    "book_name": {
      "english": "EPHESIANS",
      "hindi": "इफिसियों"
    },
    "verse": {
      "english": "How that by revelation he made known unto me the mystery; (as I wrote afore in few words,",
      "hindi": "अर्थात यह, कि वह भेद मुझ पर प्रकाश के द्वारा प्रगट हुआ, जैसा मैं पहिले संक्षेप में लिख चुका हूं।"
    },
    "verse_number": 3
  },
  {
    "verse_count": "490304",
    "book_number": "49",
    "chapter_number": "3",
    "book_name": {
      "english": "EPHESIANS",
      "hindi": "इफिसियों"
    },
    "verse": {
      "english": "Whereby, when ye read, ye may understand my knowledge in the mystery of Christ)",
      "hindi": "जिस से तुम पढ़ कर जान सकते हो, कि मैं मसीह का वह भेद कहां तक समझता हूं।"
    },
    "verse_number": 4
  },
  {
    "verse_count": "490305",
    "book_number": "49",
    "chapter_number": "3",
    "book_name": {
      "english": "EPHESIANS",
      "hindi": "इफिसियों"
    },
    "verse": {
      "english": "Which in other ages was not made known unto the sons of men, as it is now revealed unto his holy apostles and prophets by the Spirit;",
      "hindi": "जो और और समयों में मनुष्यों की सन्तानों को ऐसा नहीं बताया गया था, जैसा कि आत्मा के द्वारा अब उसके पवित्र प्रेरितों और भविष्यद्वक्ताओं पर प्रगट किया गया है।"
    },
    "verse_number": 5
  },
  {
    "verse_count": "490306",
    "book_number": "49",
    "chapter_number": "3",
    "book_name": {
      "english": "EPHESIANS",
      "hindi": "इफिसियों"
    },
    "verse": {
      "english": "That the Gentiles should be fellowheirs, and of the same body, and partakers of his promise in Christ by the gospel:",
      "hindi": "अर्थात यह, कि मसीह यीशु में सुसमाचार के द्वारा अन्यजातीय लाग मीरास में साझी, और एक ही देह के और प्रतिज्ञा के भागी हैं।"
    },
    "verse_number": 6
  },
  {
    "verse_count": "490307",
    "book_number": "49",
    "chapter_number": "3",
    "book_name": {
      "english": "EPHESIANS",
      "hindi": "इफिसियों"
    },
    "verse": {
      "english": "Whereof I was made a minister, according to the gift of the grace of God given unto me by the effectual working of his power.",
      "hindi": "और मैं परमेश्वर के अनुग्रह के उस दान के अनुसार, जो उसकी सामर्थ के प्रभाव के अनुसार मुझे दिया गया, उस सुसमाचार का सेवक बना।"
    },
    "verse_number": 7
  },
  {
    "verse_count": "490308",
    "book_number": "49",
    "chapter_number": "3",
    "book_name": {
      "english": "EPHESIANS",
      "hindi": "इफिसियों"
    },
    "verse": {
      "english": "Unto me, who am less than the least of all saints, is this grace given, that I should preach among the Gentiles the unsearchable riches of Christ;",
      "hindi": "मुझ पर जो सब पवित्र लोगों में से छोटे से भी छोटा हूं, यह अनुग्रह हुआ, कि मैं अन्यजातियों को मसीह के अगम्य धन का सुसमाचार सुनाऊं।"
    },
    "verse_number": 8
  },
  {
    "verse_count": "490309",
    "book_number": "49",
    "chapter_number": "3",
    "book_name": {
      "english": "EPHESIANS",
      "hindi": "इफिसियों"
    },
    "verse": {
      "english": "And to make all men see what is the fellowship of the mystery, which from the beginning of the world hath been hid in God, who created all things by Jesus Christ:",
      "hindi": "और सब पर यह बात प्रकाशित करूं, कि उस भेद का प्रबन्ध क्या है, जो सब के सृजनहार परमेश्वर में आदि से गुप्त था।"
    },
    "verse_number": 9
  },
  {
    "verse_count": "4903010",
    "book_number": "49",
    "chapter_number": "3",
    "book_name": {
      "english": "EPHESIANS",
      "hindi": "इफिसियों"
    },
    "verse": {
      "english": "To the intent that now unto the principalities and powers in heavenly places might be known by the church the manifold wisdom of God,",
      "hindi": "ताकि अब कलीसिया के द्वारा, परमेश्वर का नाना प्रकार का ज्ञान, उन प्रधानों और अधिकारियों पर, जो स्वर्गीय स्थानों में हैं प्रगट किया जाए।"
    },
    "verse_number": 10
  },
  {
    "verse_count": "4903011",
    "book_number": "49",
    "chapter_number": "3",
    "book_name": {
      "english": "EPHESIANS",
      "hindi": "इफिसियों"
    },
    "verse": {
      "english": "According to the eternal purpose which he purposed in Christ Jesus our Lord:",
      "hindi": "उस सनातन मनसा के अनुसार, जो उस ने हमारे प्रभु मसीह यीशु में की थी।"
    },
    "verse_number": 11
  },
  {
    "verse_count": "4903012",
    "book_number": "49",
    "chapter_number": "3",
    "book_name": {
      "english": "EPHESIANS",
      "hindi": "इफिसियों"
    },
    "verse": {
      "english": "In whom we have boldness and access with confidence by the faith of him.",
      "hindi": "जिस में हम को उस पर विश्वास रखने से हियाव और भरोसे से निकट आने का अधिकार है।"
    },
    "verse_number": 12
  },
  {
    "verse_count": "4903013",
    "book_number": "49",
    "chapter_number": "3",
    "book_name": {
      "english": "EPHESIANS",
      "hindi": "इफिसियों"
    },
    "verse": {
      "english": "Wherefore I desire that ye faint not at my tribulations for you, which is your glory.",
      "hindi": "इसलिये मैं बिनती करता हूं कि जो क्लेश तुम्हारे लिये मुझे हो रहे हैं, उनके कारण हियाव न छोड़ो, क्योंकि उन में तुम्हारी महिमा है॥"
    },
    "verse_number": 13
  },
  {
    "verse_count": "4903014",
    "book_number": "49",
    "chapter_number": "3",
    "book_name": {
      "english": "EPHESIANS",
      "hindi": "इफिसियों"
    },
    "verse": {
      "english": "For this cause I bow my knees unto the Father of our Lord Jesus Christ,",
      "hindi": "मैं इसी कारण उस पिता के साम्हने घुटने टेकता हूं,"
    },
    "verse_number": 14
  },
  {
    "verse_count": "4903015",
    "book_number": "49",
    "chapter_number": "3",
    "book_name": {
      "english": "EPHESIANS",
      "hindi": "इफिसियों"
    },
    "verse": {
      "english": "Of whom the whole family in heaven and earth is named,",
      "hindi": "जिस से स्वर्ग और पृथ्वी पर, हर एक घराने का नाम रखा जाता है।"
    },
    "verse_number": 15
  },
  {
    "verse_count": "4903016",
    "book_number": "49",
    "chapter_number": "3",
    "book_name": {
      "english": "EPHESIANS",
      "hindi": "इफिसियों"
    },
    "verse": {
      "english": "That he would grant you, according to the riches of his glory, to be strengthened with might by his Spirit in the inner man;",
      "hindi": "कि वह अपनी महिमा के धन के अनुसार तुम्हें यह दान दे, कि तुम उसके आत्मा से अपने भीतरी मनुष्यत्व में सामर्थ पाकर बलवन्त होते जाओ।"
    },
    "verse_number": 16
  },
  {
    "verse_count": "4903017",
    "book_number": "49",
    "chapter_number": "3",
    "book_name": {
      "english": "EPHESIANS",
      "hindi": "इफिसियों"
    },
    "verse": {
      "english": "That Christ may dwell in your hearts by faith; that ye, being rooted and grounded in love,",
      "hindi": "और विश्वास के द्वारा मसीह तुम्हारे हृदय में बसे कि तुम प्रेम में जड़ पकड़ कर और नेव डाल कर।"
    },
    "verse_number": 17
  },
  {
    "verse_count": "4903018",
    "book_number": "49",
    "chapter_number": "3",
    "book_name": {
      "english": "EPHESIANS",
      "hindi": "इफिसियों"
    },
    "verse": {
      "english": "May be able to comprehend with all saints what is the breadth, and length, and depth, and height;",
      "hindi": "सब पवित्र लोगों के साथ भली भांति समझने की शक्ति पाओ; कि उसकी चौड़ाई, और लम्बाई, और ऊंचाई, और गहराई कितनी है।"
    },
    "verse_number": 18
  },
  {
    "verse_count": "4903019",
    "book_number": "49",
    "chapter_number": "3",
    "book_name": {
      "english": "EPHESIANS",
      "hindi": "इफिसियों"
    },
    "verse": {
      "english": "And to know the love of Christ, which passeth knowledge, that ye might be filled with all the fulness of God.",
      "hindi": "और मसीह के उस प्रेम को जान सको जो ज्ञान से परे है, कि तुम परमेश्वर की सारी भरपूरी तक परिपूर्ण हो जाओ॥"
    },
    "verse_number": 19
  },
  {
    "verse_count": "4903020",
    "book_number": "49",
    "chapter_number": "3",
    "book_name": {
      "english": "EPHESIANS",
      "hindi": "इफिसियों"
    },
    "verse": {
      "english": "Now unto him that is able to do exceeding abundantly above all that we ask or think, according to the power that worketh in us,",
      "hindi": "अब जो ऐसा सामर्थी है, कि हमारी बिनती और समझ से कहीं अधिक काम कर सकता है, उस सामर्थ के अनुसार जो हम में कार्य करता है,"
    },
    "verse_number": 20
  },
  {
    "verse_count": "4903021",
    "book_number": "49",
    "chapter_number": "3",
    "book_name": {
      "english": "EPHESIANS",
      "hindi": "इफिसियों"
    },
    "verse": {
      "english": "Unto him be glory in the church by Christ Jesus throughout all ages, world without end. Amen.",
      "hindi": "कलीसिया में, और मसीह यीशु में, उस की महिमा पीढ़ी से पीढ़ी तक युगानुयुग होती रहे। आमीन॥"
    },
    "verse_number": 21
  },
  {
    "verse_count": "490401",
    "book_number": "49",
    "chapter_number": "4",
    "book_name": {
      "english": "EPHESIANS",
      "hindi": "इफिसियों"
    },
    "verse": {
      "english": "Itherefore, the prisoner of the Lord, beseech you that ye walk worthy of the vocation wherewith ye are called,",
      "hindi": "सोमैं जो प्रभु में बन्धुआ हूं तुम से बिनती करता हूं, कि जिस बुलाहट से तुम बुलाए गए थे, उसके योग्य चाल चलो।"
    },
    "verse_number": 1
  },
  {
    "verse_count": "490402",
    "book_number": "49",
    "chapter_number": "4",
    "book_name": {
      "english": "EPHESIANS",
      "hindi": "इफिसियों"
    },
    "verse": {
      "english": "With all lowliness and meekness, with longsuffering, forbearing one another in love;",
      "hindi": "अर्थात सारी दीनता और नम्रता सहित, और धीरज धरकर प्रेम से एक दूसरे की सह लो।"
    },
    "verse_number": 2
  },
  {
    "verse_count": "490403",
    "book_number": "49",
    "chapter_number": "4",
    "book_name": {
      "english": "EPHESIANS",
      "hindi": "इफिसियों"
    },
    "verse": {
      "english": "Endeavouring to keep the unity of the Spirit in the bond of peace.",
      "hindi": "और मेल के बन्ध में आत्मा की एकता रखने का यत्न करो।"
    },
    "verse_number": 3
  },
  {
    "verse_count": "490404",
    "book_number": "49",
    "chapter_number": "4",
    "book_name": {
      "english": "EPHESIANS",
      "hindi": "इफिसियों"
    },
    "verse": {
      "english": "There is one body, and one Spirit, even as ye are called in one hope of your calling;",
      "hindi": "एक ही देह है, और एक ही आत्मा; जैसे तुम्हें जो बुलाए गए थे अपने बुलाए जाने से एक ही आशा है।"
    },
    "verse_number": 4
  },
  {
    "verse_count": "490405",
    "book_number": "49",
    "chapter_number": "4",
    "book_name": {
      "english": "EPHESIANS",
      "hindi": "इफिसियों"
    },
    "verse": {
      "english": "One Lord, one faith, one baptism,",
      "hindi": "एक ही प्रभु है, एक ही विश्वास, एक ही बपतिस्मा।"
    },
    "verse_number": 5
  },
  {
    "verse_count": "490406",
    "book_number": "49",
    "chapter_number": "4",
    "book_name": {
      "english": "EPHESIANS",
      "hindi": "इफिसियों"
    },
    "verse": {
      "english": "One God and Father of all, who is above all, and through all, and in you all.",
      "hindi": "और सब का एक ही परमेश्वर और पिता है, जो सब के ऊपरऔर सब के मध्य में, और सब में है।"
    },
    "verse_number": 6
  },
  {
    "verse_count": "490407",
    "book_number": "49",
    "chapter_number": "4",
    "book_name": {
      "english": "EPHESIANS",
      "hindi": "इफिसियों"
    },
    "verse": {
      "english": "But unto every one of us is given grace according to the measure of the gift of Christ.",
      "hindi": "पर हम में से हर एक को मसीह के दान के परिमाण से अनुग्रह मिला है।"
    },
    "verse_number": 7
  },
  {
    "verse_count": "490408",
    "book_number": "49",
    "chapter_number": "4",
    "book_name": {
      "english": "EPHESIANS",
      "hindi": "इफिसियों"
    },
    "verse": {
      "english": "Wherefore he saith, When he ascended up on high, he led captivity captive, and gave gifts unto men.",
      "hindi": "इसलिये वह कहता है, कि वह ऊंचे पर चढ़ा, और बन्धुवाई को बान्ध ले गया, और मनुष्यों को दान दिए।"
    },
    "verse_number": 8
  },
  {
    "verse_count": "490409",
    "book_number": "49",
    "chapter_number": "4",
    "book_name": {
      "english": "EPHESIANS",
      "hindi": "इफिसियों"
    },
    "verse": {
      "english": "(Now that he ascended, what is it but that he also descended first into the lower parts of the earth?",
      "hindi": "(उसके चढ़ने से, और क्या पाया जाता है केवल यह, कि वह पृथ्वी की निचली जगहों में उतरा भी था।"
    },
    "verse_number": 9
  },
  {
    "verse_count": "4904010",
    "book_number": "49",
    "chapter_number": "4",
    "book_name": {
      "english": "EPHESIANS",
      "hindi": "इफिसियों"
    },
    "verse": {
      "english": "He that descended is the same also that ascended up far above all heavens, that he might fill all things.)",
      "hindi": "और जो उतर गया यह वही है जो सारे आकाश से ऊपर चढ़ भी गया, कि सब कुछ परिपूर्ण करे)।"
    },
    "verse_number": 10
  },
  {
    "verse_count": "4904011",
    "book_number": "49",
    "chapter_number": "4",
    "book_name": {
      "english": "EPHESIANS",
      "hindi": "इफिसियों"
    },
    "verse": {
      "english": "And he gave some, apostles; and some, prophets; and some, evangelists; and some, pastors and teachers;",
      "hindi": "उसने कुछ को प्रेरित नियुक्‍त करके, और कुछ को भविष्यद्वक्‍ता नियुक्‍त करके, और कुछ को सुसमाचार सुनानेवाले नियुक्‍त करके, और कुछ को रखवाले और उपदेशक नियुक्‍त करके दे दिया,"
    },
    "verse_number": 11
  },
  {
    "verse_count": "4904012",
    "book_number": "49",
    "chapter_number": "4",
    "book_name": {
      "english": "EPHESIANS",
      "hindi": "इफिसियों"
    },
    "verse": {
      "english": "For the perfecting of the saints, for the work of the ministry, for the edifying of the body of Christ:",
      "hindi": "जिस से पवित्र लोग सिद्ध हों जाएं, और सेवा का काम किया जाए, और मसीह की देह उन्नति पाए।"
    },
    "verse_number": 12
  },
  {
    "verse_count": "4904013",
    "book_number": "49",
    "chapter_number": "4",
    "book_name": {
      "english": "EPHESIANS",
      "hindi": "इफिसियों"
    },
    "verse": {
      "english": "Till we all come in the unity of the faith, and of the knowledge of the Son of God, unto a perfect man, unto the measure of the stature of the fulness of Christ:",
      "hindi": "जब तक कि हम सब के सब विश्वास, और परमेश्वर के पुत्र की पहिचान में एक न हो जाएं, और एक सिद्ध मनुष्य न बन जाएं और मसीह के पूरे डील डौल तक न बढ़ जाएं।"
    },
    "verse_number": 13
  },
  {
    "verse_count": "4904014",
    "book_number": "49",
    "chapter_number": "4",
    "book_name": {
      "english": "EPHESIANS",
      "hindi": "इफिसियों"
    },
    "verse": {
      "english": "That we henceforth be no more children, tossed to and fro, and carried about with every wind of doctrine, by the sleight of men, and cunning craftiness, whereby they lie in wait to deceive;",
      "hindi": "ताकि हम आगे को बालक न रहें, जो मनुष्यों की ठग-विद्या और चतुराई से उन के भ्रम की युक्तियों की, और उपदेश की, हर एक बयार से उछाले, और इधर-उधर घुमाए जाते हों।"
    },
    "verse_number": 14
  },
  {
    "verse_count": "4904015",
    "book_number": "49",
    "chapter_number": "4",
    "book_name": {
      "english": "EPHESIANS",
      "hindi": "इफिसियों"
    },
    "verse": {
      "english": "But speaking the truth in love, may grow up into him in all things, which is the head, even Christ:",
      "hindi": "वरन प्रेम में सच्चाई से चलते हुए, सब बातों में उस में जो सिर है, अर्थात मसीह में बढ़ते जाएं।"
    },
    "verse_number": 15
  },
  {
    "verse_count": "4904016",
    "book_number": "49",
    "chapter_number": "4",
    "book_name": {
      "english": "EPHESIANS",
      "hindi": "इफिसियों"
    },
    "verse": {
      "english": "From whom the whole body fitly joined together and compacted by that which every joint supplieth, according to the effectual working in the measure of every part, maketh increase of the body unto the edifying of itself in love.",
      "hindi": "जिस से सारी देह हर एक जोड़ की सहायता से एक साथ मिलकर, और एक साथ गठकर उस प्रभाव के अनुसार जो हर एक भाग के परिमाण से उस में होता है, अपने आप को बढ़ाती है, कि वह प्रेम में उन्नति करती जाए॥"
    },
    "verse_number": 16
  },
  {
    "verse_count": "4904017",
    "book_number": "49",
    "chapter_number": "4",
    "book_name": {
      "english": "EPHESIANS",
      "hindi": "इफिसियों"
    },
    "verse": {
      "english": "This I say therefore, and testify in the Lord, that ye henceforth walk not as other Gentiles walk, in the vanity of their mind,",
      "hindi": "इसलिये मैं यह कहता हूं, और प्रभु में जताए देता हूं कि जैसे अन्यजातीय लोग अपने मन की अनर्थ की रीति पर चलते हैं, तुम अब से फिर ऐसे न चलो।"
    },
    "verse_number": 17
  },
  {
    "verse_count": "4904018",
    "book_number": "49",
    "chapter_number": "4",
    "book_name": {
      "english": "EPHESIANS",
      "hindi": "इफिसियों"
    },
    "verse": {
      "english": "Having the understanding darkened, being alienated from the life of God through the ignorance that is in them, because of the blindness of their heart:",
      "hindi": "क्योंकि उनकी बुद्धि अन्धेरी हो गई है और उस अज्ञानता के कारण जो उन में है और उनके मन की कठोरता के कारण वे परमेश्वर के जीवन से अलग किए हुए हैं।"
    },
    "verse_number": 18
  },
  {
    "verse_count": "4904019",
    "book_number": "49",
    "chapter_number": "4",
    "book_name": {
      "english": "EPHESIANS",
      "hindi": "इफिसियों"
    },
    "verse": {
      "english": "Who being past feeling have given themselves over unto lasciviousness, to work all uncleanness with greediness.",
      "hindi": "और वे सुन्न होकर, लुचपन में लग गए हैं, कि सब प्रकार के गन्दे काम लालसा से किया करें।"
    },
    "verse_number": 19
  },
  {
    "verse_count": "4904020",
    "book_number": "49",
    "chapter_number": "4",
    "book_name": {
      "english": "EPHESIANS",
      "hindi": "इफिसियों"
    },
    "verse": {
      "english": "But ye have not so learned Christ;",
      "hindi": "पर तुम ने मसीह की ऐसी शिक्षा नहीं पाई।"
    },
    "verse_number": 20
  },
  {
    "verse_count": "4904021",
    "book_number": "49",
    "chapter_number": "4",
    "book_name": {
      "english": "EPHESIANS",
      "hindi": "इफिसियों"
    },
    "verse": {
      "english": "If so be that ye have heard him, and have been taught by him, as the truth is in Jesus:",
      "hindi": "वरन तुम ने सचमुच उसी की सुनी, और जैसा यीशु में सत्य है, उसी में सिखाए भी गए।"
    },
    "verse_number": 21
  },
  {
    "verse_count": "4904022",
    "book_number": "49",
    "chapter_number": "4",
    "book_name": {
      "english": "EPHESIANS",
      "hindi": "इफिसियों"
    },
    "verse": {
      "english": "That ye put off concerning the former conversation the old man, which is corrupt according to the deceitful lusts;",
      "hindi": "कि तुम अगले चालचलन के पुराने मनुष्यत्व को जो भरमाने वाली अभिलाषाओं के अनुसार भ्रष्ट होता जाता है, उतार डालो।"
    },
    "verse_number": 22
  },
  {
    "verse_count": "4904023",
    "book_number": "49",
    "chapter_number": "4",
    "book_name": {
      "english": "EPHESIANS",
      "hindi": "इफिसियों"
    },
    "verse": {
      "english": "And be renewed in the spirit of your mind;",
      "hindi": "और अपने मन के आत्मिक स्वभाव में नये बनते जाओ।"
    },
    "verse_number": 23
  },
  {
    "verse_count": "4904024",
    "book_number": "49",
    "chapter_number": "4",
    "book_name": {
      "english": "EPHESIANS",
      "hindi": "इफिसियों"
    },
    "verse": {
      "english": "And that ye put on the new man, which after God is created in righteousness and true holiness.",
      "hindi": "और नये मनुष्यत्व को पहिन लो, जो परमेश्वर के अनुसार सत्य की धामिर्कता, और पवित्रता में सृजा गया है॥"
    },
    "verse_number": 24
  },
  {
    "verse_count": "4904025",
    "book_number": "49",
    "chapter_number": "4",
    "book_name": {
      "english": "EPHESIANS",
      "hindi": "इफिसियों"
    },
    "verse": {
      "english": "Wherefore putting away lying, speak every man truth with his neighbour: for we are members one of another.",
      "hindi": "इस कारण झूठ बोलना छोड़कर हर एक अपने पड़ोसी से सच बोले, क्योंकि हम आपस में एक दूसरे के अंग हैं।"
    },
    "verse_number": 25
  },
  {
    "verse_count": "4904026",
    "book_number": "49",
    "chapter_number": "4",
    "book_name": {
      "english": "EPHESIANS",
      "hindi": "इफिसियों"
    },
    "verse": {
      "english": "Be ye angry, and sin not: let not the sun go down upon your wrath:",
      "hindi": "क्रोध तो करो, पर पाप मत करो: सूर्य अस्त होने तक तुम्हारा क्रोध न रहे।"
    },
    "verse_number": 26
  },
  {
    "verse_count": "4904027",
    "book_number": "49",
    "chapter_number": "4",
    "book_name": {
      "english": "EPHESIANS",
      "hindi": "इफिसियों"
    },
    "verse": {
      "english": "Neither give place to the devil.",
      "hindi": "और न शैतान को अवसर दो।"
    },
    "verse_number": 27
  },
  {
    "verse_count": "4904028",
    "book_number": "49",
    "chapter_number": "4",
    "book_name": {
      "english": "EPHESIANS",
      "hindi": "इफिसियों"
    },
    "verse": {
      "english": "Let him that stole steal no more: but rather let him labour, working with his hands the thing which is good, that he may have to give to him that needeth.",
      "hindi": "चोरी करनेवाला फिर चोरी न करे; वरन भले काम करने में अपने हाथों से परिश्रम करे; इसलिये कि जिसे प्रयोजन हो, उसे देने को उसके पास कुछ हो।"
    },
    "verse_number": 28
  },
  {
    "verse_count": "4904029",
    "book_number": "49",
    "chapter_number": "4",
    "book_name": {
      "english": "EPHESIANS",
      "hindi": "इफिसियों"
    },
    "verse": {
      "english": "Let no corrupt communication proceed out of your mouth, but that which is good to the use of edifying, that it may minister grace unto the hearers.",
      "hindi": "कोई गन्दी बात तुम्हारे मुंह से न निकले, पर आवश्यकता के अनुसार वही जो उन्नति के लिये उत्तम हो, ताकि उस से सुनने वालों पर अनुग्रह हो।"
    },
    "verse_number": 29
  },
  {
    "verse_count": "4904030",
    "book_number": "49",
    "chapter_number": "4",
    "book_name": {
      "english": "EPHESIANS",
      "hindi": "इफिसियों"
    },
    "verse": {
      "english": "And grieve not the holy Spirit of God, whereby ye are sealed unto the day of redemption.",
      "hindi": "और परमेश्वर के पवित्र आत्मा को शोकित मत करो, जिस से तुम पर छुटकारे के दिन के लिये छाप दी गई है।"
    },
    "verse_number": 30
  },
  {
    "verse_count": "4904031",
    "book_number": "49",
    "chapter_number": "4",
    "book_name": {
      "english": "EPHESIANS",
      "hindi": "इफिसियों"
    },
    "verse": {
      "english": "Let all bitterness, and wrath, and anger, and clamour, and evil speaking, be put away from you, with all malice:",
      "hindi": "सब प्रकार की कड़वाहट और प्रकोप और क्रोध, और कलह, और निन्दा सब बैरभाव समेत तुम से दूर की जाए।"
    },
    "verse_number": 31
  },
  {
    "verse_count": "4904032",
    "book_number": "49",
    "chapter_number": "4",
    "book_name": {
      "english": "EPHESIANS",
      "hindi": "इफिसियों"
    },
    "verse": {
      "english": "And be ye kind one to another, tenderhearted, forgiving one another, even as God for Christ's sake hath forgiven you.",
      "hindi": "और एक दूसरे पर कृपाल, और करूणामय हो, और जैसे परमेश्वर ने मसीह में तुम्हारे अपराध क्षमा किए, वैसे ही तुम भी एक दूसरे के अपराध क्षमा करो॥"
    },
    "verse_number": 32
  },
  {
    "verse_count": "490501",
    "book_number": "49",
    "chapter_number": "5",
    "book_name": {
      "english": "EPHESIANS",
      "hindi": "इफिसियों"
    },
    "verse": {
      "english": "Be ye therefore followers of God, as dear children;",
      "hindi": "इसलिये प्रिय, बालकों की नाईं परमेश्वर के सदृश बनो।"
    },
    "verse_number": 1
  },
  {
    "verse_count": "490502",
    "book_number": "49",
    "chapter_number": "5",
    "book_name": {
      "english": "EPHESIANS",
      "hindi": "इफिसियों"
    },
    "verse": {
      "english": "And walk in love, as Christ also hath loved us, and hath given himself for us an offering and a sacrifice to God for a sweetsmelling savour.",
      "hindi": "और प्रेम में चलो; जैसे मसीह ने भी तुम से प्रेम किया; और हमारे लिये अपने आप को सुखदायक सुगन्ध के लिये परमेश्वर के आगे भेंट करके बलिदान कर दिया।"
    },
    "verse_number": 2
  },
  {
    "verse_count": "490503",
    "book_number": "49",
    "chapter_number": "5",
    "book_name": {
      "english": "EPHESIANS",
      "hindi": "इफिसियों"
    },
    "verse": {
      "english": "But fornication, and all uncleanness, or covetousness, let it not be once named among you, as becometh saints;",
      "hindi": "और जैसा पवित्र लोगों के योग्य है, वैसा तुम में व्यभिचार, और किसी प्रकार अशुद्ध काम, या लोभ की चर्चा तक न हो।"
    },
    "verse_number": 3
  },
  {
    "verse_count": "490504",
    "book_number": "49",
    "chapter_number": "5",
    "book_name": {
      "english": "EPHESIANS",
      "hindi": "इफिसियों"
    },
    "verse": {
      "english": "Neither filthiness, nor foolish talking, nor jesting, which are not convenient: but rather giving of thanks.",
      "hindi": "और न निर्लज्ज़ता, न मूढ़ता की बातचीत की, न ठट्ठे की, क्योंकि ये बातें सोहती नहीं, वरन धन्यवाद ही सुना जाएं।"
    },
    "verse_number": 4
  },
  {
    "verse_count": "490505",
    "book_number": "49",
    "chapter_number": "5",
    "book_name": {
      "english": "EPHESIANS",
      "hindi": "इफिसियों"
    },
    "verse": {
      "english": "For this ye know, that no whoremonger, nor unclean person, nor covetous man, who is an idolater, hath any inheritance in the kingdom of Christ and of God.",
      "hindi": "क्योंकि तुम यह जानते हो, कि किसी व्यभिचारी, या अशुद्ध जन, या लोभी मनुष्य की, जो मूरत पूजने वाले के बराबर है, मसीह और परमेश्वर के राज्य में मीरास नहीं।"
    },
    "verse_number": 5
  },
  {
    "verse_count": "490506",
    "book_number": "49",
    "chapter_number": "5",
    "book_name": {
      "english": "EPHESIANS",
      "hindi": "इफिसियों"
    },
    "verse": {
      "english": "Let no man deceive you with vain words: for because of these things cometh the wrath of God upon the children of disobedience.",
      "hindi": "कोई तुम्हें व्यर्थ बातों से धोखा न दे; क्योंकि इन ही कामों के कारण परमेश्वर का क्रोध आज्ञा ने मानने वालों पर भड़कता है।"
    },
    "verse_number": 6
  },
  {
    "verse_count": "490507",
    "book_number": "49",
    "chapter_number": "5",
    "book_name": {
      "english": "EPHESIANS",
      "hindi": "इफिसियों"
    },
    "verse": {
      "english": "Be not ye therefore partakers with them.",
      "hindi": "इसलिये तुम उन के सहभागी न हो।"
    },
    "verse_number": 7
  },
  {
    "verse_count": "490508",
    "book_number": "49",
    "chapter_number": "5",
    "book_name": {
      "english": "EPHESIANS",
      "hindi": "इफिसियों"
    },
    "verse": {
      "english": "For ye were sometimes darkness, but now are ye light in the Lord: walk as children of light:",
      "hindi": "क्योंकि तुम तो पहले अन्धकार थे परन्तु अब प्रभु में ज्योति हो, सो ज्योति की सन्तान की नाईं चलो।"
    },
    "verse_number": 8
  },
  {
    "verse_count": "490509",
    "book_number": "49",
    "chapter_number": "5",
    "book_name": {
      "english": "EPHESIANS",
      "hindi": "इफिसियों"
    },
    "verse": {
      "english": "(For the fruit of the Spirit is in all goodness and righteousness and truth;)",
      "hindi": "(क्योंकि ज्योति का फल सब प्रकार की भलाई, और धामिर्कता, और सत्य है)।"
    },
    "verse_number": 9
  },
  {
    "verse_count": "4905010",
    "book_number": "49",
    "chapter_number": "5",
    "book_name": {
      "english": "EPHESIANS",
      "hindi": "इफिसियों"
    },
    "verse": {
      "english": "Proving what is acceptable unto the Lord.",
      "hindi": "और यह परखो, कि प्रभु को क्या भाता है"
    },
    "verse_number": 10
  },
  {
    "verse_count": "4905011",
    "book_number": "49",
    "chapter_number": "5",
    "book_name": {
      "english": "EPHESIANS",
      "hindi": "इफिसियों"
    },
    "verse": {
      "english": "And have no fellowship with the unfruitful works of darkness, but rather reprove them.",
      "hindi": "और अन्धकार के निष्फल कामों में सहभागी न हो, वरन उन पर उलाहना दो।"
    },
    "verse_number": 11
  },
  {
    "verse_count": "4905012",
    "book_number": "49",
    "chapter_number": "5",
    "book_name": {
      "english": "EPHESIANS",
      "hindi": "इफिसियों"
    },
    "verse": {
      "english": "For it is a shame even to speak of those things which are done of them in secret.",
      "hindi": "क्योंकि उन के गुप्त कामों की चर्चा भी लाज की बात है।"
    },
    "verse_number": 12
  },
  {
    "verse_count": "4905013",
    "book_number": "49",
    "chapter_number": "5",
    "book_name": {
      "english": "EPHESIANS",
      "hindi": "इफिसियों"
    },
    "verse": {
      "english": "But all things that are reproved are made manifest by the light: for whatsoever doth make manifest is light.",
      "hindi": "पर जितने कामों पर उलाहना दिया जाता है वे सब ज्योति से प्रगट होते हैं, क्योंकि जो सब कुछ को प्रगट करता है, वह ज्योति है।"
    },
    "verse_number": 13
  },
  {
    "verse_count": "4905014",
    "book_number": "49",
    "chapter_number": "5",
    "book_name": {
      "english": "EPHESIANS",
      "hindi": "इफिसियों"
    },
    "verse": {
      "english": "Wherefore he saith, Awake thou that sleepest, and arise from the dead, and Christ shall give thee light.",
      "hindi": "इस कारण वह कहता है, हे सोने वाले जाग और मुर्दों में से जी उठ; तो मसीह की ज्योति तुझ पर चमकेगी॥"
    },
    "verse_number": 14
  },
  {
    "verse_count": "4905015",
    "book_number": "49",
    "chapter_number": "5",
    "book_name": {
      "english": "EPHESIANS",
      "hindi": "इफिसियों"
    },
    "verse": {
      "english": "See then that ye walk circumspectly, not as fools, but as wise,",
      "hindi": "इसलिये ध्यान से देखो, कि कैसी चाल चलते हो; निर्बुद्धियों की नाईं नहीं पर बुद्धिमानों की नाईं चलो।"
    },
    "verse_number": 15
  },
  {
    "verse_count": "4905016",
    "book_number": "49",
    "chapter_number": "5",
    "book_name": {
      "english": "EPHESIANS",
      "hindi": "इफिसियों"
    },
    "verse": {
      "english": "Redeeming the time, because the days are evil.",
      "hindi": "और अवसर को बहुमोल समझो, क्योंकि दिन बुरे हैं।"
    },
    "verse_number": 16
  },
  {
    "verse_count": "4905017",
    "book_number": "49",
    "chapter_number": "5",
    "book_name": {
      "english": "EPHESIANS",
      "hindi": "इफिसियों"
    },
    "verse": {
      "english": "Wherefore be ye not unwise, but understanding what the will of the Lord is.",
      "hindi": "इस कारण निर्बुद्धि न हो, पर ध्यान से समझो, कि प्रभु की इच्छा क्या है?"
    },
    "verse_number": 17
  },
  {
    "verse_count": "4905018",
    "book_number": "49",
    "chapter_number": "5",
    "book_name": {
      "english": "EPHESIANS",
      "hindi": "इफिसियों"
    },
    "verse": {
      "english": "And be not drunk with wine, wherein is excess; but be filled with the Spirit;",
      "hindi": "और दाखरस से मतवाले न बनो, क्योंकि इस से लुचपन होता है, पर आत्मा से परिपूर्ण होते जाओ।"
    },
    "verse_number": 18
  },
  {
    "verse_count": "4905019",
    "book_number": "49",
    "chapter_number": "5",
    "book_name": {
      "english": "EPHESIANS",
      "hindi": "इफिसियों"
    },
    "verse": {
      "english": "Speaking to yourselves in psalms and hymns and spiritual songs, singing and making melody in your heart to the Lord;",
      "hindi": "और आपस में भजन और स्तुतिगान और आत्मिक गीत गाया करो, और अपने अपने मन में प्रभु के साम्हने गाते और कीर्तन करते रहो।"
    },
    "verse_number": 19
  },
  {
    "verse_count": "4905020",
    "book_number": "49",
    "chapter_number": "5",
    "book_name": {
      "english": "EPHESIANS",
      "hindi": "इफिसियों"
    },
    "verse": {
      "english": "Giving thanks always for all things unto God and the Father in the name of our Lord Jesus Christ;",
      "hindi": "और सदा सब बातों के लिये हमारे प्रभु यीशु मसीह के नाम से परमेश्वर पिता का धन्यवाद करते रहो।"
    },
    "verse_number": 20
  },
  {
    "verse_count": "4905021",
    "book_number": "49",
    "chapter_number": "5",
    "book_name": {
      "english": "EPHESIANS",
      "hindi": "इफिसियों"
    },
    "verse": {
      "english": "Submitting yourselves one to another in the fear of God.",
      "hindi": "और मसीह के भय से एक दूसरे के आधीन रहो॥"
    },
    "verse_number": 21
  },
  {
    "verse_count": "4905022",
    "book_number": "49",
    "chapter_number": "5",
    "book_name": {
      "english": "EPHESIANS",
      "hindi": "इफिसियों"
    },
    "verse": {
      "english": "Wives, submit yourselves unto your own husbands, as unto the Lord.",
      "hindi": "हे पत्नियों, अपने अपने पति के ऐसे आधीन रहो, जैसे प्रभु के।"
    },
    "verse_number": 22
  },
  {
    "verse_count": "4905023",
    "book_number": "49",
    "chapter_number": "5",
    "book_name": {
      "english": "EPHESIANS",
      "hindi": "इफिसियों"
    },
    "verse": {
      "english": "For the husband is the head of the wife, even as Christ is the head of the church: and he is the saviour of the body.",
      "hindi": "क्योंकि पति पत्नी का सिर है जैसे कि मसीह कलीसिया का सिर है; और आप ही देह का उद्धारकर्ता है।"
    },
    "verse_number": 23
  },
  {
    "verse_count": "4905024",
    "book_number": "49",
    "chapter_number": "5",
    "book_name": {
      "english": "EPHESIANS",
      "hindi": "इफिसियों"
    },
    "verse": {
      "english": "Therefore as the church is subject unto Christ, so let the wives be to their own husbands in every thing.",
      "hindi": "पर जैसे कलीसिया मसीह के आधीन है, वैसे ही पत्नियां भी हर बात में अपने अपने पति के आधीन रहें।"
    },
    "verse_number": 24
  },
  {
    "verse_count": "4905025",
    "book_number": "49",
    "chapter_number": "5",
    "book_name": {
      "english": "EPHESIANS",
      "hindi": "इफिसियों"
    },
    "verse": {
      "english": "Husbands, love your wives, even as Christ also loved the church, and gave himself for it;",
      "hindi": "हे पतियों, अपनी अपनी पत्नी से प्रेम रखो, जैसा मसीह ने भी कलीसिया से प्रेम करके अपने आप को उसके लिये दे दिया।"
    },
    "verse_number": 25
  },
  {
    "verse_count": "4905026",
    "book_number": "49",
    "chapter_number": "5",
    "book_name": {
      "english": "EPHESIANS",
      "hindi": "इफिसियों"
    },
    "verse": {
      "english": "That he might sanctify and cleanse it with the washing of water by the word,",
      "hindi": "कि उस को वचन के द्वारा जल के स्नान से शुद्ध करके पवित्र बनाए।"
    },
    "verse_number": 26
  },
  {
    "verse_count": "4905027",
    "book_number": "49",
    "chapter_number": "5",
    "book_name": {
      "english": "EPHESIANS",
      "hindi": "इफिसियों"
    },
    "verse": {
      "english": "That he might present it to himself a glorious church, not having spot, or wrinkle, or any such thing; but that it should be holy and without blemish.",
      "hindi": "और उसे एक ऐसी तेजस्वी कलीसिया बना कर अपने पास खड़ी करे, जिस में न कलंक, न झुर्री, न कोई ऐसी वस्तु हो, वरन पवित्र और निर्दोष हो।"
    },
    "verse_number": 27
  },
  {
    "verse_count": "4905028",
    "book_number": "49",
    "chapter_number": "5",
    "book_name": {
      "english": "EPHESIANS",
      "hindi": "इफिसियों"
    },
    "verse": {
      "english": "So ought men to love their wives as their own bodies. He that loveth his wife loveth himself.",
      "hindi": "इसी प्रकार उचित है, कि पति अपनी अपनी पत्नी से अपनी देह के समान प्रेम रखें। जो अपनी पत्नी से प्रेम रखता है, वह अपने आप से प्रेम रखता है।"
    },
    "verse_number": 28
  },
  {
    "verse_count": "4905029",
    "book_number": "49",
    "chapter_number": "5",
    "book_name": {
      "english": "EPHESIANS",
      "hindi": "इफिसियों"
    },
    "verse": {
      "english": "For no man ever yet hated his own flesh; but nourisheth and cherisheth it, even as the Lord the church:",
      "hindi": "क्योंकि किसी ने कभी अपने शरीर से बैर नहीं रखा वरन उसका पालन-पोषण करता है, जैसा मसीह भी कलीसिया के साथ करता है"
    },
    "verse_number": 29
  },
  {
    "verse_count": "4905030",
    "book_number": "49",
    "chapter_number": "5",
    "book_name": {
      "english": "EPHESIANS",
      "hindi": "इफिसियों"
    },
    "verse": {
      "english": "For we are members of his body, of his flesh, and of his bones.",
      "hindi": "इसलिये कि हम उस की देह के अंग हैं।"
    },
    "verse_number": 30
  },
  {
    "verse_count": "4905031",
    "book_number": "49",
    "chapter_number": "5",
    "book_name": {
      "english": "EPHESIANS",
      "hindi": "इफिसियों"
    },
    "verse": {
      "english": "For this cause shall a man leave his father and mother, and shall be joined unto his wife, and they two shall be one flesh.",
      "hindi": "इस कारण मनुष्य माता पिता को छोड़कर अपनी पत्नी से मिला रहेगा, और वे दोनों एक तन होंगे।"
    },
    "verse_number": 31
  },
  {
    "verse_count": "4905032",
    "book_number": "49",
    "chapter_number": "5",
    "book_name": {
      "english": "EPHESIANS",
      "hindi": "इफिसियों"
    },
    "verse": {
      "english": "This is a great mystery: but I speak concerning Christ and the church.",
      "hindi": "यह भेद तो बड़ा है; पर मैं मसीह और कलीसिया के विषय में कहता हूं।"
    },
    "verse_number": 32
  },
  {
    "verse_count": "4905033",
    "book_number": "49",
    "chapter_number": "5",
    "book_name": {
      "english": "EPHESIANS",
      "hindi": "इफिसियों"
    },
    "verse": {
      "english": "Nevertheless let every one of you in particular so love his wife even as himself; and the wife see that she reverence her husband.",
      "hindi": "पर तुम में से हर एक अपनी पत्नी से अपने समान प्रेम रखे, और पत्नी भी अपने पति का भय माने॥"
    },
    "verse_number": 33
  },
  {
    "verse_count": "490601",
    "book_number": "49",
    "chapter_number": "6",
    "book_name": {
      "english": "EPHESIANS",
      "hindi": "इफिसियों"
    },
    "verse": {
      "english": "Children, obey your parents in the Lord: for this is right.",
      "hindi": "हेबालकों, प्रभु में अपने माता पिता के आज्ञाकारी बनो, क्योंकि यह उचित है।"
    },
    "verse_number": 1
  },
  {
    "verse_count": "490602",
    "book_number": "49",
    "chapter_number": "6",
    "book_name": {
      "english": "EPHESIANS",
      "hindi": "इफिसियों"
    },
    "verse": {
      "english": "Honour thy father and mother; which is the first commandment with promise;",
      "hindi": "अपनी माता और पिता का आदर कर (यह पहिली आज्ञा है, जिस के साथ प्रतिज्ञा भी है)।"
    },
    "verse_number": 2
  },
  {
    "verse_count": "490603",
    "book_number": "49",
    "chapter_number": "6",
    "book_name": {
      "english": "EPHESIANS",
      "hindi": "इफिसियों"
    },
    "verse": {
      "english": "That it may be well with thee, and thou mayest live long on the earth.",
      "hindi": "कि तेरा भला हो, और तू धरती पर बहुत दिन जीवित रहे।"
    },
    "verse_number": 3
  },
  {
    "verse_count": "490604",
    "book_number": "49",
    "chapter_number": "6",
    "book_name": {
      "english": "EPHESIANS",
      "hindi": "इफिसियों"
    },
    "verse": {
      "english": "And, ye fathers, provoke not your children to wrath: but bring them up in the nurture and admonition of the Lord.",
      "hindi": "और हे बच्चे वालों अपने बच्चों को रिस न दिलाओ परन्तु प्रभु की शिक्षा, और चितावनी देते हुए, उन का पालन-पोषण करो॥"
    },
    "verse_number": 4
  },
  {
    "verse_count": "490605",
    "book_number": "49",
    "chapter_number": "6",
    "book_name": {
      "english": "EPHESIANS",
      "hindi": "इफिसियों"
    },
    "verse": {
      "english": "Servants, be obedient to them that are your masters according to the flesh, with fear and trembling, in singleness of your heart, as unto Christ;",
      "hindi": "हे दासो, जो लोग शरीर के अनुसार तुम्हारे स्वामी हैं, अपने मन की सीधाई से डरते, और कांपते हुए, जैसे मसीह की, वैसे ही उन की भी आज्ञा मानो।"
    },
    "verse_number": 5
  },
  {
    "verse_count": "490606",
    "book_number": "49",
    "chapter_number": "6",
    "book_name": {
      "english": "EPHESIANS",
      "hindi": "इफिसियों"
    },
    "verse": {
      "english": "Not with eyeservice, as menpleasers; but as the servants of Christ, doing the will of God from the heart;",
      "hindi": "और मनुष्यों को प्रसन्न करने वालों की नाईं दिखाने के लिये सेवा न करो, पर मसीह के दासों की नाईं मन से परमेश्वर की इच्छा पर चलो।"
    },
    "verse_number": 6
  },
  {
    "verse_count": "490607",
    "book_number": "49",
    "chapter_number": "6",
    "book_name": {
      "english": "EPHESIANS",
      "hindi": "इफिसियों"
    },
    "verse": {
      "english": "With good will doing service, as to the Lord, and not to men:",
      "hindi": "और उस सेवा को मनुष्यों की नहीं, परन्तु प्रभु की जानकर सुइच्छा से करो।"
    },
    "verse_number": 7
  },
  {
    "verse_count": "490608",
    "book_number": "49",
    "chapter_number": "6",
    "book_name": {
      "english": "EPHESIANS",
      "hindi": "इफिसियों"
    },
    "verse": {
      "english": "Knowing that whatsoever good thing any man doeth, the same shall he receive of the Lord, whether he be bond or free.",
      "hindi": "क्योंकि तुम जानते हो, कि जो कोई जैसा अच्छा काम करेगा, चाहे दास हो, चाहे स्वतंत्र; प्रभु से वैसा ही पाएगा।"
    },
    "verse_number": 8
  },
  {
    "verse_count": "490609",
    "book_number": "49",
    "chapter_number": "6",
    "book_name": {
      "english": "EPHESIANS",
      "hindi": "इफिसियों"
    },
    "verse": {
      "english": "And, ye masters, do the same things unto them, forbearing threatening: knowing that your Master also is in heaven; neither is there respect of persons with him.",
      "hindi": "और हे स्वामियों, तुम भी धमकियां छोड़कर उन के साथ वैसा ही व्यवहार करो, क्योंकि जानते हो, कि उन का और तुम्हारा दोनों का स्वामी स्वर्ग में है, और वह किसी का पक्ष नहीं करता॥"
    },
    "verse_number": 9
  },
  {
    "verse_count": "4906010",
    "book_number": "49",
    "chapter_number": "6",
    "book_name": {
      "english": "EPHESIANS",
      "hindi": "इफिसियों"
    },
    "verse": {
      "english": "Finally, my brethren, be strong in the Lord, and in the power of his might.",
      "hindi": "निदान, प्रभु में और उस की शक्ति के प्रभाव में बलवन्त बनो।"
    },
    "verse_number": 10
  },
  {
    "verse_count": "4906011",
    "book_number": "49",
    "chapter_number": "6",
    "book_name": {
      "english": "EPHESIANS",
      "hindi": "इफिसियों"
    },
    "verse": {
      "english": "Put on the whole armour of God, that ye may be able to stand against the wiles of the devil.",
      "hindi": "परमेश्वर के सारे हथियार बान्ध लो; कि तुम शैतान की युक्तियों के साम्हने खड़े रह सको।"
    },
    "verse_number": 11
  },
  {
    "verse_count": "4906012",
    "book_number": "49",
    "chapter_number": "6",
    "book_name": {
      "english": "EPHESIANS",
      "hindi": "इफिसियों"
    },
    "verse": {
      "english": "For we wrestle not against flesh and blood, but against principalities, against powers, against the rulers of the darkness of this world, against spiritual wickedness in high places.",
      "hindi": "क्योंकि हमारा यह मल्लयुद्ध, लोहू और मांस से नहीं, परन्तु प्रधानों से और अधिकारियों से, और इस संसार के अन्धकार के हाकिमों से, और उस दुष्टता की आत्मिक सेनाओं से है जो आकाश में हैं।"
    },
    "verse_number": 12
  },
  {
    "verse_count": "4906013",
    "book_number": "49",
    "chapter_number": "6",
    "book_name": {
      "english": "EPHESIANS",
      "hindi": "इफिसियों"
    },
    "verse": {
      "english": "Wherefore take unto you the whole armour of God, that ye may be able to withstand in the evil day, and having done all, to stand.",
      "hindi": "इसलिये परमेश्वर के सारे हथियार बान्ध लो, कि तुम बुरे दिन में साम्हना कर सको, और सब कुछ पूरा करके स्थिर रह सको।"
    },
    "verse_number": 13
  },
  {
    "verse_count": "4906014",
    "book_number": "49",
    "chapter_number": "6",
    "book_name": {
      "english": "EPHESIANS",
      "hindi": "इफिसियों"
    },
    "verse": {
      "english": "Stand therefore, having your loins girt about with truth, and having on the breastplate of righteousness;",
      "hindi": "सो सत्य से अपनी कमर कसकर, और धार्मीकता की झिलम पहिन कर।"
    },
    "verse_number": 14
  },
  {
    "verse_count": "4906015",
    "book_number": "49",
    "chapter_number": "6",
    "book_name": {
      "english": "EPHESIANS",
      "hindi": "इफिसियों"
    },
    "verse": {
      "english": "And your feet shod with the preparation of the gospel of peace;",
      "hindi": "और पांवों में मेल के सुसमाचार की तैयारी के जूते पहिन कर।"
    },
    "verse_number": 15
  },
  {
    "verse_count": "4906016",
    "book_number": "49",
    "chapter_number": "6",
    "book_name": {
      "english": "EPHESIANS",
      "hindi": "इफिसियों"
    },
    "verse": {
      "english": "Above all, taking the shield of faith, wherewith ye shall be able to quench all the fiery darts of the wicked.",
      "hindi": "और उन सब के साथ विश्वास की ढाल लेकर स्थिर रहो जिस से तुम उस दुष्ट के सब जलते हुए तीरों को बुझा सको।"
    },
    "verse_number": 16
  },
  {
    "verse_count": "4906017",
    "book_number": "49",
    "chapter_number": "6",
    "book_name": {
      "english": "EPHESIANS",
      "hindi": "इफिसियों"
    },
    "verse": {
      "english": "And take the helmet of salvation, and the sword of the Spirit, which is the word of God:",
      "hindi": "और उद्धार का टोप, और आत्मा की तलवार जो परमेश्वर का वचन है, ले लो।"
    },
    "verse_number": 17
  },
  {
    "verse_count": "4906018",
    "book_number": "49",
    "chapter_number": "6",
    "book_name": {
      "english": "EPHESIANS",
      "hindi": "इफिसियों"
    },
    "verse": {
      "english": "Praying always with all prayer and supplication in the Spirit, and watching thereunto with all perseverance and supplication for all saints;",
      "hindi": "और हर समय और हर प्रकार से आत्मा में प्रार्थना, और बिनती करते रहो, और इसी लिये जागते रहो, कि सब पवित्र लोगों के लिये लगातार बिनती किया करो।"
    },
    "verse_number": 18
  },
  {
    "verse_count": "4906019",
    "book_number": "49",
    "chapter_number": "6",
    "book_name": {
      "english": "EPHESIANS",
      "hindi": "इफिसियों"
    },
    "verse": {
      "english": "And for me, that utterance may be given unto me, that I may open my mouth boldly, to make known the mystery of the gospel,",
      "hindi": "और मेरे लिये भी, कि मुझे बोलने के समय ऐसा प्रबल वचन दिया जाए, कि मैं हियाव से सुसमाचार का भेद बता सकूं जिस के लिये मैं जंजीर से जकड़ा हुआ राजदूत हूं।"
    },
    "verse_number": 19
  },
  {
    "verse_count": "4906020",
    "book_number": "49",
    "chapter_number": "6",
    "book_name": {
      "english": "EPHESIANS",
      "hindi": "इफिसियों"
    },
    "verse": {
      "english": "For which I am an ambassador in bonds: that therein I may speak boldly, as I ought to speak.",
      "hindi": "और यह भी कि मैं उस के विषय में जैसा मुझे चाहिए हियाव से बोलूं॥"
    },
    "verse_number": 20
  },
  {
    "verse_count": "4906021",
    "book_number": "49",
    "chapter_number": "6",
    "book_name": {
      "english": "EPHESIANS",
      "hindi": "इफिसियों"
    },
    "verse": {
      "english": "But that ye also may know my affairs, and how I do, Tychicus, a beloved brother and faithful minister in the Lord, shall make known to you all things:",
      "hindi": "और तुखिकुस जो प्रिय भाई और प्रभु में विश्वासयोग्य सेवक है तुम्हें सब बातें बताएगा, कि तुम भी मेरी दशा जानो कि मैं कैसा रहता हूं।"
    },
    "verse_number": 21
  },
  {
    "verse_count": "4906022",
    "book_number": "49",
    "chapter_number": "6",
    "book_name": {
      "english": "EPHESIANS",
      "hindi": "इफिसियों"
    },
    "verse": {
      "english": "Whom I have sent unto you for the same purpose, that ye might know our affairs, and that he might comfort your hearts.",
      "hindi": "उसे मैं ने तुम्हारे पास इसी लिये भेजा है, कि तुम हमारी दशा को जानो, और वह तुम्हारे मनों को शान्ति दे॥"
    },
    "verse_number": 22
  },
  {
    "verse_count": "4906023",
    "book_number": "49",
    "chapter_number": "6",
    "book_name": {
      "english": "EPHESIANS",
      "hindi": "इफिसियों"
    },
    "verse": {
      "english": "Peace be to the brethren, and love with faith, from God the Father and the Lord Jesus Christ.",
      "hindi": "परमेश्वर पिता और प्रभु यीशु मसीह की ओर से भाइयों को शान्ति और विश्वास सहित प्रेम मिले।"
    },
    "verse_number": 23
  },
  {
    "verse_count": "4906024",
    "book_number": "49",
    "chapter_number": "6",
    "book_name": {
      "english": "EPHESIANS",
      "hindi": "इफिसियों"
    },
    "verse": {
      "english": "Grace be with all them that love our Lord Jesus Christ in sincerity. Amen.",
      "hindi": "जो हमारे प्रभु यीशु मसीह से सच्चा प्रेम रखते हैं, उन सब पर अनुग्रह होता रहे॥"
    },
    "verse_number": 24
  }
]