[
  {
    "verse_count": "650101",
    "book_number": "65",
    "chapter_number": "1",
    "book_name": {
      "english": "JUDE",
      "hindi": "यहूदा"
    },
    "verse": {
      "english": "Jude, the servant of Jesus Christ, and brother of James, to them that are sanctified by God the Father, and preserved in Jesus Christ, and called:",
      "hindi": "यहूदा की ओर से जो यीशु मसीह का दास और याकूब का भाई है, उन बुलाए हुओं के नाम जो परमेश्वर पिता में प्रिय और यीशु मसीह के लिये सुरक्षित हैं॥"
    },
    "verse_number": 1
  },
  {
    "verse_count": "650102",
    "book_number": "65",
    "chapter_number": "1",
    "book_name": {
      "english": "JUDE",
      "hindi": "यहूदा"
    },
    "verse": {
      "english": "Mercy unto you, and peace, and love, be multiplied.",
      "hindi": "दया और शान्ति और प्रेम तुम्हें बहुतायत से प्राप्त होता रहे॥"
    },
    "verse_number": 2
  },
  {
    "verse_count": "650103",
    "book_number": "65",
    "chapter_number": "1",
    "book_name": {
      "english": "JUDE",
      "hindi": "यहूदा"
    },
    "verse": {
      "english": "Beloved, when I gave all diligence to write unto you of the common salvation, it was needful for me to write unto you, and exhort you that ye should earnestly contend for the faith which was once delivered unto the saints.",
      "hindi": "हे प्रियो, जब मैं तुम्हें उस उद्धार के विषय में लिखने में अत्यन्त परिश्रम से प्रयत्न कर रहा था, जिस में हम सब सहभागी हैं; तो मैं ने तुम्हें यह समझाना आवश्यक जाना कि उस विश्वास के लिये पूरा यत्न करो जो पवित्र लोगों को एक ही बार सौंपा गया था।"
    },
    "verse_number": 3
  },
  {
    "verse_count": "650104",
    "book_number": "65",
    "chapter_number": "1",
    "book_name": {
      "english": "JUDE",
      "hindi": "यहूदा"
    },
    "verse": {
      "english": "For there are certain men crept in unawares, who were before of old ordained to this condemnation, ungodly men, turning the grace of our God into lasciviousness, and denying the only Lord God, and our Lord Jesus Christ.",
      "hindi": "क्योंकि कितने ऐसे मनुष्य चुपके से हम में आ मिले हैं, जिन के इस दण्ड का वर्णन पुराने समय में पहिले ही से लिखा गया था: ये भक्तिहीन हैं, और हमारे परमेश्वर के अनुग्रह को लुचपन में बदल डालते हैं, और हमारे अद्वैत स्वामी और प्रभु यीशु मसीह का इन्कार करते हैं॥"
    },
    "verse_number": 4
  },
  {
    "verse_count": "650105",
    "book_number": "65",
    "chapter_number": "1",
    "book_name": {
      "english": "JUDE",
      "hindi": "यहूदा"
    },
    "verse": {
      "english": "I will therefore put you in remembrance, though ye once knew this, how that the Lord, having saved the people out of the land of Egypt, afterward destroyed them that believed not.",
      "hindi": "पर यद्यपि तुम सब बात एक बार जान चुके हो, तौभी मैं तुम्हें इस बात की सुधि दिलाना चाहता हूं, कि प्रभु ने एक कुल को मिस्र देश से छुड़ाने के बाद विश्वास न लाने वालों को नाश कर दिया।"
    },
    "verse_number": 5
  },
  {
    "verse_count": "650106",
    "book_number": "65",
    "chapter_number": "1",
    "book_name": {
      "english": "JUDE",
      "hindi": "यहूदा"
    },
    "verse": {
      "english": "And the angels which kept not their first estate, but left their own habitation, he hath reserved in everlasting chains under darkness unto the judgment of the great day.",
      "hindi": "फिर जो र्स्वगदूतों ने अपने पद को स्थिर न रखा वरन अपने निज निवास को छोड़ दिया, उस ने उन को भी उस भीषण दिन के न्याय के लिये अन्धकार में जो सदा काल के लिये है बन्धनों में रखा है।"
    },
    "verse_number": 6
  },
  {
    "verse_count": "650107",
    "book_number": "65",
    "chapter_number": "1",
    "book_name": {
      "english": "JUDE",
      "hindi": "यहूदा"
    },
    "verse": {
      "english": "Even as Sodom and Gomorrha, and the cities about them in like manner, giving themselves over to fornication, and going after strange flesh, are set forth for an example, suffering the vengeance of eternal fire.",
      "hindi": "जिस रीति से सदोम और अमोरा और उन के आस पास के नगर, जो इन की नाईं व्यभिचारी हो गए थे और पराये शरीर के पीछे लग गए थे आग के अनन्त दण्ड में पड़ कर दृष्टान्त ठहरे हैं।"
    },
    "verse_number": 7
  },
  {
    "verse_count": "650108",
    "book_number": "65",
    "chapter_number": "1",
    "book_name": {
      "english": "JUDE",
      "hindi": "यहूदा"
    },
    "verse": {
      "english": "Likewise also these filthy dreamers defile the flesh, despise dominion, and speak evil of dignities.",
      "hindi": "उसी रीति से ये स्वप्नदर्शी भी अपने अपने शरीर को अशुद्ध करते, और प्रभुता को तुच्छ जानते हैं; और ऊंचे पद वालों को बुरा भला कहते हैं।"
    },
    "verse_number": 8
  },
  {
    "verse_count": "650109",
    "book_number": "65",
    "chapter_number": "1",
    "book_name": {
      "english": "JUDE",
      "hindi": "यहूदा"
    },
    "verse": {
      "english": "Yet Michael the archangel, when contending with the devil he disputed about the body of Moses, durst not bring against him a railing accusation, but said, The Lord rebuke thee.",
      "hindi": "परन्तु प्रधान स्वर्गदूत मीकाईल ने, जब शैतान से मूसा की लोथ के विषय में वाद-विवाद करता था, तो उस को बुरा भला कहके दोष लगाने का साहस न किया; पर यह कहा, कि प्रभु तुझे डांटे।"
    },
    "verse_number": 9
  },
  {
    "verse_count": "6501010",
    "book_number": "65",
    "chapter_number": "1",
    "book_name": {
      "english": "JUDE",
      "hindi": "यहूदा"
    },
    "verse": {
      "english": "But these speak evil of those things which they know not: but what they know naturally, as brute beasts, in those things they corrupt themselves.",
      "hindi": "पर ये लोग जिन बातों को नहीं जानते, उन को बुरा भला कहते हैं; पर जिन बातों को अचेतन पशुओं की नाईं स्वभाव ही से जानते हैं, उन में अपने आप को नाश करते हैं।"
    },
    "verse_number": 10
  },
  {
    "verse_count": "6501011",
    "book_number": "65",
    "chapter_number": "1",
    "book_name": {
      "english": "JUDE",
      "hindi": "यहूदा"
    },
    "verse": {
      "english": "Woe unto them! for they have gone in the way of Cain, and ran greedily after the error of Balaam for reward, and perished in the gainsaying of Core.",
      "hindi": "उन पर हाय! कि वे कैन की सी चाल चले, और मजदूरी के लिये बिलाम की नाईं भ्रष्ट हो गए हैं: और कोरह की नाईं विरोध करके नाश हुए हैं।"
    },
    "verse_number": 11
  },
  {
    "verse_count": "6501012",
    "book_number": "65",
    "chapter_number": "1",
    "book_name": {
      "english": "JUDE",
      "hindi": "यहूदा"
    },
    "verse": {
      "english": "These are spots in your feasts of charity, when they feast with you, feeding themselves without fear: clouds they are without water, carried about of winds; trees whose fruit withereth, without fruit, twice dead, plucked up by the roots;",
      "hindi": "यह तुम्हारी प्रेम सभाओं में तुम्हारे साथ खाते-पीते, समुद्र में छिपी हुई चट्टान सरीखे हैं, और बेधड़क अपना ही पेट भरने वाले रखवाले हैं; वे निर्जल बादल हैं; जिन्हें हवा उड़ा ले जाती है; पतझड़ के निष्फल पेड़ हैं, जो दो बार मर चुके हैं; और जड़ से उखड़ गए हैं।"
    },
    "verse_number": 12
  },
  {
    "verse_count": "6501013",
    "book_number": "65",
    "chapter_number": "1",
    "book_name": {
      "english": "JUDE",
      "hindi": "यहूदा"
    },
    "verse": {
      "english": "Raging waves of the sea, foaming out their own shame; wandering stars, to whom is reserved the blackness of darkness for ever.",
      "hindi": "ये समुद्र के प्रचण्ड हिलकोरे हैं, जो अपनी लज्ज़ा का फेन उछालते हैं: ये डांवाडोल तारे हैं, जिन के लिये सदा काल तक घोर अन्धकार रखा गया है।"
    },
    "verse_number": 13
  },
  {
    "verse_count": "6501014",
    "book_number": "65",
    "chapter_number": "1",
    "book_name": {
      "english": "JUDE",
      "hindi": "यहूदा"
    },
    "verse": {
      "english": "And Enoch also, the seventh from Adam, prophesied of these, saying, Behold, the Lord cometh with ten thousands of his saints,",
      "hindi": "और हनोक ने भी जो आदम से सातवीं पीढ़ी में था, इन के विषय में यह भविष्यद्ववाणी की, कि देखो, प्रभु अपने लाखों पवित्रों के साथ आया।"
    },
    "verse_number": 14
  },
  {
    "verse_count": "6501015",
    "book_number": "65",
    "chapter_number": "1",
    "book_name": {
      "english": "JUDE",
      "hindi": "यहूदा"
    },
    "verse": {
      "english": "To execute judgment upon all, and to convince all that are ungodly among them of all their ungodly deeds which they have ungodly committed, and of all their hard speeches which ungodly sinners have spoken against him.",
      "hindi": "कि सब का न्याय करे, और सब भक्तिहीनों को उन के अभक्ति के सब कामों के विषय में, जो उन्होंने भक्तिहीन होकर किये हैं, और उन सब कठोर बातों के विषय में जो भक्तिहीन पापियों ने उसके विरोध में कही हैं, दोषी ठहराए।"
    },
    "verse_number": 15
  },
  {
    "verse_count": "6501016",
    "book_number": "65",
    "chapter_number": "1",
    "book_name": {
      "english": "JUDE",
      "hindi": "यहूदा"
    },
    "verse": {
      "english": "These are murmurers, complainers, walking after their own lusts; and their mouth speaketh great swelling words, having men's persons in admiration because of advantage.",
      "hindi": "ये तो असंतुष्ट, कुड़कुड़ाने वाले, और अपने अभिलाषाओं के अनुसार चलने वाले हैं; और अपने मुंह से घमण्ड की बातें बोलते हैं; और वे लाभ के लिये मुंह देखी बड़ाई किया करते हैं॥"
    },
    "verse_number": 16
  },
  {
    "verse_count": "6501017",
    "book_number": "65",
    "chapter_number": "1",
    "book_name": {
      "english": "JUDE",
      "hindi": "यहूदा"
    },
    "verse": {
      "english": "But, beloved, remember ye the words which were spoken before of the apostles of our Lord Jesus Christ;",
      "hindi": "पर हे प्रियों, तुम उन बातों को स्मरण रखो; जो हमारे प्रभु यीशु मसीह के प्रेरित पहिले कह चुके हैं।"
    },
    "verse_number": 17
  },
  {
    "verse_count": "6501018",
    "book_number": "65",
    "chapter_number": "1",
    "book_name": {
      "english": "JUDE",
      "hindi": "यहूदा"
    },
    "verse": {
      "english": "How that they told you there should be mockers in the last time, who should walk after their own ungodly lusts.",
      "hindi": "वे तुम से कहा करते थे, कि पिछले दिनों में ऐसे ठट्ठा करने वाले होंगे, जो अपनी अभक्ति के अभिलाषाओं के अनुसार चलेंगे।"
    },
    "verse_number": 18
  },
  {
    "verse_count": "6501019",
    "book_number": "65",
    "chapter_number": "1",
    "book_name": {
      "english": "JUDE",
      "hindi": "यहूदा"
    },
    "verse": {
      "english": "These be they who separate themselves, sensual, having not the Spirit.",
      "hindi": "ये तो वे हैं, जो फूट डालते हैं; ये शारीरिक लोग हैं, जिन में आत्मा नहीं।"
    },
    "verse_number": 19
  },
  {
    "verse_count": "6501020",
    "book_number": "65",
    "chapter_number": "1",
    "book_name": {
      "english": "JUDE",
      "hindi": "यहूदा"
    },
    "verse": {
      "english": "But ye, beloved, building up yourselves on your most holy faith, praying in the Holy Ghost,",
      "hindi": "पर हे प्रियोंतुम अपने अति पवित्र विश्वास में अपनी उन्नति करते हुए और पवित्र आत्मा में प्रार्थना करते हुए।"
    },
    "verse_number": 20
  },
  {
    "verse_count": "6501021",
    "book_number": "65",
    "chapter_number": "1",
    "book_name": {
      "english": "JUDE",
      "hindi": "यहूदा"
    },
    "verse": {
      "english": "Keep yourselves in the love of God, looking for the mercy of our Lord Jesus Christ unto eternal life.",
      "hindi": "अपने आप को परमेश्वर के प्रेम में बनाए रखो; और अनन्त जीवन के लिये हमारे प्रभु यीशु मसीह की दया की आशा देखते रहो।"
    },
    "verse_number": 21
  },
  {
    "verse_count": "6501022",
    "book_number": "65",
    "chapter_number": "1",
    "book_name": {
      "english": "JUDE",
      "hindi": "यहूदा"
    },
    "verse": {
      "english": "And of some have compassion, making a difference:",
      "hindi": "और उन पर जो शंका में हैं दया करो।"
    },
    "verse_number": 22
  },
  {
    "verse_count": "6501023",
    "book_number": "65",
    "chapter_number": "1",
    "book_name": {
      "english": "JUDE",
      "hindi": "यहूदा"
    },
    "verse": {
      "english": "And others save with fear, pulling them out of the fire; hating even the garment spotted by the flesh.",
      "hindi": "और बहुतों को आग में से झपट कर निकालो, और बहुतों पर भय के साथ दया करो; वरन उस वस्त्र से भी घृणा करो जो शरीर के द्वारा कलंकित हो गया है॥"
    },
    "verse_number": 23
  },
  {
    "verse_count": "6501024",
    "book_number": "65",
    "chapter_number": "1",
    "book_name": {
      "english": "JUDE",
      "hindi": "यहूदा"
    },
    "verse": {
      "english": "Now unto him that is able to keep you from falling, and to present you faultless before the presence of his glory with exceeding joy,",
      "hindi": "अब जो तुम्हें ठोकर खाने से बचा सकता है, और अपनी महिमा की भरपूरी के साम्हने मगन और निर्दोष करके खड़ा कर सकता है।"
    },
    "verse_number": 24
  },
  {
    "verse_count": "6501025",
    "book_number": "65",
    "chapter_number": "1",
    "book_name": {
      "english": "JUDE",
      "hindi": "यहूदा"
    },
    "verse": {
      "english": "To the only wise God our Saviour, be glory and majesty, dominion and power, both now and ever. Amen.",
      "hindi": "उस अद्वैत परमेश्वर हमारे उद्धारकर्ता की महिमा, और गौरव, और पराक्रम, और अधिकार, हमारे प्रभु यीशु मसीह के द्वारा जैसा सनातन काल से है, अब भी हो और युगानुयुग रहे। आमीन॥"
    },
    "verse_number": 25
  }
]