[
  {
    "verse_count": "530101",
    "book_number": "53",
    "chapter_number": "1",
    "book_name": {
      "english": "2 THESSALONIANS",
      "hindi": "2 थिस्सलुनीकियों"
    },
    "verse": {
      "english": "Paul, and Silvanus, and Timotheus, unto the church of the Thessalonians in God our Father and the Lord Jesus Christ:",
      "hindi": "पौलुस और सिलवानुस और तीमुथियुस की ओर से थिस्सलुनीकियों की कलीसिया के नाम, जो हमारे पिता परमेश्वर और प्रभु यीशु मसीह में है॥"
    },
    "verse_number": 1
  },
  {
    "verse_count": "530102",
    "book_number": "53",
    "chapter_number": "1",
    "book_name": {
      "english": "2 THESSALONIANS",
      "hindi": "2 थिस्सलुनीकियों"
    },
    "verse": {
      "english": "Grace unto you, and peace, from God our Father and the Lord Jesus Christ.",
      "hindi": "हमारे पिता परमेश्वर और प्रभु यीशु मसीह से तुम्हें अनुग्रह और शान्ति मिलती रहे॥"
    },
    "verse_number": 2
  },
  {
    "verse_count": "530103",
    "book_number": "53",
    "chapter_number": "1",
    "book_name": {
      "english": "2 THESSALONIANS",
      "hindi": "2 थिस्सलुनीकियों"
    },
    "verse": {
      "english": "We are bound to thank God always for you, brethren, as it is meet, because that your faith groweth exceedingly, and the charity of every one of you all toward each other aboundeth;",
      "hindi": "हे भाइयो, तुम्हारे विषय में हमें हर समय परमेश्वर का धन्यवाद करना चाहिए, और यह उचित भी है इसलिये कि तुम्हारा विश्वास बहुत बढ़ता जाता है, और तुम सब का प्रेम आपस में बहुत ही होता जाता है।"
    },
    "verse_number": 3
  },
  {
    "verse_count": "530104",
    "book_number": "53",
    "chapter_number": "1",
    "book_name": {
      "english": "2 THESSALONIANS",
      "hindi": "2 थिस्सलुनीकियों"
    },
    "verse": {
      "english": "So that we ourselves glory in you in the churches of God for your patience and faith in all your persecutions and tribulations that ye endure:",
      "hindi": "यहां तक कि हम आप परमेश्वर की कलीसिया में तुम्हारे विषय में घमण्ड करते हैं, कि जितने उपद्रव और क्लेश तुम सहते हो, उन सब में तुम्हारा धीरज और विश्वास प्रगट होता है।"
    },
    "verse_number": 4
  },
  {
    "verse_count": "530105",
    "book_number": "53",
    "chapter_number": "1",
    "book_name": {
      "english": "2 THESSALONIANS",
      "hindi": "2 थिस्सलुनीकियों"
    },
    "verse": {
      "english": "Which is a manifest token of the righteous judgment of God, that ye may be counted worthy of the kingdom of God, for which ye also suffer:",
      "hindi": "यह परमेश्वर के सच्चे न्याय का स्पष्ट प्रमाण है; कि तुम परमेश्वर के राज्य के योग्य ठहरो, जिस के लिये तुम दुख भी उठाते हो।"
    },
    "verse_number": 5
  },
  {
    "verse_count": "530106",
    "book_number": "53",
    "chapter_number": "1",
    "book_name": {
      "english": "2 THESSALONIANS",
      "hindi": "2 थिस्सलुनीकियों"
    },
    "verse": {
      "english": "Seeing it is a righteous thing with God to recompense tribulation to them that trouble you;",
      "hindi": "क्योंकि परमेश्वर के निकट यह न्याय है, कि जो तुम्हें क्लेश देते हैं, उन्हें बदले में क्लेश दे।"
    },
    "verse_number": 6
  },
  {
    "verse_count": "530107",
    "book_number": "53",
    "chapter_number": "1",
    "book_name": {
      "english": "2 THESSALONIANS",
      "hindi": "2 थिस्सलुनीकियों"
    },
    "verse": {
      "english": "And to you who are troubled rest with us, when the Lord Jesus shall be revealed from heaven with his mighty angels,",
      "hindi": "और तुम्हें जो क्लेश पाते हो, हमारे साथ चैन दे; उस समय जब कि प्रभु यीशु अपने सामर्थी दूतों के साथ, धधकती हुई आग में स्वर्ग से प्रगट होगा।"
    },
    "verse_number": 7
  },
  {
    "verse_count": "530108",
    "book_number": "53",
    "chapter_number": "1",
    "book_name": {
      "english": "2 THESSALONIANS",
      "hindi": "2 थिस्सलुनीकियों"
    },
    "verse": {
      "english": "In flaming fire taking vengeance on them that know not God, and that obey not the gospel of our Lord Jesus Christ:",
      "hindi": "और जो परमेश्वर को नहीं पहचानते, और हमारे प्रभु यीशु के सुसमाचार को नहीं मानते उन से पलटा लेगा।"
    },
    "verse_number": 8
  },
  {
    "verse_count": "530109",
    "book_number": "53",
    "chapter_number": "1",
    "book_name": {
      "english": "2 THESSALONIANS",
      "hindi": "2 थिस्सलुनीकियों"
    },
    "verse": {
      "english": "Who shall be punished with everlasting destruction from the presence of the Lord, and from the glory of his power;",
      "hindi": "वे प्रभु के साम्हने से, और उसकी शक्ति के तेज से दूर होकर अनन्त विनाश का दण्ड पाएंगे।"
    },
    "verse_number": 9
  },
  {
    "verse_count": "5301010",
    "book_number": "53",
    "chapter_number": "1",
    "book_name": {
      "english": "2 THESSALONIANS",
      "hindi": "2 थिस्सलुनीकियों"
    },
    "verse": {
      "english": "When he shall come to be glorified in his saints, and to be admired in all them that believe (because our testimony among you was believed) in that day.",
      "hindi": "यह उस दिन होगा, जब वह अपने पवित्र लोगों में महिमा पाने, और सब विश्वास करने वालों में आश्चर्य का कारण होने को आएगा; क्योंकि तुम ने हमारी गवाही की प्रतीति की।"
    },
    "verse_number": 10
  },
  {
    "verse_count": "5301011",
    "book_number": "53",
    "chapter_number": "1",
    "book_name": {
      "english": "2 THESSALONIANS",
      "hindi": "2 थिस्सलुनीकियों"
    },
    "verse": {
      "english": "Wherefore also we pray always for you, that our God would count you worthy of this calling, and fulfil all the good pleasure of his goodness, and the work of faith with power:",
      "hindi": "इसी लिये हम सदा तुम्हारे निमित्त प्रार्थना भी करते हैं, कि हमारा परमेश्वर तुम्हें इस बुलाहट के योग्य समझे, और भलाई की हर एक इच्छा, और विश्वास के हर एक काम को सामर्थ सहित पूरा करे।"
    },
    "verse_number": 11
  },
  {
    "verse_count": "5301012",
    "book_number": "53",
    "chapter_number": "1",
    "book_name": {
      "english": "2 THESSALONIANS",
      "hindi": "2 थिस्सलुनीकियों"
    },
    "verse": {
      "english": "That the name of our Lord Jesus Christ may be glorified in you, and ye in him, according to the grace of our God and the Lord Jesus Christ.",
      "hindi": "कि हमारे परमेश्वर और प्रभु यीशु मसीह के अनुग्रह के अनुसार हमारे प्रभु यीशु का नाम तुम में महिमा पाए, और तुम उस में॥"
    },
    "verse_number": 12
  },
  {
    "verse_count": "530201",
    "book_number": "53",
    "chapter_number": "2",
    "book_name": {
      "english": "2 THESSALONIANS",
      "hindi": "2 थिस्सलुनीकियों"
    },
    "verse": {
      "english": "Now we beseech you, brethren, by the coming of our Lord Jesus Christ, and by our gathering together unto him,",
      "hindi": "हेभाइयों, अब हम अपने प्रभु यीशु मसीह के आने, और उसके पास अपने इकट्ठे होने के विषय में तुम से बिनती करते हैं।"
    },
    "verse_number": 1
  },
  {
    "verse_count": "530202",
    "book_number": "53",
    "chapter_number": "2",
    "book_name": {
      "english": "2 THESSALONIANS",
      "hindi": "2 थिस्सलुनीकियों"
    },
    "verse": {
      "english": "That ye be not soon shaken in mind, or be troubled, neither by spirit, nor by word, nor by letter as from us, as that the day of Christ is at hand.",
      "hindi": "कि किसी आत्मा, या वचन, या पत्री के द्वारा जो कि मानों हमारी ओर से हो, यह समझ कर कि प्रभु का दिन आ पहुंचा है, तुम्हारा मन अचानक अस्थिर न हो जाए; और न तुम घबराओ।"
    },
    "verse_number": 2
  },
  {
    "verse_count": "530203",
    "book_number": "53",
    "chapter_number": "2",
    "book_name": {
      "english": "2 THESSALONIANS",
      "hindi": "2 थिस्सलुनीकियों"
    },
    "verse": {
      "english": "Let no man deceive you by any means: for that day shall not come, except there come a falling away first, and that man of sin be revealed, the son of perdition;",
      "hindi": "किसी रीति से किसी के धोखे में न आना क्योंकि वह दिन न आएगा, जब तक धर्म का त्याग न हो ले, और वह पाप का पुरूष अर्थात विनाश का पुत्र प्रगट न हो।"
    },
    "verse_number": 3
  },
  {
    "verse_count": "530204",
    "book_number": "53",
    "chapter_number": "2",
    "book_name": {
      "english": "2 THESSALONIANS",
      "hindi": "2 थिस्सलुनीकियों"
    },
    "verse": {
      "english": "Who opposeth and exalteth himself above all that is called God, or that is worshipped; so that he as God sitteth in the temple of God, shewing himself that he is God.",
      "hindi": "जो विरोध करता है, और हर एक से जो परमेश्वर, या पूज्य कहलाता है, अपने आप को बड़ा ठहराता है, यहां तक कि वह परमेश्वर के मन्दिर में बैठकर अपने आप को परमेश्वर प्रगट करता है।"
    },
    "verse_number": 4
  },
  {
    "verse_count": "530205",
    "book_number": "53",
    "chapter_number": "2",
    "book_name": {
      "english": "2 THESSALONIANS",
      "hindi": "2 थिस्सलुनीकियों"
    },
    "verse": {
      "english": "Remember ye not, that, when I was yet with you, I told you these things?",
      "hindi": "क्या तुम्हें स्मरण नहीं, कि जब मैं तुम्हारे यहां था, तो तुम से ये बातें कहा करता था?"
    },
    "verse_number": 5
  },
  {
    "verse_count": "530206",
    "book_number": "53",
    "chapter_number": "2",
    "book_name": {
      "english": "2 THESSALONIANS",
      "hindi": "2 थिस्सलुनीकियों"
    },
    "verse": {
      "english": "And now ye know what withholdeth that he might be revealed in his time.",
      "hindi": "और अब तुम उस वस्तु को जानते हो, जो उसे रोक रही है, कि वह अपने ही समय में प्रगट हो।"
    },
    "verse_number": 6
  },
  {
    "verse_count": "530207",
    "book_number": "53",
    "chapter_number": "2",
    "book_name": {
      "english": "2 THESSALONIANS",
      "hindi": "2 थिस्सलुनीकियों"
    },
    "verse": {
      "english": "For the mystery of iniquity doth already work: only he who now letteth will let, until he be taken out of the way.",
      "hindi": "क्योंकि अधर्म का भेद अब भी कार्य करता जाता है, पर अभी एक रोकने वाला है, और जब तक वह दूर न हो जाए, वह रोके रहेगा।"
    },
    "verse_number": 7
  },
  {
    "verse_count": "530208",
    "book_number": "53",
    "chapter_number": "2",
    "book_name": {
      "english": "2 THESSALONIANS",
      "hindi": "2 थिस्सलुनीकियों"
    },
    "verse": {
      "english": "And then shall that Wicked be revealed, whom the Lord shall consume with the spirit of his mouth, and shall destroy with the brightness of his coming:",
      "hindi": "तब वह अधर्मी प्रगट होगा, जिसे प्रभु यीशु अपने मुंह की फूंक से मार डालेगा, और अपने आगमन के तेज से भस्म करेगा।"
    },
    "verse_number": 8
  },
  {
    "verse_count": "530209",
    "book_number": "53",
    "chapter_number": "2",
    "book_name": {
      "english": "2 THESSALONIANS",
      "hindi": "2 थिस्सलुनीकियों"
    },
    "verse": {
      "english": "Even him, whose coming is after the working of Satan with all power and signs and lying wonders,",
      "hindi": "उस अधर्मी का आना शैतान के कार्य के अनुसार सब प्रकार की झूठी सामर्थ, और चिन्ह, और अद्भुत काम के साथ।"
    },
    "verse_number": 9
  },
  {
    "verse_count": "5302010",
    "book_number": "53",
    "chapter_number": "2",
    "book_name": {
      "english": "2 THESSALONIANS",
      "hindi": "2 थिस्सलुनीकियों"
    },
    "verse": {
      "english": "And with all deceivableness of unrighteousness in them that perish; because they received not the love of the truth, that they might be saved.",
      "hindi": "और नाश होने वालों के लिये अधर्म के सब प्रकार के धोखे के साथ होगा; क्योंकि उन्होंने सत्य के प्रेम को ग्रहण नहीं किया जिस से उन का उद्धार होता।"
    },
    "verse_number": 10
  },
  {
    "verse_count": "5302011",
    "book_number": "53",
    "chapter_number": "2",
    "book_name": {
      "english": "2 THESSALONIANS",
      "hindi": "2 थिस्सलुनीकियों"
    },
    "verse": {
      "english": "And for this cause God shall send them strong delusion, that they should believe a lie:",
      "hindi": "और इसी कारण परमेश्वर उन में एक भटका देने वाली सामर्थ को भेजेगा ताकि वे झूठ की प्रतीति करें।"
    },
    "verse_number": 11
  },
  {
    "verse_count": "5302012",
    "book_number": "53",
    "chapter_number": "2",
    "book_name": {
      "english": "2 THESSALONIANS",
      "hindi": "2 थिस्सलुनीकियों"
    },
    "verse": {
      "english": "That they all might be damned who believed not the truth, but had pleasure in unrighteousness.",
      "hindi": "और जितने लोग सत्य की प्रतीति नहीं करते, वरन अधर्म से प्रसन्न होते हैं, सब दण्ड पाएं॥"
    },
    "verse_number": 12
  },
  {
    "verse_count": "5302013",
    "book_number": "53",
    "chapter_number": "2",
    "book_name": {
      "english": "2 THESSALONIANS",
      "hindi": "2 थिस्सलुनीकियों"
    },
    "verse": {
      "english": "But we are bound to give thanks alway to God for you, brethren beloved of the Lord, because God hath from the beginning chosen you to salvation through sanctification of the Spirit and belief of the truth:",
      "hindi": "पर हे भाइयो, और प्रभु के प्रिय लोगो चाहिये कि हम तुम्हारे विषय में सदा परमेश्वर का धन्यवाद करते रहें, कि परमेश्वर ने आदि से तुम्हें चुन लिया; कि आत्मा के द्वारा पवित्र बन कर, और सत्य की प्रतीति करके उद्धार पाओ।"
    },
    "verse_number": 13
  },
  {
    "verse_count": "5302014",
    "book_number": "53",
    "chapter_number": "2",
    "book_name": {
      "english": "2 THESSALONIANS",
      "hindi": "2 थिस्सलुनीकियों"
    },
    "verse": {
      "english": "Whereunto he called you by our gospel, to the obtaining of the glory of our Lord Jesus Christ.",
      "hindi": "जिस के लिये उस ने तुम्हें हमारे सुसमाचार के द्वारा बुलाया, कि तुम हमारे प्रभु यीशु मसीह की महिमा को प्राप्त करो।"
    },
    "verse_number": 14
  },
  {
    "verse_count": "5302015",
    "book_number": "53",
    "chapter_number": "2",
    "book_name": {
      "english": "2 THESSALONIANS",
      "hindi": "2 थिस्सलुनीकियों"
    },
    "verse": {
      "english": "Therefore, brethren, stand fast, and hold the traditions which ye have been taught, whether by word, or our epistle.",
      "hindi": "इसलिये, हे भाइयों, स्थिर रहो; और जो जो बातें तुम ने क्या वचन, क्या पत्री के द्वारा हम से सीखी है, उन्हें थामे रहो॥"
    },
    "verse_number": 15
  },
  {
    "verse_count": "5302016",
    "book_number": "53",
    "chapter_number": "2",
    "book_name": {
      "english": "2 THESSALONIANS",
      "hindi": "2 थिस्सलुनीकियों"
    },
    "verse": {
      "english": "Now our Lord Jesus Christ himself, and God, even our Father, which hath loved us, and hath given us everlasting consolation and good hope through grace,",
      "hindi": "हमारा प्रभु यीशु मसीह आप ही, और हमारा पिता परमेश्वर जिस ने हम से प्रेम रखा, और अनुग्रह से अनन्त शान्ति और उत्तम आशा दी है।"
    },
    "verse_number": 16
  },
  {
    "verse_count": "5302017",
    "book_number": "53",
    "chapter_number": "2",
    "book_name": {
      "english": "2 THESSALONIANS",
      "hindi": "2 थिस्सलुनीकियों"
    },
    "verse": {
      "english": "Comfort your hearts, and stablish you in every good word and work.",
      "hindi": "तुम्हारे मनों में शान्ति दे, और तुम्हें हर एक अच्छे काम, और वचन में दृढ़ करे॥"
    },
    "verse_number": 17
  },
  {
    "verse_count": "530301",
    "book_number": "53",
    "chapter_number": "3",
    "book_name": {
      "english": "2 THESSALONIANS",
      "hindi": "2 थिस्सलुनीकियों"
    },
    "verse": {
      "english": "Finally, brethren, pray for us, that the word of the Lord may have free course, and be glorified, even as it is with you:",
      "hindi": "निदान, हे भाइयो, हमारे लिये प्रार्थना किया करो, कि प्रभु का वचन ऐसा शीघ्र फैले, और महिमा पाए, जैसा तुम में हुआ।"
    },
    "verse_number": 1
  },
  {
    "verse_count": "530302",
    "book_number": "53",
    "chapter_number": "3",
    "book_name": {
      "english": "2 THESSALONIANS",
      "hindi": "2 थिस्सलुनीकियों"
    },
    "verse": {
      "english": "And that we may be delivered from unreasonable and wicked men: for all men have not faith.",
      "hindi": "और हम टेढ़े और दुष्ट मनुष्यों से बचे रहें क्योंकि हर एक में विश्वास नहीं॥"
    },
    "verse_number": 2
  },
  {
    "verse_count": "530303",
    "book_number": "53",
    "chapter_number": "3",
    "book_name": {
      "english": "2 THESSALONIANS",
      "hindi": "2 थिस्सलुनीकियों"
    },
    "verse": {
      "english": "But the Lord is faithful, who shall stablish you, and keep you from evil.",
      "hindi": "परन्तु प्रभु सच्चा है; वह तुम्हें दृढ़ता से स्थिर करेगा: और उस दुष्ट से सुरक्षित रखेगा।"
    },
    "verse_number": 3
  },
  {
    "verse_count": "530304",
    "book_number": "53",
    "chapter_number": "3",
    "book_name": {
      "english": "2 THESSALONIANS",
      "hindi": "2 थिस्सलुनीकियों"
    },
    "verse": {
      "english": "And we have confidence in the Lord touching you, that ye both do and will do the things which we command you.",
      "hindi": "और हमें प्रभु में तुम्हारे ऊपर भरोसा है, कि जो जो आज्ञा हम तुम्हें देते हैं, उन्हें तुम मानते हो, और मानते भी रहोगे।"
    },
    "verse_number": 4
  },
  {
    "verse_count": "530305",
    "book_number": "53",
    "chapter_number": "3",
    "book_name": {
      "english": "2 THESSALONIANS",
      "hindi": "2 थिस्सलुनीकियों"
    },
    "verse": {
      "english": "And the Lord direct your hearts into the love of God, and into the patient waiting for Christ.",
      "hindi": "परमेश्वर के प्रेम और मसीह के धीरज की ओर प्रभु तुम्हारे मन की अगुवाई करे॥"
    },
    "verse_number": 5
  },
  {
    "verse_count": "530306",
    "book_number": "53",
    "chapter_number": "3",
    "book_name": {
      "english": "2 THESSALONIANS",
      "hindi": "2 थिस्सलुनीकियों"
    },
    "verse": {
      "english": "Now we command you, brethren, in the name of our Lord Jesus Christ, that ye withdraw yourselves from every brother that walketh disorderly, and not after the tradition which he received of us.",
      "hindi": "हे भाइयों, हम तुम्हें अपने प्रभु यीशु मसीह के नाम से आज्ञा देते हैं; कि हर एक ऐसे भाई से अलग रहो, जो अनुचित चाल चलता, और जो शिक्षा उस ने हम से पाई उसके अनुसार नहीं करता।"
    },
    "verse_number": 6
  },
  {
    "verse_count": "530307",
    "book_number": "53",
    "chapter_number": "3",
    "book_name": {
      "english": "2 THESSALONIANS",
      "hindi": "2 थिस्सलुनीकियों"
    },
    "verse": {
      "english": "For yourselves know how ye ought to follow us: for we behaved not ourselves disorderly among you;",
      "hindi": "क्योंकि तुम आप जानते हो, कि किस रीति से हमारी सी चाल चलनी चाहिए; क्योंकि हम तुम्हारे बीच में अनुचित चाल न चले।"
    },
    "verse_number": 7
  },
  {
    "verse_count": "530308",
    "book_number": "53",
    "chapter_number": "3",
    "book_name": {
      "english": "2 THESSALONIANS",
      "hindi": "2 थिस्सलुनीकियों"
    },
    "verse": {
      "english": "Neither did we eat any man's bread for nought; but wrought with labour and travail night and day, that we might not be chargeable to any of you:",
      "hindi": "और किसी की रोटी सेंत में न खाई; पर परिश्रम और कष्ट से रात दिन काम धन्धा करते थे, कि तुम में से किसी पर भार न हो।"
    },
    "verse_number": 8
  },
  {
    "verse_count": "530309",
    "book_number": "53",
    "chapter_number": "3",
    "book_name": {
      "english": "2 THESSALONIANS",
      "hindi": "2 थिस्सलुनीकियों"
    },
    "verse": {
      "english": "Not because we have not power, but to make ourselves an ensample unto you to follow us.",
      "hindi": "यह नहीं, कि हमें अधिकार नहीं; पर इसलिये कि अपने आप को तुम्हारे लिये आदर्श ठहराएं, कि तुम हमारी सी चाल चलो।"
    },
    "verse_number": 9
  },
  {
    "verse_count": "5303010",
    "book_number": "53",
    "chapter_number": "3",
    "book_name": {
      "english": "2 THESSALONIANS",
      "hindi": "2 थिस्सलुनीकियों"
    },
    "verse": {
      "english": "For even when we were with you, this we commanded you, that if any would not work, neither should he eat.",
      "hindi": "और जब हम तुम्हारे यहां थे, तब भी यह आज्ञा तुम्हें देते थे, कि यदि कोई काम करना न चाहे, तो खाने भी न पाए।"
    },
    "verse_number": 10
  },
  {
    "verse_count": "5303011",
    "book_number": "53",
    "chapter_number": "3",
    "book_name": {
      "english": "2 THESSALONIANS",
      "hindi": "2 थिस्सलुनीकियों"
    },
    "verse": {
      "english": "For we hear that there are some which walk among you disorderly, working not at all, but are busybodies.",
      "hindi": "हम सुनते हैं, कि कितने लोग तुम्हारे बीच में अनुचित चाल चलते हैं; और कुछ काम नहीं करते, पर औरों के काम में हाथ डाला करते हैं।"
    },
    "verse_number": 11
  },
  {
    "verse_count": "5303012",
    "book_number": "53",
    "chapter_number": "3",
    "book_name": {
      "english": "2 THESSALONIANS",
      "hindi": "2 थिस्सलुनीकियों"
    },
    "verse": {
      "english": "Now them that are such we command and exhort by our Lord Jesus Christ, that with quietness they work, and eat their own bread.",
      "hindi": "ऐसों को हम प्रभु यीशु मसीह में आज्ञा देते और समझाते हैं, कि चुपचाप काम करके अपनी ही रोटी खाया करें।"
    },
    "verse_number": 12
  },
  {
    "verse_count": "5303013",
    "book_number": "53",
    "chapter_number": "3",
    "book_name": {
      "english": "2 THESSALONIANS",
      "hindi": "2 थिस्सलुनीकियों"
    },
    "verse": {
      "english": "But ye, brethren, be not weary in well doing.",
      "hindi": "और तुम, हे भाइयो, भलाई करने में हियाव न छोड़ो।"
    },
    "verse_number": 13
  },
  {
    "verse_count": "5303014",
    "book_number": "53",
    "chapter_number": "3",
    "book_name": {
      "english": "2 THESSALONIANS",
      "hindi": "2 थिस्सलुनीकियों"
    },
    "verse": {
      "english": "And if any man obey not our word by this epistle, note that man, and have no company with him, that he may be ashamed.",
      "hindi": "यदि कोई हमारी इस पत्री की बात को न माने, तो उस पर दृष्टि रखो; और उस की संगति न करो, जिस से वह लज्ज़ित हो;"
    },
    "verse_number": 14
  },
  {
    "verse_count": "5303015",
    "book_number": "53",
    "chapter_number": "3",
    "book_name": {
      "english": "2 THESSALONIANS",
      "hindi": "2 थिस्सलुनीकियों"
    },
    "verse": {
      "english": "Yet count him not as an enemy, but admonish him as a brother.",
      "hindi": "तौभी उसे बैरी मत समझो पर भाई जानकर चिताओ॥"
    },
    "verse_number": 15
  },
  {
    "verse_count": "5303016",
    "book_number": "53",
    "chapter_number": "3",
    "book_name": {
      "english": "2 THESSALONIANS",
      "hindi": "2 थिस्सलुनीकियों"
    },
    "verse": {
      "english": "Now the Lord of peace himself give you peace always by all means. The Lord be with you all.",
      "hindi": "अब प्रभु जो शान्ति का सोता है आप ही तुम्हें सदा और हर प्रकार से शान्ति दे: प्रभु तुम सब के साथ रहे॥"
    },
    "verse_number": 16
  },
  {
    "verse_count": "5303017",
    "book_number": "53",
    "chapter_number": "3",
    "book_name": {
      "english": "2 THESSALONIANS",
      "hindi": "2 थिस्सलुनीकियों"
    },
    "verse": {
      "english": "The salutation of Paul with mine own hand, which is the token in every epistle: so I write.",
      "hindi": "मैं पौलुस अपने हाथ से नमस्कार लिखता हूं: हर पत्री में मेरा यही चिन्ह है: मैं इसी प्रकार से लिखता हूं।"
    },
    "verse_number": 17
  },
  {
    "verse_count": "5303018",
    "book_number": "53",
    "chapter_number": "3",
    "book_name": {
      "english": "2 THESSALONIANS",
      "hindi": "2 थिस्सलुनीकियों"
    },
    "verse": {
      "english": "The grace of our Lord Jesus Christ be with you all. Amen.",
      "hindi": "हमारे प्रभु यीशु मसीह का अनुग्रह तुम सब पर होता रहे॥"
    },
    "verse_number": 18
  }
]