[
  {
    "verse_count": "290101",
    "book_number": "29",
    "chapter_number": "1",
    "book_name": {
      "english": "JOEL",
      "hindi": "योएल"
    },
    "verse": {
      "english": "The word of the LORD that came to Joel the son of Pethuel.",
      "hindi": "यहोवा का वचन जो पतूएल के पुत्र योएल के पास पहुंचा, वह यह है:"
    },
    "verse_number": 1
  },
  {
    "verse_count": "290102",
    "book_number": "29",
    "chapter_number": "1",
    "book_name": {
      "english": "JOEL",
      "hindi": "योएल"
    },
    "verse": {
      "english": "Hear this, ye old men, and give ear, all ye inhabitants of the land. Hath this been in your days, or even in the days of your fathers?",
      "hindi": "हे पुरनियो, सुनो, हे देश के सब रहने वालो, कान लगा कर सुनो! क्या ऐसी बात तुम्हारे दिनों में, वा तुम्हारे पुरखाओं के दिनों में कभी हुई है?"
    },
    "verse_number": 2
  },
  {
    "verse_count": "290103",
    "book_number": "29",
    "chapter_number": "1",
    "book_name": {
      "english": "JOEL",
      "hindi": "योएल"
    },
    "verse": {
      "english": "Tell ye your children of it, and let your children tell their children, and their children another generation.",
      "hindi": "अपने लड़के-बालों से इसका वर्णन करो, और वे अपने लड़के-बालों से, और फिर उनके लड़के-बाले आने वाली पीढ़ी के लोगों से॥"
    },
    "verse_number": 3
  },
  {
    "verse_count": "290104",
    "book_number": "29",
    "chapter_number": "1",
    "book_name": {
      "english": "JOEL",
      "hindi": "योएल"
    },
    "verse": {
      "english": "That which the palmerworm hath left hath the locust eaten; and that which the locust hath left hath the cankerworm eaten; and that which the cankerworm hath left hath the caterpiller eaten.",
      "hindi": "जो कुछ गाजाम नाम टिड्डी से बचा; उसे अर्बे नाम टिड्डी ने खा लिया। और जो कुछ अर्बे नाम टिड्डी से बचा, उसे येलेक नाम टिड्डी ने खा लिया, और जो कुछ येलेक नाम टिड्डी से बचा, उसे हासील नाम टिड्डी ने खा लिया है।"
    },
    "verse_number": 4
  },
  {
    "verse_count": "290105",
    "book_number": "29",
    "chapter_number": "1",
    "book_name": {
      "english": "JOEL",
      "hindi": "योएल"
    },
    "verse": {
      "english": "Awake, ye drunkards, and weep; and howl, all ye drinkers of wine, because of the new wine; for it is cut off from your mouth.",
      "hindi": "हे मतवालो, जाग उठो, और रोओ; और हे सब दाखमधु पीने वालो, नये दाखमधु के कारण हाय, हाय, करो; क्योंकि वह तुम को अब न मिलेगा॥"
    },
    "verse_number": 5
  },
  {
    "verse_count": "290106",
    "book_number": "29",
    "chapter_number": "1",
    "book_name": {
      "english": "JOEL",
      "hindi": "योएल"
    },
    "verse": {
      "english": "For a nation is come up upon my land, strong, and without number, whose teeth are the teeth of a lion, and he hath the cheek teeth of a great lion.",
      "hindi": "देखो, मेरे देश पर एक जाति ने चढ़ाई की है, वह सामर्थी है, और उसके लोग अनगिनित हैं; उसके दांत सिंह के से, और डाढ़ें सिहनी की सी हैं।"
    },
    "verse_number": 6
  },
  {
    "verse_count": "290107",
    "book_number": "29",
    "chapter_number": "1",
    "book_name": {
      "english": "JOEL",
      "hindi": "योएल"
    },
    "verse": {
      "english": "He hath laid my vine waste, and barked my fig tree: he hath made it clean bare, and cast it away; the branches thereof are made white.",
      "hindi": "उसने मेरी दाखलता को उजाड़ दिया, और मेरे अंजीर के वृक्ष को तोड़ डाला है; उसने उसकी सब छाल छील कर उसे गिरा दिया है, और उसकी डालियां छिलने से सफेद हो गई हैं॥"
    },
    "verse_number": 7
  },
  {
    "verse_count": "290108",
    "book_number": "29",
    "chapter_number": "1",
    "book_name": {
      "english": "JOEL",
      "hindi": "योएल"
    },
    "verse": {
      "english": "Lament like a virgin girded with sackcloth for the husband of her youth.",
      "hindi": "जैसे युवती अपने पति के लिये कटि में टाट बान्धे हुए विलाप करती है, वैसे ही तुम भी विलाप करो।"
    },
    "verse_number": 8
  },
  {
    "verse_count": "290109",
    "book_number": "29",
    "chapter_number": "1",
    "book_name": {
      "english": "JOEL",
      "hindi": "योएल"
    },
    "verse": {
      "english": "The meat offering and the drink offering is cut off from the house of the LORD; the priests, the LORD's ministers, mourn.",
      "hindi": "यहोवा के भवन में न तो अन्नबलि और न अर्घ आता है। उसके टहलुए जो याजक हैं, वे विलाप कर रहे हैं।"
    },
    "verse_number": 9
  },
  {
    "verse_count": "2901010",
    "book_number": "29",
    "chapter_number": "1",
    "book_name": {
      "english": "JOEL",
      "hindi": "योएल"
    },
    "verse": {
      "english": "The field is wasted, the land mourneth; for the corn is wasted: the new wine is dried up, the oil languisheth.",
      "hindi": "खेती मारी गई, भूमि विलाप करती है; क्योंकि अन्न नाश हो गया, नया दाखमधु सूख गया, तेल भी सूख गया है॥"
    },
    "verse_number": 10
  },
  {
    "verse_count": "2901011",
    "book_number": "29",
    "chapter_number": "1",
    "book_name": {
      "english": "JOEL",
      "hindi": "योएल"
    },
    "verse": {
      "english": "Be ye ashamed, O ye husbandmen; howl, O ye vinedressers, for the wheat and for the barley; because the harvest of the field is perished.",
      "hindi": "हे किसानो, लज्जित हो, हे दाख की बारी के मालियों, गेहूं और जव के लिये हाय, हाय करो; क्योंकि खेती मारी गई है।"
    },
    "verse_number": 11
  },
  {
    "verse_count": "2901012",
    "book_number": "29",
    "chapter_number": "1",
    "book_name": {
      "english": "JOEL",
      "hindi": "योएल"
    },
    "verse": {
      "english": "The vine is dried up, and the fig tree languisheth; the pomegranate tree, the palm tree also, and the apple tree, even all the trees of the field, are withered: because joy is withered away from the sons of men.",
      "hindi": "दाखलता सूख गई, और अंजीर का वृक्ष कुम्हला गया है। अनार, ताड़, सेव, वरन मैदान के सब वृक्ष सूख गए हैं; और मनुष्यों का हर्ष जाता रहा है॥"
    },
    "verse_number": 12
  },
  {
    "verse_count": "2901013",
    "book_number": "29",
    "chapter_number": "1",
    "book_name": {
      "english": "JOEL",
      "hindi": "योएल"
    },
    "verse": {
      "english": "Gird yourselves, and lament, ye priests: howl, ye ministers of the altar: come, lie all night in sackcloth, ye ministers of my God: for the meat offering and the drink offering is withholden from the house of your God.",
      "hindi": "हे याजको, कटि में टाट बान्ध कर छाती पीट-पीट के रोओ! हे वेदी के टहलुओ, हाय, हाय, करो। हे मेरे परमेश्वर के टहलुओ, आओ, टाट ओढ़े हुए रात बिताओ! क्योंकि तुम्हारे परमेश्वर के भवन में अन्नबलि और अर्घ अब नहीं आते॥"
    },
    "verse_number": 13
  },
  {
    "verse_count": "2901014",
    "book_number": "29",
    "chapter_number": "1",
    "book_name": {
      "english": "JOEL",
      "hindi": "योएल"
    },
    "verse": {
      "english": "Sanctify ye a fast, call a solemn assembly, gather the elders and all the inhabitants of the land into the house of the LORD your God, and cry unto the LORD.",
      "hindi": "उपवास का दिन ठहराओ, महासभा का प्रचार करो। पुरनियों को, वरन देश के सब रहने वालों को भी अपने परमेश्वर यहोवा के भवन में इकट्ठे कर के उसकी दोहाई दो॥"
    },
    "verse_number": 14
  },
  {
    "verse_count": "2901015",
    "book_number": "29",
    "chapter_number": "1",
    "book_name": {
      "english": "JOEL",
      "hindi": "योएल"
    },
    "verse": {
      "english": "Alas for the day! for the day of the LORD is at hand, and as a destruction from the Almighty shall it come.",
      "hindi": "उस दिन के कारण हाय! क्योंकि यहोवा का दिन निकट है। वह सर्वशक्तिमान की ओर से सत्यानाश का दिन हो कर आएगा।"
    },
    "verse_number": 15
  },
  {
    "verse_count": "2901016",
    "book_number": "29",
    "chapter_number": "1",
    "book_name": {
      "english": "JOEL",
      "hindi": "योएल"
    },
    "verse": {
      "english": "Is not the meat cut off before our eyes, yea, joy and gladness from the house of our God?",
      "hindi": "क्या भोजन वस्तुएं हमारे देखते नाश नहीं हुईं? क्या हमारे परमेश्वर के भवन का आनन्द और मगन जाता नहीं रहा?"
    },
    "verse_number": 16
  },
  {
    "verse_count": "2901017",
    "book_number": "29",
    "chapter_number": "1",
    "book_name": {
      "english": "JOEL",
      "hindi": "योएल"
    },
    "verse": {
      "english": "The seed is rotten under their clods, the garners are laid desolate, the barns are broken down; for the corn is withered.",
      "hindi": "बीज ढेलों के नीचे झुलस गए, भण्डार सूने पड़े हैं; खत्ते गिर पड़े हैं, क्योंकि खेती मारी गई।"
    },
    "verse_number": 17
  },
  {
    "verse_count": "2901018",
    "book_number": "29",
    "chapter_number": "1",
    "book_name": {
      "english": "JOEL",
      "hindi": "योएल"
    },
    "verse": {
      "english": "How do the beasts groan! the herds of cattle are perplexed, because they have no pasture; yea, the flocks of sheep are made desolate.",
      "hindi": "पशु कैसे कराहते हैं? झुण्ड के झुण्ड गाय-बैल विकल हैं, क्योंकि उनके लिये चराई नहीं रही; और झुण्ड के झुण्ड भेड़-बकरियां पाप का फल भोग रही हैं॥"
    },
    "verse_number": 18
  },
  {
    "verse_count": "2901019",
    "book_number": "29",
    "chapter_number": "1",
    "book_name": {
      "english": "JOEL",
      "hindi": "योएल"
    },
    "verse": {
      "english": "O LORD, to thee will I cry: for the fire hath devoured the pastures of the wilderness, and the flame hath burned all the trees of the field.",
      "hindi": "हे यहोवा, मैं तेरी दोहाई देता हूं, क्योंकि जंगल की चराइयां आग का कौर हो गईं, और मैदान के सब वृक्ष ज्वाला से जल गए।"
    },
    "verse_number": 19
  },
  {
    "verse_count": "2901020",
    "book_number": "29",
    "chapter_number": "1",
    "book_name": {
      "english": "JOEL",
      "hindi": "योएल"
    },
    "verse": {
      "english": "The beasts of the field cry also unto thee: for the rivers of waters are dried up, and the fire hath devoured the pastures of the wilderness.",
      "hindi": "वन-पशु भी तेरे लिये हांफते हैं, क्योंकि जल के सोते सूख गए, और जंगल की चराइयां आग का कौर हो गईं॥"
    },
    "verse_number": 20
  },
  {
    "verse_count": "290201",
    "book_number": "29",
    "chapter_number": "2",
    "book_name": {
      "english": "JOEL",
      "hindi": "योएल"
    },
    "verse": {
      "english": "Blow ye the trumpet in Zion, and sound an alarm in my holy mountain: let all the inhabitants of the land tremble: for the day of the LORD cometh, for it is nigh at hand;",
      "hindi": "सिय्योन में नरसिंगा फूंको ; मेरे पवित्र पर्वत पर सांस बान्ध कर फूंको! देश के सब रहने वाले कांप उठें, क्योंकि यहोवा का दिन आता है, वरन वह निकट ही है।"
    },
    "verse_number": 1
  },
  {
    "verse_count": "290202",
    "book_number": "29",
    "chapter_number": "2",
    "book_name": {
      "english": "JOEL",
      "hindi": "योएल"
    },
    "verse": {
      "english": "A day of darkness and of gloominess, a day of clouds and of thick darkness, as the morning spread upon the mountains: a great people and a strong; there hath not been ever the like, neither shall be any more after it, even to the years of many generations.",
      "hindi": "वह अन्धकार और तिमिर का दिन है, वह बदली का दिन है और अन्धियारे का सा फैलता है। जैसे भोर का प्रकाश पहाड़ों पर फैलता है, वैसे ही एक बड़ी और सामर्थी जाति आएगी; प्राचीनकाल में वैसी कभी न हुई, और न उसके बाद भी फिर किसी पीढ़ी में होगी॥"
    },
    "verse_number": 2
  },
  {
    "verse_count": "290203",
    "book_number": "29",
    "chapter_number": "2",
    "book_name": {
      "english": "JOEL",
      "hindi": "योएल"
    },
    "verse": {
      "english": "A fire devoureth before them; and behind them a flame burneth: the land is as the garden of Eden before them, and behind them a desolate wilderness; yea, and nothing shall escape them.",
      "hindi": "उसके आगे आगे तो आग भस्म करती जाएगी, और उसके पीछे पीछे लौ जलती जाएगी। उसके आगे की भूमि तो एदेन की बारी के समान होगी, परन्तु उसके पीछे की भूमि उजाड़ मरूस्थल बन जाएगी, और उस से कुछ न बचेगा॥"
    },
    "verse_number": 3
  },
  {
    "verse_count": "290204",
    "book_number": "29",
    "chapter_number": "2",
    "book_name": {
      "english": "JOEL",
      "hindi": "योएल"
    },
    "verse": {
      "english": "The appearance of them is as the appearance of horses; and as horsemen, so shall they run.",
      "hindi": "उनका रूप घोड़ों का सा है, और वे सवारी के घोड़ों की नाईं दौड़ते हैं।"
    },
    "verse_number": 4
  },
  {
    "verse_count": "290205",
    "book_number": "29",
    "chapter_number": "2",
    "book_name": {
      "english": "JOEL",
      "hindi": "योएल"
    },
    "verse": {
      "english": "Like the noise of chariots on the tops of mountains shall they leap, like the noise of a flame of fire that devoureth the stubble, as a strong people set in battle array.",
      "hindi": "उनके कूदने का शब्द ऐसा होता है जैसा पहाड़ों की चोटियों पर रथों के चलने का, वा खूंटी भस्म करती हुई लौ का, था जैसे पांति बान्धे हुए बली योद्धाओं का शब्द होता है॥"
    },
    "verse_number": 5
  },
  {
    "verse_count": "290206",
    "book_number": "29",
    "chapter_number": "2",
    "book_name": {
      "english": "JOEL",
      "hindi": "योएल"
    },
    "verse": {
      "english": "Before their face the people shall be much pained: all faces shall gather blackness.",
      "hindi": "उनके सामने जाति जाति के लोग पीड़ित होते हैं, सब के मुख मलीन होते हैं।"
    },
    "verse_number": 6
  },
  {
    "verse_count": "290207",
    "book_number": "29",
    "chapter_number": "2",
    "book_name": {
      "english": "JOEL",
      "hindi": "योएल"
    },
    "verse": {
      "english": "They shall run like mighty men; they shall climb the wall like men of war; and they shall march every one on his ways, and they shall not break their ranks:",
      "hindi": "वे शूरवीरों की नाईं दौड़ते, और योद्धाओं की भांति शहरपनाह पर चढ़ते हैं वे अपने अपने मार्ग पर चलते हैं, और कोई अपनी पांति से अलग न चलेगा।"
    },
    "verse_number": 7
  },
  {
    "verse_count": "290208",
    "book_number": "29",
    "chapter_number": "2",
    "book_name": {
      "english": "JOEL",
      "hindi": "योएल"
    },
    "verse": {
      "english": "Neither shall one thrust another; they shall walk every one in his path: and when they fall upon the sword, they shall not be wounded.",
      "hindi": "वे एक दूसरे को धक्का नहीं लगाते, वे अपनी अपनी राह पर चलते हैं; शस्त्रों का साम्हना करने से भी उनकी पांति नहीं टूटती।"
    },
    "verse_number": 8
  },
  {
    "verse_count": "290209",
    "book_number": "29",
    "chapter_number": "2",
    "book_name": {
      "english": "JOEL",
      "hindi": "योएल"
    },
    "verse": {
      "english": "They shall run to and fro in the city; they shall run upon the wall, they shall climb up upon the houses; they shall enter in at the windows like a thief.",
      "hindi": "वे नगर में इधर-उधर दौड़ते, और शहरपनाह पर चढ़ते हैं; वे घरों में ऐसे घुसते हैं जैसे चोर खिड़कियों से घुसते हैं॥"
    },
    "verse_number": 9
  },
  {
    "verse_count": "2902010",
    "book_number": "29",
    "chapter_number": "2",
    "book_name": {
      "english": "JOEL",
      "hindi": "योएल"
    },
    "verse": {
      "english": "The earth shall quake before them; the heavens shall tremble: the sun and the moon shall be dark, and the stars shall withdraw their shining:",
      "hindi": "उनके आगे पृथ्वी कांप उठती है, और आकाश थरथराता है। सूर्य और चन्द्रमा काले हो जाते हैं, और तारे नहीं झलकते।"
    },
    "verse_number": 10
  },
  {
    "verse_count": "2902011",
    "book_number": "29",
    "chapter_number": "2",
    "book_name": {
      "english": "JOEL",
      "hindi": "योएल"
    },
    "verse": {
      "english": "And the LORD shall utter his voice before his army: for his camp is very great: for he is strong that executeth his word: for the day of the LORD is great and very terrible; and who can abide it?",
      "hindi": "यहोवा अपने उस दल के आगे अपना शब्द सुनाता है, क्योंकि उसकी सेना बहुत ही बड़ी है; जो अपना वचन पूरा करने वाला है, वह सामर्थी है। क्योंकि यहोवा का दिन बड़ा और अति भयानक है; उसको कौन सह सकेगा?"
    },
    "verse_number": 11
  },
  {
    "verse_count": "2902012",
    "book_number": "29",
    "chapter_number": "2",
    "book_name": {
      "english": "JOEL",
      "hindi": "योएल"
    },
    "verse": {
      "english": "Therefore also now, saith the LORD, turn ye even to me with all your heart, and with fasting, and with weeping, and with mourning:",
      "hindi": "तौभी यहोवा की यह वाणी है, अभी भी सुनो, उपवास के साथ रोते-पीटते अपने पूरे मन से फिरकर मेरे पास आओ।"
    },
    "verse_number": 12
  },
  {
    "verse_count": "2902013",
    "book_number": "29",
    "chapter_number": "2",
    "book_name": {
      "english": "JOEL",
      "hindi": "योएल"
    },
    "verse": {
      "english": "And rend your heart, and not your garments, and turn unto the LORD your God: for he is gracious and merciful, slow to anger, and of great kindness, and repenteth him of the evil.",
      "hindi": "अपने वस्त्र नहीं, अपने मन ही को फाड़ कर अपने परमेश्वर यहोवा की ओर फिरो; क्योंकि वह अनुग्रहकारी, दयालु, विलम्ब से क्रोध करने वाला, करूणानिधान और दु:ख देकर पछतानेहारा है।"
    },
    "verse_number": 13
  },
  {
    "verse_count": "2902014",
    "book_number": "29",
    "chapter_number": "2",
    "book_name": {
      "english": "JOEL",
      "hindi": "योएल"
    },
    "verse": {
      "english": "Who knoweth if he will return and repent, and leave a blessing behind him; even a meat offering and a drink offering unto the LORD your God?",
      "hindi": "क्या जाने वह फिरकर पछताए और ऐसी आशीष दे जिस से तुम्हारे परमेश्वर यहोवा का अन्नबलि और अर्घ दिया जाए॥"
    },
    "verse_number": 14
  },
  {
    "verse_count": "2902015",
    "book_number": "29",
    "chapter_number": "2",
    "book_name": {
      "english": "JOEL",
      "hindi": "योएल"
    },
    "verse": {
      "english": "Blow the trumpet in Zion, sanctify a fast, call a solemn assembly:",
      "hindi": "सिय्योन में नरसिंगा फूको, उपवास का दिन ठहराओ, महासभा का प्रचार करो;"
    },
    "verse_number": 15
  },
  {
    "verse_count": "2902016",
    "book_number": "29",
    "chapter_number": "2",
    "book_name": {
      "english": "JOEL",
      "hindi": "योएल"
    },
    "verse": {
      "english": "Gather the people, sanctify the congregation, assemble the elders, gather the children, and those that suck the breasts: let the bridegroom go forth of his chamber, and the bride out of her closet.",
      "hindi": "लोगों को इकट्ठा करो। सभा को पवित्र करो; पुरनियों को बुला लो; बच्चों और दूधपीउवों को भी इकट्ठा करो। दुल्हा अपनी कोठरी से, और दुल्हिन भी अपने कमरे से निकल आएं॥"
    },
    "verse_number": 16
  },
  {
    "verse_count": "2902017",
    "book_number": "29",
    "chapter_number": "2",
    "book_name": {
      "english": "JOEL",
      "hindi": "योएल"
    },
    "verse": {
      "english": "Let the priests, the ministers of the LORD, weep between the porch and the altar, and let them say, Spare thy people, O LORD, and give not thine heritage to reproach, that the heathen should rule over them: wherefore should they say among the people, Where is their God?",
      "hindi": "याजक जो यहोवा के टहलुए हैं, वे आंगन और वेदी के बीच में रो रोकर कहें, हे यहोवा अपनी प्रजा पर तरस खा; और अपने निज भाग की नामधराई न होने दे; न अन्यजातियां उसकी उपमा देने पाएं। जाति जाति के लोग आपस में क्यां कहने पाएं, कि उनका परमेश्वर कहां रहा?"
    },
    "verse_number": 17
  },
  {
    "verse_count": "2902018",
    "book_number": "29",
    "chapter_number": "2",
    "book_name": {
      "english": "JOEL",
      "hindi": "योएल"
    },
    "verse": {
      "english": "Then will the LORD be jealous for his land, and pity his people.",
      "hindi": "तब यहोवा को अपने देश के विषय में जलन हुई, और उसने अपनी प्रजा पर तरस खाया।"
    },
    "verse_number": 18
  },
  {
    "verse_count": "2902019",
    "book_number": "29",
    "chapter_number": "2",
    "book_name": {
      "english": "JOEL",
      "hindi": "योएल"
    },
    "verse": {
      "english": "Yea, the LORD will answer and say unto his people, Behold, I will send you corn, and wine, and oil, and ye shall be satisfied therewith: and I will no more make you a reproach among the heathen:",
      "hindi": "यहोवा ने अपनी प्रजा के लोगों को उत्तर दिया, सुनो, मैं अन्न और नया दाखमधु और ताजा तेल तुम्हें देने पर हूं, और तुम उन्हें पाकर तृप्त होगे; और मैं भविष्य में अन्यजातियों से तुम्हारी नामधराई न होने दूंगा॥"
    },
    "verse_number": 19
  },
  {
    "verse_count": "2902020",
    "book_number": "29",
    "chapter_number": "2",
    "book_name": {
      "english": "JOEL",
      "hindi": "योएल"
    },
    "verse": {
      "english": "But I will remove far off from you the northern army, and will drive him into a land barren and desolate, with his face toward the east sea, and his hinder part toward the utmost sea, and his stink shall come up, and his ill savour shall come up, because he hath done great things.",
      "hindi": "मैं उत्तर की ओर से आई हुई सेना को तुम्हारे पास से दूर करूंगा, और उसे एक निर्जल और उजाड़ देश में निकाल दूंगा; उसका आगा तो पूरब के ताल की ओर और उसका पीछा पश्चिम के समुद्र की ओर होगा; उस से दुर्गन्ध उठेगी, और उसकी सड़ी गन्ध फैलेगी, क्योंकि उसने बहुत बुरे काम किए हैं॥"
    },
    "verse_number": 20
  },
  {
    "verse_count": "2902021",
    "book_number": "29",
    "chapter_number": "2",
    "book_name": {
      "english": "JOEL",
      "hindi": "योएल"
    },
    "verse": {
      "english": "Fear not, O land; be glad and rejoice: for the LORD will do great things.",
      "hindi": "हे देश, तू मत डर; तू मगन हो और आनन्द कर, क्योंकि यहोवा ने बड़े बड़े काम किए हैं!"
    },
    "verse_number": 21
  },
  {
    "verse_count": "2902022",
    "book_number": "29",
    "chapter_number": "2",
    "book_name": {
      "english": "JOEL",
      "hindi": "योएल"
    },
    "verse": {
      "english": "Be not afraid, ye beasts of the field: for the pastures of the wilderness do spring, for the tree beareth her fruit, the fig tree and the vine do yield their strength.",
      "hindi": "हे मैदान के पशुओं, मत डरो, क्योंकि जंगल में चराई उगेगी, और वृक्ष फलने लगेंगे; अंजीर का वृक्ष और दाखलता अपना अपना बल दिखाने लगेंगी।"
    },
    "verse_number": 22
  },
  {
    "verse_count": "2902023",
    "book_number": "29",
    "chapter_number": "2",
    "book_name": {
      "english": "JOEL",
      "hindi": "योएल"
    },
    "verse": {
      "english": "Be glad then, ye children of Zion, and rejoice in the LORD your God: for he hath given you the former rain moderately, and he will cause to come down for you the rain, the former rain, and the latter rain in the first month.",
      "hindi": "हे सिय्योनियों, तुम अपने परमेश्वर यहोवा के कारण मगन हो, और आनन्द करो; क्योंकि तुम्हारे लिये वह वर्षा, अर्थात बरसात की पहिली वर्षा बहुतायत से देगा; और पहिले के समान अगली और पिछली वर्षा को भी बरसाएगा॥"
    },
    "verse_number": 23
  },
  {
    "verse_count": "2902024",
    "book_number": "29",
    "chapter_number": "2",
    "book_name": {
      "english": "JOEL",
      "hindi": "योएल"
    },
    "verse": {
      "english": "And the floors shall be full of wheat, and the fats shall overflow with wine and oil.",
      "hindi": "तब खलिहान अन्न से भर जाएंगे, और रासकुण्ड नये दाखमधु और ताजे तेल से उमड़ेंगे।"
    },
    "verse_number": 24
  },
  {
    "verse_count": "2902025",
    "book_number": "29",
    "chapter_number": "2",
    "book_name": {
      "english": "JOEL",
      "hindi": "योएल"
    },
    "verse": {
      "english": "And I will restore to you the years that the locust hath eaten, the cankerworm, and the caterpiller, and the palmerworm, my great army which I sent among you.",
      "hindi": "और जिन वर्षों की उपज अर्बे नाम टिड्डियों, और येलेक, और हासील ने, और गाजाम नाम टिड्डियों ने, अर्थात मेरे बड़े दल ने जिस को मैं ने तुम्हारे बीच भेजा, खा ली थी, मैं उसकी हानि तुम को भर दूंगा॥"
    },
    "verse_number": 25
  },
  {
    "verse_count": "2902026",
    "book_number": "29",
    "chapter_number": "2",
    "book_name": {
      "english": "JOEL",
      "hindi": "योएल"
    },
    "verse": {
      "english": "And ye shall eat in plenty, and be satisfied, and praise the name of the LORD your God, that hath dealt wondrously with you: and my people shall never be ashamed.",
      "hindi": "तुम पेट भरकर खाओगे, और तृप्त होगे, और अपने परमेश्वर यहोवा के नाम की स्तुति करोगे, जिसने तुम्हारे लिये आश्चर्य के काम किए हैं। और मेरी प्रजा की आशा फिर कभी न टूटेगी।"
    },
    "verse_number": 26
  },
  {
    "verse_count": "2902027",
    "book_number": "29",
    "chapter_number": "2",
    "book_name": {
      "english": "JOEL",
      "hindi": "योएल"
    },
    "verse": {
      "english": "And ye shall know that I am in the midst of Israel, and that I am the LORD your God, and none else: and my people shall never be ashamed.",
      "hindi": "तब तुम जानोगे कि मैं इस्राएल के बीच में हूं, और मैं, यहोवा, तुम्हारा परमेश्वर हूं और कोई दूसरा नहीं है। और मेरी प्रजा की आशा फिर कभी न टूटेगी॥"
    },
    "verse_number": 27
  },
  {
    "verse_count": "2902028",
    "book_number": "29",
    "chapter_number": "2",
    "book_name": {
      "english": "JOEL",
      "hindi": "योएल"
    },
    "verse": {
      "english": "And it shall come to pass afterward, that I will pour out my spirit upon all flesh; and your sons and your daughters shall prophesy, your old men shall dream dreams, your young men shall see visions:",
      "hindi": "उन बातों के बाद मैं सब प्राणियों पर अपना आत्मा उण्डेलूंगा; तुम्हारे बेटे-बेटियां भविष्यद्वाणी करेंगी, और तुम्हारे पुरनिये स्वप्न देखेंगे, और तुम्हारे जवान दर्शन देखेंगे।"
    },
    "verse_number": 28
  },
  {
    "verse_count": "2902029",
    "book_number": "29",
    "chapter_number": "2",
    "book_name": {
      "english": "JOEL",
      "hindi": "योएल"
    },
    "verse": {
      "english": "And also upon the servants and upon the handmaids in those days will I pour out my spirit.",
      "hindi": "तुम्हारे दास और दासियों पर भी मैं उन दिनों में अपना आत्मा उण्डेलूंगा॥"
    },
    "verse_number": 29
  },
  {
    "verse_count": "2902030",
    "book_number": "29",
    "chapter_number": "2",
    "book_name": {
      "english": "JOEL",
      "hindi": "योएल"
    },
    "verse": {
      "english": "And I will shew wonders in the heavens and in the earth, blood, and fire, and pillars of smoke.",
      "hindi": "और मैं आकाश में और पृथ्वी पर चमत्कार, अर्थात लोहू और आग और धूएं के खम्भे दिखाऊंगा।"
    },
    "verse_number": 30
  },
  {
    "verse_count": "2902031",
    "book_number": "29",
    "chapter_number": "2",
    "book_name": {
      "english": "JOEL",
      "hindi": "योएल"
    },
    "verse": {
      "english": "The sun shall be turned into darkness, and the moon into blood, before the great and the terrible day of the LORD come.",
      "hindi": "यहोवा के उस बड़े और भयानक दिन के आने से पहिले सूर्य अन्धियारा होगा और चन्द्रमा रक्त सा हो जाएगा।"
    },
    "verse_number": 31
  },
  {
    "verse_count": "2902032",
    "book_number": "29",
    "chapter_number": "2",
    "book_name": {
      "english": "JOEL",
      "hindi": "योएल"
    },
    "verse": {
      "english": "And it shall come to pass, that whosoever shall call on the name of the LORD shall be delivered: for in mount Zion and in Jerusalem shall be deliverance, as the LORD hath said, and in the remnant whom the LORD shall call.",
      "hindi": "उस समय जो कोई यहोवा से प्रार्थना करेगा, वह छुटकारा पाएगा; और यहोवा के वचन के अनुसार सिय्योन पर्वत पर, और यरूशलेम में जिन बचे हुओं को यहोवा बुलाएगा, वे उद्धार पाएंगे॥"
    },
    "verse_number": 32
  },
  {
    "verse_count": "290301",
    "book_number": "29",
    "chapter_number": "3",
    "book_name": {
      "english": "JOEL",
      "hindi": "योएल"
    },
    "verse": {
      "english": "For, behold, in those days, and in that time, when I shall bring again the captivity of Judah and Jerusalem,",
      "hindi": "क्योंकि सुनो, जिन दिनों में और जिस समय मैं यहूदा और यरूशलेम वासियों को बंधुआई से लौटा ले आऊंगा,"
    },
    "verse_number": 1
  },
  {
    "verse_count": "290302",
    "book_number": "29",
    "chapter_number": "3",
    "book_name": {
      "english": "JOEL",
      "hindi": "योएल"
    },
    "verse": {
      "english": "I will also gather all nations, and will bring them down into the valley of Jehoshaphat, and will plead with them there for my people and for my heritage Israel, whom they have scattered among the nations, and parted my land.",
      "hindi": "उस समय मैं सब जातियों को इकट्ठी कर के यहोशपात की तराई में ले जाऊंगा, और वहां उनके साथ अपनी प्रजा अर्थात अपने निज भाग इस्राएल के विषय में जिसे उन्होंने अन्यजातियों में तितर-बितर कर के मेरे देश को बांट लिया है, उन से मुकद्दमा लडूंगा।"
    },
    "verse_number": 2
  },
  {
    "verse_count": "290303",
    "book_number": "29",
    "chapter_number": "3",
    "book_name": {
      "english": "JOEL",
      "hindi": "योएल"
    },
    "verse": {
      "english": "And they have cast lots for my people; and have given a boy for an harlot, and sold a girl for wine, that they might drink.",
      "hindi": "उन्होंने तो मेरी प्रजा पर चिट्ठी डाली, और एक लड़का वेश्या के बदले में दे दिया, और एक लड़की बेच कर दाखमधु पीया है॥"
    },
    "verse_number": 3
  },
  {
    "verse_count": "290304",
    "book_number": "29",
    "chapter_number": "3",
    "book_name": {
      "english": "JOEL",
      "hindi": "योएल"
    },
    "verse": {
      "english": "Yea, and what have ye to do with me, O Tyre, and Zidon, and all the coasts of Palestine? will ye render me a recompence? and if ye recompense me, swiftly and speedily will I return your recompence upon your own head;",
      "hindi": "हे सोर, और सीदोन और पलिश्तीन के सब प्रदेशो, तुम को मुझ से क्या काम? क्या तुम मुझ को बदला दोगे? यदि तुम मुझे बदला भी दो, तो मैं शीघ्र ही तुम्हारा दिया हुआ बदला, तुम्हारे ही सिर पर डाल दूंगा।"
    },
    "verse_number": 4
  },
  {
    "verse_count": "290305",
    "book_number": "29",
    "chapter_number": "3",
    "book_name": {
      "english": "JOEL",
      "hindi": "योएल"
    },
    "verse": {
      "english": "Because ye have taken my silver and my gold, and have carried into your temples my goodly pleasant things:",
      "hindi": "क्योंकि तुम ने मेरी चान्दी-सोना ले लिया, और मेरी अच्छी और मनभावनी वस्तुएं अपने मन्दिरों में ले जा कर रखी हैं;"
    },
    "verse_number": 5
  },
  {
    "verse_count": "290306",
    "book_number": "29",
    "chapter_number": "3",
    "book_name": {
      "english": "JOEL",
      "hindi": "योएल"
    },
    "verse": {
      "english": "The children also of Judah and the children of Jerusalem have ye sold unto the Grecians, that ye might remove them far from their border.",
      "hindi": "और यहूदियों और यरूशलेमियों को यूनानियों के हाथ इसलिये बेच डाला है कि वे अपने देश से दूर किए जाएं।"
    },
    "verse_number": 6
  },
  {
    "verse_count": "290307",
    "book_number": "29",
    "chapter_number": "3",
    "book_name": {
      "english": "JOEL",
      "hindi": "योएल"
    },
    "verse": {
      "english": "Behold, I will raise them out of the place whither ye have sold them, and will return your recompence upon your own head:",
      "hindi": "इसलिये सुनो, मैं उन को उस स्थान से, जहां के जाने वालों के हाथ तुम ने उन को बेच दिया, बुलाने पर हूं, और तुम्हारा दिया हुआ बदला, तुम्हारे ही सिर पर डाल दूंगा।"
    },
    "verse_number": 7
  },
  {
    "verse_count": "290308",
    "book_number": "29",
    "chapter_number": "3",
    "book_name": {
      "english": "JOEL",
      "hindi": "योएल"
    },
    "verse": {
      "english": "And I will sell your sons and your daughters into the hand of the children of Judah, and they shall sell them to the Sabeans, to a people far off: for the LORD hath spoken it.",
      "hindi": "मैं तुम्हारे बेटे-बेटियों को यहूदियों के हाथ बिकवा दूंगा, और वे उसको शबाइयों के हाथ बेच देंगे जो दूर देश के रहने वाले हैं; क्योंकि यहोवा ने यह कहा है॥"
    },
    "verse_number": 8
  },
  {
    "verse_count": "290309",
    "book_number": "29",
    "chapter_number": "3",
    "book_name": {
      "english": "JOEL",
      "hindi": "योएल"
    },
    "verse": {
      "english": "Proclaim ye this among the Gentiles; Prepare war, wake up the mighty men, let all the men of war draw near; let them come up:",
      "hindi": "जाति जाति में यह प्रचार करो, युद्ध की तैयारी करो, अपने शूरवीरों को उभारो। सब योद्धा निकट आकर लड़ने को चढ़ें।"
    },
    "verse_number": 9
  },
  {
    "verse_count": "2903010",
    "book_number": "29",
    "chapter_number": "3",
    "book_name": {
      "english": "JOEL",
      "hindi": "योएल"
    },
    "verse": {
      "english": "Beat your plowshares into swords, and your pruninghooks into spears: let the weak say, I am strong.",
      "hindi": "अपने अपने हल की फाल को पीटकर तलवार, और अपनी अपनी हंसिया को पीटकर बर्छी बनाओ; जो बलहीन हो वह भी कहे, मैं वीर हूं॥"
    },
    "verse_number": 10
  },
  {
    "verse_count": "2903011",
    "book_number": "29",
    "chapter_number": "3",
    "book_name": {
      "english": "JOEL",
      "hindi": "योएल"
    },
    "verse": {
      "english": "Assemble yourselves, and come, all ye heathen, and gather yourselves together round about: thither cause thy mighty ones to come down, O LORD.",
      "hindi": "हे चारों ओर के जाति जाति के लोगो, फुर्ती कर के आओ और इकट्ठे हो जाओ। हे यहोवा, तू भी अपने शूरवीरों को वहां ले जा।"
    },
    "verse_number": 11
  },
  {
    "verse_count": "2903012",
    "book_number": "29",
    "chapter_number": "3",
    "book_name": {
      "english": "JOEL",
      "hindi": "योएल"
    },
    "verse": {
      "english": "Let the heathen be wakened, and come up to the valley of Jehoshaphat: for there will I sit to judge all the heathen round about.",
      "hindi": "जाति जाति के लोग उभर कर चढ़ जाएं और यहोशापात की तराई में जाएं, क्योंकि वहां मैं चारों ओर की सारी जातियों का न्याय करने को बैठूंगा॥"
    },
    "verse_number": 12
  },
  {
    "verse_count": "2903013",
    "book_number": "29",
    "chapter_number": "3",
    "book_name": {
      "english": "JOEL",
      "hindi": "योएल"
    },
    "verse": {
      "english": "Put ye in the sickle, for the harvest is ripe: come, get you down; for the press is full, the fats overflow; for their wickedness is great.",
      "hindi": "हंसुआ लगाओ, क्योंकि खेत पक गया है। आओ, दाख रौंदो, क्योंकि हौज़ भर गया है। रसकुण्ड उमण्डने लगे, क्योंकि उनकी बुराई बहुत बड़ी है॥"
    },
    "verse_number": 13
  },
  {
    "verse_count": "2903014",
    "book_number": "29",
    "chapter_number": "3",
    "book_name": {
      "english": "JOEL",
      "hindi": "योएल"
    },
    "verse": {
      "english": "Multitudes, multitudes in the valley of decision: for the day of the LORD is near in the valley of decision.",
      "hindi": "निबटारे की तराई में भीड़ की भीड़ है! क्योंकि निबटारे की तराई में यहोवा का दिन निकट है।"
    },
    "verse_number": 14
  },
  {
    "verse_count": "2903015",
    "book_number": "29",
    "chapter_number": "3",
    "book_name": {
      "english": "JOEL",
      "hindi": "योएल"
    },
    "verse": {
      "english": "The sun and the moon shall be darkened, and the stars shall withdraw their shining.",
      "hindi": "सूर्य और चन्द्रमा अपना अपना प्रकाश न देंगे, और न तारे चमकेंगे॥"
    },
    "verse_number": 15
  },
  {
    "verse_count": "2903016",
    "book_number": "29",
    "chapter_number": "3",
    "book_name": {
      "english": "JOEL",
      "hindi": "योएल"
    },
    "verse": {
      "english": "The LORD also shall roar out of Zion, and utter his voice from Jerusalem; and the heavens and the earth shall shake: but the LORD will be the hope of his people, and the strength of the children of Israel.",
      "hindi": "और यहोवा सिय्योन से गरजेगा, और यरूशलेम से बड़ा शब्द सुनाएगा; और आकाश और पृथ्वी थरथराएंगे। परन्तु यहोवा अपनी प्रजा के लिये शरणस्थान और इस्राएलियों के लिये गढ़ ठहरेगा॥"
    },
    "verse_number": 16
  },
  {
    "verse_count": "2903017",
    "book_number": "29",
    "chapter_number": "3",
    "book_name": {
      "english": "JOEL",
      "hindi": "योएल"
    },
    "verse": {
      "english": "So shall ye know that I am the LORD your God dwelling in Zion, my holy mountain: then shall Jerusalem be holy, and there shall no strangers pass through her any more.",
      "hindi": "इस प्रकार तुम जानोगे कि यहोवा जो अपने पवित्र पर्वत सिय्योन पर वास किए रहता है, वही हमारा परमेश्वर है। और यरूशलेम पवित्र ठहरेगा, और परदेशी उस में हो कर फिर न जाने पाएंगे॥"
    },
    "verse_number": 17
  },
  {
    "verse_count": "2903018",
    "book_number": "29",
    "chapter_number": "3",
    "book_name": {
      "english": "JOEL",
      "hindi": "योएल"
    },
    "verse": {
      "english": "And it shall come to pass in that day, that the mountains shall drop down new wine, and the hills shall flow with milk, and all the rivers of Judah shall flow with waters, and a fountain shall come forth of the house of the LORD, and shall water the valley of Shittim.",
      "hindi": "और उस समय पहाड़ों से नया दाखमधु टपकने लगेगा, और टीलों से दूध बहने लगेगा, और यहूदा देश के सब नाले जल से भर जाएंगे; और यहोवा के भवन में से एक सोता फूट निकलेगा, जिस से शित्तीम का नाम नाला सींचा जाएगा॥"
    },
    "verse_number": 18
  },
  {
    "verse_count": "2903019",
    "book_number": "29",
    "chapter_number": "3",
    "book_name": {
      "english": "JOEL",
      "hindi": "योएल"
    },
    "verse": {
      "english": "Egypt shall be a desolation, and Edom shall be a desolate wilderness, for the violence against the children of Judah, because they have shed innocent blood in their land.",
      "hindi": "यहूदियों पर उपद्रव करने के कारण, मिस्र उजाड़ और एदोम उजड़ा हुआ मरूस्थल हो जाएगा, क्योंकि उन्होंने उनके देश में निर्दोष की हत्या की थी।"
    },
    "verse_number": 19
  },
  {
    "verse_count": "2903020",
    "book_number": "29",
    "chapter_number": "3",
    "book_name": {
      "english": "JOEL",
      "hindi": "योएल"
    },
    "verse": {
      "english": "But Judah shall dwell for ever, and Jerusalem from generation to generation.",
      "hindi": "परन्तु यहूदा सर्वदा और यरूशलेम पीढ़ी पीढ़ी तब बना रहेगा।"
    },
    "verse_number": 20
  },
  {
    "verse_count": "2903021",
    "book_number": "29",
    "chapter_number": "3",
    "book_name": {
      "english": "JOEL",
      "hindi": "योएल"
    },
    "verse": {
      "english": "For I will cleanse their blood that I have not cleansed: for the LORD dwelleth in Zion.",
      "hindi": "क्योंकि उनका खून, जो अब तक मैं ने पवित्र नहीं ठहराया था, उसे अब पवित्र ठहराऊंगा, क्योंकि यहोवा सिय्योन में वास किए रहता है॥"
    },
    "verse_number": 21
  }
]