[
  {
    "verse_count": "370101",
    "book_number": "37",
    "chapter_number": "1",
    "book_name": {
      "english": "HAGGAI",
      "hindi": "हाग्गै"
    },
    "verse": {
      "english": "In the second year of Darius the king, in the sixth month, in the first day of the month, came the word of the LORD by Haggai the prophet unto Zerubbabel the son of Shealtiel, governor of Judah, and to Joshua the son of Josedech, the high priest, saying,",
      "hindi": "दारा राजा के दूसरे वर्ष के छठवें महीने के पहिले दिन, यहोवा का यह वचन, हाग्गै भविष्यद्वक्ता के द्वारा, शालतीएल के पुत्र जरूब्बाबेल के पास, जो यहूदा का अधिपति था, और यहोसादाक के पुत्र यहोशू महायाजक के पास पहुंचा:"
    },
    "verse_number": 1
  },
  {
    "verse_count": "370102",
    "book_number": "37",
    "chapter_number": "1",
    "book_name": {
      "english": "HAGGAI",
      "hindi": "हाग्गै"
    },
    "verse": {
      "english": "Thus speaketh the LORD of hosts, saying, This people say, The time is not come, the time that the LORD's house should be built.",
      "hindi": "सेनाओं का यहोवा यों कहता है, ये लोग कहते हैं कि यहोवा का भवन बनाने का समय नहीं आया है।"
    },
    "verse_number": 2
  },
  {
    "verse_count": "370103",
    "book_number": "37",
    "chapter_number": "1",
    "book_name": {
      "english": "HAGGAI",
      "hindi": "हाग्गै"
    },
    "verse": {
      "english": "Then came the word of the LORD by Haggai the prophet, saying,",
      "hindi": "फिर यहोवा का यह वचन हाग्गै भविष्यद्वक्ता के द्वारा पहुंचा,"
    },
    "verse_number": 3
  },
  {
    "verse_count": "370104",
    "book_number": "37",
    "chapter_number": "1",
    "book_name": {
      "english": "HAGGAI",
      "hindi": "हाग्गै"
    },
    "verse": {
      "english": "Is it time for you, O ye, to dwell in your cieled houses, and this house lie waste?",
      "hindi": "क्या तुम्हारे लिये अपने छत वाले घरों में रहने का समय है, जब कि यह भवन उजाड़ पड़ा है?"
    },
    "verse_number": 4
  },
  {
    "verse_count": "370105",
    "book_number": "37",
    "chapter_number": "1",
    "book_name": {
      "english": "HAGGAI",
      "hindi": "हाग्गै"
    },
    "verse": {
      "english": "Now therefore thus saith the LORD of hosts; Consider your ways.",
      "hindi": "इसलिये अब सेनाओं का यहोवा यों कहता है, अपनी अपनी चाल-चलन पर ध्यान करो।"
    },
    "verse_number": 5
  },
  {
    "verse_count": "370106",
    "book_number": "37",
    "chapter_number": "1",
    "book_name": {
      "english": "HAGGAI",
      "hindi": "हाग्गै"
    },
    "verse": {
      "english": "Ye have sown much, and bring in little; ye eat, but ye have not enough; ye drink, but ye are not filled with drink; ye clothe you, but there is none warm; and he that earneth wages earneth wages to put it into a bag with holes.",
      "hindi": "तुम ने बहुत बोया परन्तु थोड़ा काटा; तुम खाते हो, परन्तु पेट नहीं भरता; तुम पीते हो, परन्तु प्यास नहीं बुझती; तुम कपड़े पहिनते हो, परन्तु गरमाते नहीं; और जो मजदूरी कमाता है, वह अपनी मजदूरी की कमाई को छेदवाली थैली में रखता है॥"
    },
    "verse_number": 6
  },
  {
    "verse_count": "370107",
    "book_number": "37",
    "chapter_number": "1",
    "book_name": {
      "english": "HAGGAI",
      "hindi": "हाग्गै"
    },
    "verse": {
      "english": "Thus saith the LORD of hosts; Consider your ways.",
      "hindi": "सेनाओ का यहोवा तुम से यों कहता हे, अपने अपने चालचलन पर सोचो।"
    },
    "verse_number": 7
  },
  {
    "verse_count": "370108",
    "book_number": "37",
    "chapter_number": "1",
    "book_name": {
      "english": "HAGGAI",
      "hindi": "हाग्गै"
    },
    "verse": {
      "english": "Go up to the mountain, and bring wood, and build the house; and I will take pleasure in it, and I will be glorified, saith the LORD.",
      "hindi": "पहाड़ पर चढ़ जाओ और लकड़ी ले आओ और इस भवन को बनाओ; और मैं उसको देखकर प्रसन्न हूंगा, और मेरी महिमा होगी, यहोवा का यही वचन है।"
    },
    "verse_number": 8
  },
  {
    "verse_count": "370109",
    "book_number": "37",
    "chapter_number": "1",
    "book_name": {
      "english": "HAGGAI",
      "hindi": "हाग्गै"
    },
    "verse": {
      "english": "Ye looked for much, and lo, it came to little; and when ye brought it home, I did blow upon it. Why? saith the LORD of hosts. Because of mine house that is waste, and ye run every man unto his own house.",
      "hindi": "तुम ने बहुत उपज की आशा रखी, परन्तु देखो थेड़ी ही है; और जब तुम उसे घर ले आए, तब मैं ने उसको उड़ा दिया। सेनाओं के यहोवा की यह वाणी है, ऐसा क्यों हुआ? क्या इसलिये नहीं, कि मेरा भवन उजाड़ पड़ा है और तुम में से प्रत्येक अपने अपने घर को दौड़ा चला जाता है?"
    },
    "verse_number": 9
  },
  {
    "verse_count": "3701010",
    "book_number": "37",
    "chapter_number": "1",
    "book_name": {
      "english": "HAGGAI",
      "hindi": "हाग्गै"
    },
    "verse": {
      "english": "Therefore the heaven over you is stayed from dew, and the earth is stayed from her fruit.",
      "hindi": "इस कारण आकाश से ओस गिरना और पृथ्वी से अन्न उपजना दोनों बन्द हैं।"
    },
    "verse_number": 10
  },
  {
    "verse_count": "3701011",
    "book_number": "37",
    "chapter_number": "1",
    "book_name": {
      "english": "HAGGAI",
      "hindi": "हाग्गै"
    },
    "verse": {
      "english": "And I called for a drought upon the land, and upon the mountains, and upon the corn, and upon the new wine, and upon the oil, and upon that which the ground bringeth forth, and upon men, and upon cattle, and upon all the labour of the hands.",
      "hindi": "और मेरी आज्ञा से पृथ्वी और पहाड़ों पर, और अन्न और नये दाखमधु पर और ताजे तेल पर, और जो कुछ भूमि से उपजता है उस पर, और मनुष्यों और घरैलू पशुओं पर, और उनके परिश्रम की सारी कमाई पर भी अकाल पड़ा है॥"
    },
    "verse_number": 11
  },
  {
    "verse_count": "3701012",
    "book_number": "37",
    "chapter_number": "1",
    "book_name": {
      "english": "HAGGAI",
      "hindi": "हाग्गै"
    },
    "verse": {
      "english": "Then Zerubbabel the son of Shealtiel, and Joshua the son of Josedech, the high priest, with all the remnant of the people, obeyed the voice of the LORD their God, and the words of Haggai the prophet, as the LORD their God had sent him, and the people did fear before the LORD.",
      "hindi": "तब शालतीएल के पुत्र जरूब्बाबेल और यहोसादाक के पुत्र यहोशू महायाजक ने सब बचे हुए लोगों समेत अपने परमेश्वर यहोवा की बात मानी; और जो वचन उनके परमेश्वर यहोवा ने उन से कहने के लिये हाग्गै भविष्यद्वक्ता को भेज दिया था, उसे उन्होंने मान लिया; और लोगों ने यहोवा का भय माना।"
    },
    "verse_number": 12
  },
  {
    "verse_count": "3701013",
    "book_number": "37",
    "chapter_number": "1",
    "book_name": {
      "english": "HAGGAI",
      "hindi": "हाग्गै"
    },
    "verse": {
      "english": "Then spake Haggai the LORD's messenger in the LORD's message unto the people, saying, I am with you, saith the LORD.",
      "hindi": "तब यहोवा के दूत हाग्गै ने यहोवा से आज्ञा पाकर उन लोगों से यह कहा, यहोवा की यह वाणी है, मैं तुम्हारे संग हूं।"
    },
    "verse_number": 13
  },
  {
    "verse_count": "3701014",
    "book_number": "37",
    "chapter_number": "1",
    "book_name": {
      "english": "HAGGAI",
      "hindi": "हाग्गै"
    },
    "verse": {
      "english": "And the LORD stirred up the spirit of Zerubbabel the son of Shealtiel, governor of Judah, and the spirit of Joshua the son of Josedech, the high priest, and the spirit of all the remnant of the people; and they came and did work in the house of the LORD of hosts, their God,",
      "hindi": "और यहोवा ने शालतीएल के पुत्र जरूब्बाबेल को जो यहूदा का अधिपति था, और यहोसादाक के पुत्र यहोशू महायाजक को, और सब बचे हुए लोगों के मन को उभार का उत्साह से भर दिया कि वे आकर अपने परमेश्वर, सेनाओं के यहोवा के भवन को बनाने में लग जाएं।"
    },
    "verse_number": 14
  },
  {
    "verse_count": "3701015",
    "book_number": "37",
    "chapter_number": "1",
    "book_name": {
      "english": "HAGGAI",
      "hindi": "हाग्गै"
    },
    "verse": {
      "english": "In the four and twentieth day of the sixth month, in the second year of Darius the king.",
      "hindi": "यह दारा राजा के दूसरे वर्ष के छठवें महीने के चौबीसवें दिन हुआ॥"
    },
    "verse_number": 15
  },
  {
    "verse_count": "370201",
    "book_number": "37",
    "chapter_number": "2",
    "book_name": {
      "english": "HAGGAI",
      "hindi": "हाग्गै"
    },
    "verse": {
      "english": "In the seventh month, in the one and twentieth day of the month, came the word of the LORD by the prophet Haggai, saying,",
      "hindi": "फिर सातवें महीने के इक्कीसवें दिन को यहोवा का यह वचन हाग्गै भविष्यद्वक्ता के पास पहुंचा,"
    },
    "verse_number": 1
  },
  {
    "verse_count": "370202",
    "book_number": "37",
    "chapter_number": "2",
    "book_name": {
      "english": "HAGGAI",
      "hindi": "हाग्गै"
    },
    "verse": {
      "english": "Speak now to Zerubbabel the son of Shealtiel, governor of Judah, and to Joshua the son of Josedech, the high priest, and to the residue of the people, saying,",
      "hindi": "शालतीएल के पुत्र यहूदा के अधिपति जरूब्बाबेल, और यहोसादाक के पुत्र यहोशू महायाजक और सब बचे हुए लोगों से यह बात कह,"
    },
    "verse_number": 2
  },
  {
    "verse_count": "370203",
    "book_number": "37",
    "chapter_number": "2",
    "book_name": {
      "english": "HAGGAI",
      "hindi": "हाग्गै"
    },
    "verse": {
      "english": "Who is left among you that saw this house in her first glory? and how do ye see it now? is it not in your eyes in comparison of it as nothing?",
      "hindi": "तुम में से कौन है, जिसने इस भवन की पहिली महिमा देखी है? अब तुम इसे कैसी दशा में देखते हो? क्या यह सच नहीं कि यह तुम्हारी दृष्टि में उस पहिले की अपेक्षा कुछ भी अच्छा नहीं है?"
    },
    "verse_number": 3
  },
  {
    "verse_count": "370204",
    "book_number": "37",
    "chapter_number": "2",
    "book_name": {
      "english": "HAGGAI",
      "hindi": "हाग्गै"
    },
    "verse": {
      "english": "Yet now be strong, O Zerubbabel, saith the LORD; and be strong, O Joshua, son of Josedech, the high priest; and be strong, all ye people of the land, saith the LORD, and work: for I am with you, saith the LORD of hosts:",
      "hindi": "तौभी, अब यहोवा की यह वाणी है, हे जरूब्बाबेल, हियाव बान्ध; और हे यहोसादाक के पुत्र यहोशू महायाजक, हियाव बान्ध; और यहोवा की यह भी वाणी है कि हे देश के सब लोगो हियाव बान्ध कर काम करो, क्योंकि मैं तुम्हारे संग हूं, सेनाओं के यहोवा की यही वाणी है।"
    },
    "verse_number": 4
  },
  {
    "verse_count": "370205",
    "book_number": "37",
    "chapter_number": "2",
    "book_name": {
      "english": "HAGGAI",
      "hindi": "हाग्गै"
    },
    "verse": {
      "english": "According to the word that I covenanted with you when ye came out of Egypt, so my spirit remaineth among you: fear ye not.",
      "hindi": "तुम्हारे मिस्र से निकलने के समय जो वाचा मैं ने तुम से बान्धी थी, उसी वाचा के अनुसार मेरा आत्मा तुम्हारे बीच में बना है; इसलिये तुम मत डरो।"
    },
    "verse_number": 5
  },
  {
    "verse_count": "370206",
    "book_number": "37",
    "chapter_number": "2",
    "book_name": {
      "english": "HAGGAI",
      "hindi": "हाग्गै"
    },
    "verse": {
      "english": "For thus saith the LORD of hosts; Yet once, it is a little while, and I will shake the heavens, and the earth, and the sea, and the dry land;",
      "hindi": "क्योंकि सेनाओं का यहोवा यों कहता है, अब थोड़ी ही देर बाकी है कि मैं आकाश और पृथ्वी और समुद्र और स्थल सब को कम्पित करूंगा।"
    },
    "verse_number": 6
  },
  {
    "verse_count": "370207",
    "book_number": "37",
    "chapter_number": "2",
    "book_name": {
      "english": "HAGGAI",
      "hindi": "हाग्गै"
    },
    "verse": {
      "english": "And I will shake all nations, and the desire of all nations shall come: and I will fill this house with glory, saith the LORD of hosts.",
      "hindi": "और मैं सारी जातियों को कम्पकपाऊंगा, और सारी जातियों की मनभावनी वस्तुएं आएंगी; और मैं इस भवन को अपनी महिमा के तेज से भर दूंगा, सेनाओं के यहोवा का यही वचन है।"
    },
    "verse_number": 7
  },
  {
    "verse_count": "370208",
    "book_number": "37",
    "chapter_number": "2",
    "book_name": {
      "english": "HAGGAI",
      "hindi": "हाग्गै"
    },
    "verse": {
      "english": "The silver is mine, and the gold is mine, saith the LORD of hosts.",
      "hindi": "चान्दी तो मेरी है, और सोना भी मेरा ही है, सेनाओं के यहोवा की यही वाणी है।"
    },
    "verse_number": 8
  },
  {
    "verse_count": "370209",
    "book_number": "37",
    "chapter_number": "2",
    "book_name": {
      "english": "HAGGAI",
      "hindi": "हाग्गै"
    },
    "verse": {
      "english": "The glory of this latter house shall be greater than of the former, saith the LORD of hosts: and in this place will I give peace, saith the LORD of hosts.",
      "hindi": "इस भवन की पिछली महिमा इसकी पहिली महिमा से बड़ी होगी, सेनाओं के यहोवा का यही वचन है, और इस स्थान में मैं शान्ति दूंगा, सेनाओं के यहोवा की यही वाणी है॥"
    },
    "verse_number": 9
  },
  {
    "verse_count": "3702010",
    "book_number": "37",
    "chapter_number": "2",
    "book_name": {
      "english": "HAGGAI",
      "hindi": "हाग्गै"
    },
    "verse": {
      "english": "In the four and twentieth day of the ninth month, in the second year of Darius, came the word of the LORD by Haggai the prophet, saying,",
      "hindi": "दारा के दूसरे वर्ष के नौवें महीने के चौबीसवे दिन को, यहोवा का यह वचन हाग्गै भविष्यद्वक्ता के पास पहुंचा,"
    },
    "verse_number": 10
  },
  {
    "verse_count": "3702011",
    "book_number": "37",
    "chapter_number": "2",
    "book_name": {
      "english": "HAGGAI",
      "hindi": "हाग्गै"
    },
    "verse": {
      "english": "Thus saith the LORD of hosts; Ask now the priests concerning the law, saying,",
      "hindi": "सेनाओं का यहोवा यों कहता है: याजकों से इस बात की व्यवस्था पूछ,"
    },
    "verse_number": 11
  },
  {
    "verse_count": "3702012",
    "book_number": "37",
    "chapter_number": "2",
    "book_name": {
      "english": "HAGGAI",
      "hindi": "हाग्गै"
    },
    "verse": {
      "english": "If one bear holy flesh in the skirt of his garment, and with his skirt do touch bread, or pottage, or wine, or oil, or any meat, shall it be holy? And the priests answered and said, No.",
      "hindi": "यदि कोई अपने वस्त्र के आंचल में पवित्र मांस बान्ध कर, उसी आंचल से रोटी वा पकाए हुए भोजन वा दाखमधु वा तेल वा किसी प्रकार के भोजन को छुए, तो क्या वह भोजन पवित्र ठहरेगा? याजकों ने उत्तर दिया, नहीं।"
    },
    "verse_number": 12
  },
  {
    "verse_count": "3702013",
    "book_number": "37",
    "chapter_number": "2",
    "book_name": {
      "english": "HAGGAI",
      "hindi": "हाग्गै"
    },
    "verse": {
      "english": "Then said Haggai, If one that is unclean by a dead body touch any of these, shall it be unclean? And the priests answered and said, It shall be unclean.",
      "hindi": "फिर हाग्गै ने पूछा, यदि कोई जन मनुष्य की लोथ के कारण अशुद्ध हो कर ऐसी किसी वस्तु को छुए, तो क्या वह अशुद्ध ठहरेगी? याजकों ने उत्तर दिया, हां अशुद्ध ठहरेगी।"
    },
    "verse_number": 13
  },
  {
    "verse_count": "3702014",
    "book_number": "37",
    "chapter_number": "2",
    "book_name": {
      "english": "HAGGAI",
      "hindi": "हाग्गै"
    },
    "verse": {
      "english": "Then answered Haggai, and said, So is this people, and so is this nation before me, saith the LORD; and so is every work of their hands; and that which they offer there is unclean.",
      "hindi": "फिर हाग्गै ने कहा, यहोवा की यही वाणी है, कि मेरी दृष्टि में यह प्रजा और यह जाति वैसी ही है, और इनके सब काम भी वैसे हैं; और जो कुछ वे वहां चढ़ाते हैं, वह भी अशुद्ध है;"
    },
    "verse_number": 14
  },
  {
    "verse_count": "3702015",
    "book_number": "37",
    "chapter_number": "2",
    "book_name": {
      "english": "HAGGAI",
      "hindi": "हाग्गै"
    },
    "verse": {
      "english": "And now, I pray you, consider from this day and upward, from before a stone was laid upon a stone in the temple of the LORD:",
      "hindi": "अब सोच-विचार करो कि आज से पहिले अर्थात जब यहोवा के मन्दिर में पत्थर पर पत्थर रखा ही नहीं गया था,"
    },
    "verse_number": 15
  },
  {
    "verse_count": "3702016",
    "book_number": "37",
    "chapter_number": "2",
    "book_name": {
      "english": "HAGGAI",
      "hindi": "हाग्गै"
    },
    "verse": {
      "english": "Since those days were, when one came to an heap of twenty measures, there were but ten: when one came to the pressfat for to draw out fifty vessels out of the press, there were but twenty.",
      "hindi": "उन दिनों में जब कोई अन्न के बीस नपुओं की आशा से जाता, तब दास ही पाता था, और जब कोई दाखरस के कुण्ड के पास इस आशा से जाता कि पचास बर्तन भर निकालें, तब बीस ही निकलते थे।"
    },
    "verse_number": 16
  },
  {
    "verse_count": "3702017",
    "book_number": "37",
    "chapter_number": "2",
    "book_name": {
      "english": "HAGGAI",
      "hindi": "हाग्गै"
    },
    "verse": {
      "english": "I smote you with blasting and with mildew and with hail in all the labours of your hands; yet ye turned not to me, saith the LORD.",
      "hindi": "मैं ने तुम्हारी सारी खेती को लू और गरूई और ओलों से मारा, तौभी तुम मेरी ओर न फिरे, यहोवा की यही वाणी है।"
    },
    "verse_number": 17
  },
  {
    "verse_count": "3702018",
    "book_number": "37",
    "chapter_number": "2",
    "book_name": {
      "english": "HAGGAI",
      "hindi": "हाग्गै"
    },
    "verse": {
      "english": "Consider now from this day and upward, from the four and twentieth day of the ninth month, even from the day that the foundation of the LORD's temple was laid, consider it.",
      "hindi": "अब सोच-विचार करो, कि आज से पहिले अर्थात जिस दिन यहोवा के मन्दिर की नेव डाली गई, उस दिन से ले कर नौवें महीने के इसी चौबीसवें दिन तक क्या दशा थी? इसका सोच-विचार करो।"
    },
    "verse_number": 18
  },
  {
    "verse_count": "3702019",
    "book_number": "37",
    "chapter_number": "2",
    "book_name": {
      "english": "HAGGAI",
      "hindi": "हाग्गै"
    },
    "verse": {
      "english": "Is the seed yet in the barn? yea, as yet the vine, and the fig tree, and the pomegranate, and the olive tree, hath not brought forth: from this day will I bless you.",
      "hindi": "क्या अब तक बीच खत्ते में है? अब तक दाखलता और अंजीर और अनार और जलपाई के वृक्ष नहीं फले, परन्तु आज के दिन से मैं तुम को आशीष देता रहूंगा॥"
    },
    "verse_number": 19
  },
  {
    "verse_count": "3702020",
    "book_number": "37",
    "chapter_number": "2",
    "book_name": {
      "english": "HAGGAI",
      "hindi": "हाग्गै"
    },
    "verse": {
      "english": "And again the word of the LORD came unto Haggai in the four and twentieth day of the month, saying,",
      "hindi": "उसी महीने के चौबीसवें दिन को दूसरी बार यहोवा का यह वचन हाग्गै के पास पहुंचा, यहूदा के अधिपति जरूब्बाबेल से यों कह :"
    },
    "verse_number": 20
  },
  {
    "verse_count": "3702021",
    "book_number": "37",
    "chapter_number": "2",
    "book_name": {
      "english": "HAGGAI",
      "hindi": "हाग्गै"
    },
    "verse": {
      "english": "Speak to Zerubbabel, governor of Judah, saying, I will shake the heavens and the earth;",
      "hindi": "मैं आकाश और पृथ्वी दोनों को कम्पाऊंगा,"
    },
    "verse_number": 21
  },
  {
    "verse_count": "3702022",
    "book_number": "37",
    "chapter_number": "2",
    "book_name": {
      "english": "HAGGAI",
      "hindi": "हाग्गै"
    },
    "verse": {
      "english": "And I will overthrow the throne of kingdoms, and I will destroy the strength of the kingdoms of the heathen; and I will overthrow the chariots, and those that ride in them; and the horses and their riders shall come down, every one by the sword of his brother.",
      "hindi": "और मैं राज्य-राज्य की गद्दी को उलट दूंगा; मैं अन्यजातियों के राज्य-राज्य का बल तोडूंगा, और रथों को चढ़वैयों समेत उलट दूंगा; और घोड़ों समेत सवार एक दूसरे की तलवार से गिरेंगे।"
    },
    "verse_number": 22
  },
  {
    "verse_count": "3702023",
    "book_number": "37",
    "chapter_number": "2",
    "book_name": {
      "english": "HAGGAI",
      "hindi": "हाग्गै"
    },
    "verse": {
      "english": "In that day, saith the LORD of hosts, will I take thee, O Zerubbabel, my servant, the son of Shealtiel, saith the LORD, and will make thee as a signet: for I have chosen thee, saith the LORD of hosts.",
      "hindi": "सेनाओं के यहोवा की यही वाणी है, उस दिन, हे शालतीएल के पुत्र मेरे दास जरूब्बाबेल, मैं तुझे ले कर अंगूठी के समान रखूंगा, यहोवा की यही वाणी है; क्योंकि मैं ने तुझी को चुन लिया है, सेनाओं के यहोवा की यही वाणी है॥"
    },
    "verse_number": 23
  }
]