[
  {
    "verse_count": "350101",
    "book_number": "35",
    "chapter_number": "1",
    "book_name": {
      "english": "HABAKKUK",
      "hindi": "हबक्कूक"
    },
    "verse": {
      "english": "The burden which Habakkuk the prophet did see.",
      "hindi": "भारी वचन जिस को हबक्कूक नबी ने दर्शन में पाया॥"
    },
    "verse_number": 1
  },
  {
    "verse_count": "350102",
    "book_number": "35",
    "chapter_number": "1",
    "book_name": {
      "english": "HABAKKUK",
      "hindi": "हबक्कूक"
    },
    "verse": {
      "english": "O LORD, how long shall I cry, and thou wilt not hear! even cry out unto thee of violence, and thou wilt not save!",
      "hindi": "हे यहोवा मैं कब तक तेरी दोहाई देता रहूंगा, और तू न सुनेगा? मैं कब तक तेरे सम्मुख “उपद्रव”, “उपद्रव” चिल्लाता रहूंगा? क्या तू उद्धार नहीं करेगा?"
    },
    "verse_number": 2
  },
  {
    "verse_count": "350103",
    "book_number": "35",
    "chapter_number": "1",
    "book_name": {
      "english": "HABAKKUK",
      "hindi": "हबक्कूक"
    },
    "verse": {
      "english": "Why dost thou shew me iniquity, and cause me to behold grievance? for spoiling and violence are before me: and there are that raise up strife and contention.",
      "hindi": "तू मुझे अनर्थ काम क्यों दिखाता है? और क्या कारण है कि तू उत्पात को देखता ही रहता है? मेरे साम्हने लूट-पाट और उपद्रव होते रहते हैं; और झगड़ा हुआ करता है और वादविवाद बढ़ता जाता है।"
    },
    "verse_number": 3
  },
  {
    "verse_count": "350104",
    "book_number": "35",
    "chapter_number": "1",
    "book_name": {
      "english": "HABAKKUK",
      "hindi": "हबक्कूक"
    },
    "verse": {
      "english": "Therefore the law is slacked, and judgment doth never go forth: for the wicked doth compass about the righteous; therefore wrong judgment proceedeth.",
      "hindi": "इसलिये व्यवस्था ढीली हो गई और न्याय कभी नहीं प्रगट होता। दुष्ट लोग धर्मी को घेर लेते हैं; सो न्याय का खून हो रहा है॥"
    },
    "verse_number": 4
  },
  {
    "verse_count": "350105",
    "book_number": "35",
    "chapter_number": "1",
    "book_name": {
      "english": "HABAKKUK",
      "hindi": "हबक्कूक"
    },
    "verse": {
      "english": "Behold ye among the heathen, and regard, and wonder marvellously: for I will work a work in your days, which ye will not believe, though it be told you.",
      "hindi": "अन्यजातियों की ओर चित्त लगा कर देखो, और बहुत ही चकित हो। क्योंकि मैं तुम्हारे ही दिनों में ऐसा काम करने पर हूं कि जब वह तुम को बताया जाए तो तुम उसकी प्रतीति न करोगे।"
    },
    "verse_number": 5
  },
  {
    "verse_count": "350106",
    "book_number": "35",
    "chapter_number": "1",
    "book_name": {
      "english": "HABAKKUK",
      "hindi": "हबक्कूक"
    },
    "verse": {
      "english": "For, lo, I raise up the Chaldeans, that bitter and hasty nation, which shall march through the breadth of the land, to possess the dwellingplaces that are not theirs.",
      "hindi": "देखो, मैं कसदियों को उभारने पर हूं, वे क्रूर और उतावली करने वाली जाति हैं, जो पराए वासस्थानों के अधिकारी होने के लिये पृथ्वी भर में फैल गए हैं।"
    },
    "verse_number": 6
  },
  {
    "verse_count": "350107",
    "book_number": "35",
    "chapter_number": "1",
    "book_name": {
      "english": "HABAKKUK",
      "hindi": "हबक्कूक"
    },
    "verse": {
      "english": "They are terrible and dreadful: their judgment and their dignity shall proceed of themselves.",
      "hindi": "वे भयानक और डरावने हैं, वे आप ही अपने न्याय की बड़ाई और प्रशंसा का कारण हैं।"
    },
    "verse_number": 7
  },
  {
    "verse_count": "350108",
    "book_number": "35",
    "chapter_number": "1",
    "book_name": {
      "english": "HABAKKUK",
      "hindi": "हबक्कूक"
    },
    "verse": {
      "english": "Their horses also are swifter than the leopards, and are more fierce than the evening wolves: and their horsemen shall spread themselves, and their horsemen shall come from far; they shall fly as the eagle that hasteth to eat.",
      "hindi": "उनके घोड़े चीतों से भी अधिक वेग चलने वाले हैं, और सांझ को आहेर करने वाले हुंडारों से भी अधिक क्रूर हैं; उनके सवार दूर दूर कूदते-फांदते आते हैं। हां, वे दूर से चले आते हैं; और आहेर पर झपटने वाले उकाब की नाईं झपट्टा मारते हैं।"
    },
    "verse_number": 8
  },
  {
    "verse_count": "350109",
    "book_number": "35",
    "chapter_number": "1",
    "book_name": {
      "english": "HABAKKUK",
      "hindi": "हबक्कूक"
    },
    "verse": {
      "english": "They shall come all for violence: their faces shall sup up as the east wind, and they shall gather the captivity as the sand.",
      "hindi": "वे सब के सब उपद्रव करने के लिये आते हैं; साम्हने की ओर मुख किए हुए वे सीधे बढ़े चले जाते हैं, और बंधुओं को बालू के किनकों के समान बटोरते हैं।"
    },
    "verse_number": 9
  },
  {
    "verse_count": "3501010",
    "book_number": "35",
    "chapter_number": "1",
    "book_name": {
      "english": "HABAKKUK",
      "hindi": "हबक्कूक"
    },
    "verse": {
      "english": "And they shall scoff at the kings, and the princes shall be a scorn unto them: they shall deride every strong hold; for they shall heap dust, and take it.",
      "hindi": "राजाओं को वे ठट्ठों में उड़ाते और हाकिमों का उपहास करते हैं; वे सब दृढ़ गढ़ों को तुच्छ जानते हैं, क्योंकि वे दमदमा बान्ध कर उन को जीत लेते हैं।"
    },
    "verse_number": 10
  },
  {
    "verse_count": "3501011",
    "book_number": "35",
    "chapter_number": "1",
    "book_name": {
      "english": "HABAKKUK",
      "hindi": "हबक्कूक"
    },
    "verse": {
      "english": "Then shall his mind change, and he shall pass over, and offend, imputing this his power unto his god.",
      "hindi": "तब वे वायु की नाईं चलते और मर्यादा छोड़ कर दोषी ठहरते हैं, क्योंकि उनका बल ही उनका देवता है॥"
    },
    "verse_number": 11
  },
  {
    "verse_count": "3501012",
    "book_number": "35",
    "chapter_number": "1",
    "book_name": {
      "english": "HABAKKUK",
      "hindi": "हबक्कूक"
    },
    "verse": {
      "english": "Art thou not from everlasting, O LORD my God, mine Holy One? we shall not die. O LORD, thou hast ordained them for judgment; and, O mighty God, thou hast established them for correction.",
      "hindi": "हे मेरे प्रभु यहोवा, हे मेरे पवित्र परमेश्वर, क्या तू अनादि काल से नहीं है? इस कारण हम लोग नहीं मरने के। हे यहोवा, तू ने उन को न्याय करने के लिये ठहराया है; हे चट्टान, तू ने उलाहना देने के लिये उन को बैठाया है।"
    },
    "verse_number": 12
  },
  {
    "verse_count": "3501013",
    "book_number": "35",
    "chapter_number": "1",
    "book_name": {
      "english": "HABAKKUK",
      "hindi": "हबक्कूक"
    },
    "verse": {
      "english": "Thou art of purer eyes than to behold evil, and canst not look on iniquity: wherefore lookest thou upon them that deal treacherously, and holdest thy tongue when the wicked devoureth the man that is more righteous than he?",
      "hindi": "तेरी आंखें ऐसी शुद्ध हैं कि तू बुराई को देख ही नहीं सकता, और उत्पात को देखकर चुप नहीं रह सकता; फिर तू विश्वासघातियों को क्यों देखता रहता, और जब दुष्ट निर्दोष को निगल जाता है, तब तू क्यों चुप रहता है?"
    },
    "verse_number": 13
  },
  {
    "verse_count": "3501014",
    "book_number": "35",
    "chapter_number": "1",
    "book_name": {
      "english": "HABAKKUK",
      "hindi": "हबक्कूक"
    },
    "verse": {
      "english": "And makest men as the fishes of the sea, as the creeping things, that have no ruler over them?",
      "hindi": "तू क्यों मनुष्यों को समुद्र की मछलियों के समान और उन रेंगने वाले जन्तुओं के समान बनाता है जिन पर कोई शासन करने वाला नहीं है।"
    },
    "verse_number": 14
  },
  {
    "verse_count": "3501015",
    "book_number": "35",
    "chapter_number": "1",
    "book_name": {
      "english": "HABAKKUK",
      "hindi": "हबक्कूक"
    },
    "verse": {
      "english": "They take up all of them with the angle, they catch them in their net, and gather them in their drag: therefore they rejoice and are glad.",
      "hindi": "वह उन सब मनुष्यों को बन्सी से पकड़ कर उठा लेता और जाल में घसीटता और महाजाल में फंसा लेता है; इस कारण वह आनन्दित और मगन है।"
    },
    "verse_number": 15
  },
  {
    "verse_count": "3501016",
    "book_number": "35",
    "chapter_number": "1",
    "book_name": {
      "english": "HABAKKUK",
      "hindi": "हबक्कूक"
    },
    "verse": {
      "english": "Therefore they sacrifice unto their net, and burn incense unto their drag; because by them their portion is fat, and their meat plenteous.",
      "hindi": "इसीलिये वह अपने जाल के साम्हने बलि चढ़ाता और अपने महाजाल के आगे धूप जलाता है; क्योंकि इन्हीं के द्वारा उसका भाग पुष्ट होता, और उसका भोजन चिकना होता है।"
    },
    "verse_number": 16
  },
  {
    "verse_count": "3501017",
    "book_number": "35",
    "chapter_number": "1",
    "book_name": {
      "english": "HABAKKUK",
      "hindi": "हबक्कूक"
    },
    "verse": {
      "english": "Shall they therefore empty their net, and not spare continually to slay the nations?",
      "hindi": "परन्तु क्या वह जाल को खाली करने और जाति जाति के लोगों को लगातार निर्दयता से घात करने से हाथ न रोकेगा?"
    },
    "verse_number": 17
  },
  {
    "verse_count": "350201",
    "book_number": "35",
    "chapter_number": "2",
    "book_name": {
      "english": "HABAKKUK",
      "hindi": "हबक्कूक"
    },
    "verse": {
      "english": "Iwill stand upon my watch, and set me upon the tower, and will watch to see what he will say unto me, and what I shall answer when I am reproved.",
      "hindi": "मैंअपने पहरे पर खड़ा रहूंगा, और गुम्मट पर चढ़ कर ठहरा रहूंगा, और ताकता रहूंगा कि मुझ से वह क्या कहेगा? और मैं अपने दिए हुए उलाहने के विषय में उत्तर दूं?"
    },
    "verse_number": 1
  },
  {
    "verse_count": "350202",
    "book_number": "35",
    "chapter_number": "2",
    "book_name": {
      "english": "HABAKKUK",
      "hindi": "हबक्कूक"
    },
    "verse": {
      "english": "And the LORD answered me, and said, Write the vision, and make it plain upon tables, that he may run that readeth it.",
      "hindi": "यहोवा ने मुझ से कहा, दर्शन की बातें लिख दे; वरन पटियाओं पर साफ साफ लिख दे कि दौड़ते हुए भी वे सहज से पढ़ी जाएं।"
    },
    "verse_number": 2
  },
  {
    "verse_count": "350203",
    "book_number": "35",
    "chapter_number": "2",
    "book_name": {
      "english": "HABAKKUK",
      "hindi": "हबक्कूक"
    },
    "verse": {
      "english": "For the vision is yet for an appointed time, but at the end it shall speak, and not lie: though it tarry, wait for it; because it will surely come, it will not tarry.",
      "hindi": "क्योंकि इस दर्शन की बात नियत समय में पूरी होने वाली है, वरन इसके पूरे होने का समय वेग से आता है; इस में धोखा न होगा। चाहे इस में विलम्ब भी हो, तौभी उसकी बाट जोहते रहना; क्योंकि वह निश्चय पूरी होगी और उस में देर न होगी।"
    },
    "verse_number": 3
  },
  {
    "verse_count": "350204",
    "book_number": "35",
    "chapter_number": "2",
    "book_name": {
      "english": "HABAKKUK",
      "hindi": "हबक्कूक"
    },
    "verse": {
      "english": "Behold, his soul which is lifted up is not upright in him: but the just shall live by his faith.",
      "hindi": "देख, उसका मन फूला हुआ है, उसका मन सीधा नहीं है; परन्तु धर्मी अपने विश्वास के द्वारा जीवित रहेगा।"
    },
    "verse_number": 4
  },
  {
    "verse_count": "350205",
    "book_number": "35",
    "chapter_number": "2",
    "book_name": {
      "english": "HABAKKUK",
      "hindi": "हबक्कूक"
    },
    "verse": {
      "english": "Yea also, because he transgresseth by wine, he is a proud man, neither keepeth at home, who enlargeth his desire as hell, and is as death, and cannot be satisfied, but gathereth unto him all nations, and heapeth unto him all people:",
      "hindi": "दाखमधु से धोखा होता है; अहंकारी पुरूष घर में नहीं रहता, और उसकी लालसा अधोलोक के समान पूरी नहीं होती, और मृत्यु की नाईं उसका पेट नहीं भरता। वह सब जातियों को अपने पास खींच लेता, और सब देशों के लोगों को अपने पास इकट्ठे कर रखता है॥"
    },
    "verse_number": 5
  },
  {
    "verse_count": "350206",
    "book_number": "35",
    "chapter_number": "2",
    "book_name": {
      "english": "HABAKKUK",
      "hindi": "हबक्कूक"
    },
    "verse": {
      "english": "Shall not all these take up a parable against him, and a taunting proverb against him, and say, Woe to him that increaseth that which is not his! how long? and to him that ladeth himself with thick clay!",
      "hindi": "क्या वे सब उसका दृष्टान्त चला कर, और उस पर ताना मार कर न कहेंगे कि हाय उस पर जो पराया धल छीन छीनकर धनवान हो जाता है? कब तक? हाय उस पर जो अपना घर बन्धक की वस्तुओं से भर लेता है।"
    },
    "verse_number": 6
  },
  {
    "verse_count": "350207",
    "book_number": "35",
    "chapter_number": "2",
    "book_name": {
      "english": "HABAKKUK",
      "hindi": "हबक्कूक"
    },
    "verse": {
      "english": "Shall they not rise up suddenly that shall bite thee, and awake that shall vex thee, and thou shalt be for booties unto them?",
      "hindi": "जो तुझ से कर्ज लेते हैं, क्या वे लोग अचानक न उठेंगे? और क्या वे न जागेंगे जो तुझ को संकट में डालेंगे?"
    },
    "verse_number": 7
  },
  {
    "verse_count": "350208",
    "book_number": "35",
    "chapter_number": "2",
    "book_name": {
      "english": "HABAKKUK",
      "hindi": "हबक्कूक"
    },
    "verse": {
      "english": "Because thou hast spoiled many nations, all the remnant of the people shall spoil thee; because of men's blood, and for the violence of the land, of the city, and of all that dwell therein.",
      "hindi": "और क्या तू उन से लूटा न जाएगा? तू ने बहुत सी जातियों को लूट लिया है, सो सब बचे हुए लोग तुझे भी लूट लेंगे। इसका कारण मनुष्यों की हत्या, और वह अपद्रव भी जो तू ने इस देश और राजधानी और इसके सब रहने वालों पर किया है॥"
    },
    "verse_number": 8
  },
  {
    "verse_count": "350209",
    "book_number": "35",
    "chapter_number": "2",
    "book_name": {
      "english": "HABAKKUK",
      "hindi": "हबक्कूक"
    },
    "verse": {
      "english": "Woe to him that coveteth an evil covetousness to his house, that he may set his nest on high, that he may be delivered from the power of evil!",
      "hindi": "हाय उस पर, जो अपने घर के लिये अन्याय के लाभ का लोभी है ताकि वह अपना घोंसला ऊंचे स्थान में बनाकर विपत्ति से बचे।"
    },
    "verse_number": 9
  },
  {
    "verse_count": "3502010",
    "book_number": "35",
    "chapter_number": "2",
    "book_name": {
      "english": "HABAKKUK",
      "hindi": "हबक्कूक"
    },
    "verse": {
      "english": "Thou hast consulted shame to thy house by cutting off many people, and hast sinned against thy soul.",
      "hindi": "तू ने बहुत सी जातियों को काट कर अपने घर लिये लज्जा की युक्ति बान्धी, और अपने ही प्राण का दोषी ठहरा है।"
    },
    "verse_number": 10
  },
  {
    "verse_count": "3502011",
    "book_number": "35",
    "chapter_number": "2",
    "book_name": {
      "english": "HABAKKUK",
      "hindi": "हबक्कूक"
    },
    "verse": {
      "english": "For the stone shall cry out of the wall, and the beam out of the timber shall answer it.",
      "hindi": "क्योंकि घर की भीत का पत्थर दोहाई देता है, और उसके छत की कड़ी उनके स्वर में स्वर मिलाकर उत्तर देती हैं।"
    },
    "verse_number": 11
  },
  {
    "verse_count": "3502012",
    "book_number": "35",
    "chapter_number": "2",
    "book_name": {
      "english": "HABAKKUK",
      "hindi": "हबक्कूक"
    },
    "verse": {
      "english": "Woe to him that buildeth a town with blood, and stablisheth a city by iniquity!",
      "hindi": "हाय उस पर जो हत्या कर के नगर को बनाता, और कुटिलता कर के गढ़ को दृढ़ करता है।"
    },
    "verse_number": 12
  },
  {
    "verse_count": "3502013",
    "book_number": "35",
    "chapter_number": "2",
    "book_name": {
      "english": "HABAKKUK",
      "hindi": "हबक्कूक"
    },
    "verse": {
      "english": "Behold, is it not of the LORD of hosts that the people shall labour in the very fire, and the people shall weary themselves for very vanity?",
      "hindi": "देखो, क्या सेनाओं के यहोवा की ओर से यह नहीं होता कि देश देश के लोग परिश्रम तो करते हैं परन्तु वे आग का कौर होते हैं; और राज्य-राज्य के लोगों का परिश्रम व्यर्थ ही ठहरता है?"
    },
    "verse_number": 13
  },
  {
    "verse_count": "3502014",
    "book_number": "35",
    "chapter_number": "2",
    "book_name": {
      "english": "HABAKKUK",
      "hindi": "हबक्कूक"
    },
    "verse": {
      "english": "For the earth shall be filled with the knowledge of the glory of the LORD, as the waters cover the sea.",
      "hindi": "क्योंकि पृथ्वी यहोवा की महिमा के ज्ञान से ऐसी भर जाएगी जैसे समुद्र जल से भर जाता है॥"
    },
    "verse_number": 14
  },
  {
    "verse_count": "3502015",
    "book_number": "35",
    "chapter_number": "2",
    "book_name": {
      "english": "HABAKKUK",
      "hindi": "हबक्कूक"
    },
    "verse": {
      "english": "Woe unto him that giveth his neighbour drink, that puttest thy bottle to him, and makest him drunken also, that thou mayest look on their nakedness!",
      "hindi": "हाय उस पर, जो अपने पड़ोसी को मदिरा पिलाता, और उस में विष मिलाकर उसको मतवाला कर देता है कि उसको नंगा देखे।"
    },
    "verse_number": 15
  },
  {
    "verse_count": "3502016",
    "book_number": "35",
    "chapter_number": "2",
    "book_name": {
      "english": "HABAKKUK",
      "hindi": "हबक्कूक"
    },
    "verse": {
      "english": "Thou art filled with shame for glory: drink thou also, and let thy foreskin be uncovered: the cup of the LORD's right hand shall be turned unto thee, and shameful spewing shall be on thy glory.",
      "hindi": "तू महिमा की सन्ती अपमान ही से भर गया है। तू भी पी, और अपने को खतनाहीन प्रगट कर! जो कटोरा यहोवा के दाहिने हाथ में रहता है, सो घूम कर तेरी ओर भी जाएगा, और तेरा वैभव तेरी छांट से अशुद्ध हो जाएगा।"
    },
    "verse_number": 16
  },
  {
    "verse_count": "3502017",
    "book_number": "35",
    "chapter_number": "2",
    "book_name": {
      "english": "HABAKKUK",
      "hindi": "हबक्कूक"
    },
    "verse": {
      "english": "For the violence of Lebanon shall cover thee, and the spoil of beasts, which made them afraid, because of men's blood, and for the violence of the land, of the city, and of all that dwell therein.",
      "hindi": "क्योंकि लबानोन में तेरा किया हुआ उपद्रव और वहां के पशुओं पर तेरा किया हुआ उत्पात, जिन से वे भयभीत हो गए थे, तुझी पर आ पड़ेंगे। यह मनुष्यों की हत्या और उस उपद्रव के कारण होगा, जो इस देश और राजधानी और इसके सब रहने वालों पर किया गया है॥"
    },
    "verse_number": 17
  },
  {
    "verse_count": "3502018",
    "book_number": "35",
    "chapter_number": "2",
    "book_name": {
      "english": "HABAKKUK",
      "hindi": "हबक्कूक"
    },
    "verse": {
      "english": "What profiteth the graven image that the maker thereof hath graven it; the molten image, and a teacher of lies, that the maker of his work trusteth therein, to make dumb idols?",
      "hindi": "खुदी हुई मूरत में क्या लाभ देख कर बनाने वाले ने उसे खोदा है? फिर झूठ सिखाने वाली और ढली हुई मूरत में क्या लाभ देख कर ढालने वाले ने उस पर इतना भरोसा रखा है कि न बोलने वाली और निकम्मी मूरत बनाए?"
    },
    "verse_number": 18
  },
  {
    "verse_count": "3502019",
    "book_number": "35",
    "chapter_number": "2",
    "book_name": {
      "english": "HABAKKUK",
      "hindi": "हबक्कूक"
    },
    "verse": {
      "english": "Woe unto him that saith to the wood, Awake; to the dumb stone, Arise, it shall teach! Behold, it is laid over with gold and silver, and there is no breath at all in the midst of it.",
      "hindi": "हाय उस पर जो काठ से कहता है, जाग, वा अबोल पत्थर से, उठ! क्या वह सिखाएगा? देखो, वह सोने चान्दी में मढ़ा हुआ है, परन्तु उस में आत्मा नहीं है॥"
    },
    "verse_number": 19
  },
  {
    "verse_count": "3502020",
    "book_number": "35",
    "chapter_number": "2",
    "book_name": {
      "english": "HABAKKUK",
      "hindi": "हबक्कूक"
    },
    "verse": {
      "english": "But the LORD is in his holy temple: let all the earth keep silence before him.",
      "hindi": "परन्तु यहोवा अपने पवित्र मन्दिर में है; समस्त पृथ्वी उसके साम्हने शान्त रहे॥"
    },
    "verse_number": 20
  },
  {
    "verse_count": "350301",
    "book_number": "35",
    "chapter_number": "3",
    "book_name": {
      "english": "HABAKKUK",
      "hindi": "हबक्कूक"
    },
    "verse": {
      "english": "Aprayer of Habakkuk the prophet upon Shigionoth.",
      "hindi": "शिग्योनीत की रीति पर हबक्कूक नबी की प्रार्थना॥"
    },
    "verse_number": 1
  },
  {
    "verse_count": "350302",
    "book_number": "35",
    "chapter_number": "3",
    "book_name": {
      "english": "HABAKKUK",
      "hindi": "हबक्कूक"
    },
    "verse": {
      "english": "O LORD, I have heard thy speech, and was afraid: O LORD, revive thy work in the midst of the years, in the midst of the years make known; in wrath remember mercy.",
      "hindi": "हे यहोवा, मैं तेरी कीर्ति सुन कर डर गया। हे यहोवा, वर्तमान युग में अपने काम को पूरा कर; इसी युग में तू उसको प्रकट कर; क्रोध करते हुए भी दया करना स्मरण कर॥"
    },
    "verse_number": 2
  },
  {
    "verse_count": "350303",
    "book_number": "35",
    "chapter_number": "3",
    "book_name": {
      "english": "HABAKKUK",
      "hindi": "हबक्कूक"
    },
    "verse": {
      "english": "God came from Teman, and the Holy One from mount Paran. Selah. His glory covered the heavens, and the earth was full of his praise.",
      "hindi": "ईश्वर तेमान से आया, पवित्र ईश्वर परान पर्वत से आ रहा है। उसका तेज आकाश पर छाया हुआ है, और पृथ्वी उसकी स्तुति से परिपूर्ण हो गई है॥"
    },
    "verse_number": 3
  },
  {
    "verse_count": "350304",
    "book_number": "35",
    "chapter_number": "3",
    "book_name": {
      "english": "HABAKKUK",
      "hindi": "हबक्कूक"
    },
    "verse": {
      "english": "And his brightness was as the light; he had horns coming out of his hand: and there was the hiding of his power.",
      "hindi": "उसकी ज्योति सूर्य के तुल्य थी, उसके हाथ से किरणें निकल रही थीं; और इन में उसका सामर्थ छिपा हुआ था।"
    },
    "verse_number": 4
  },
  {
    "verse_count": "350305",
    "book_number": "35",
    "chapter_number": "3",
    "book_name": {
      "english": "HABAKKUK",
      "hindi": "हबक्कूक"
    },
    "verse": {
      "english": "Before him went the pestilence, and burning coals went forth at his feet.",
      "hindi": "उसके आगे आगे मरी फैलती गई, और उसके पांवों से महाज्वर निकलता गया।"
    },
    "verse_number": 5
  },
  {
    "verse_count": "350306",
    "book_number": "35",
    "chapter_number": "3",
    "book_name": {
      "english": "HABAKKUK",
      "hindi": "हबक्कूक"
    },
    "verse": {
      "english": "He stood, and measured the earth: he beheld, and drove asunder the nations; and the everlasting mountains were scattered, the perpetual hills did bow: his ways are everlasting.",
      "hindi": "वह खड़ा हो कर पृथ्वी को नाप रहा था; उसने देखा और जाति जाति के लोग घबरा गए; तब सनातन पर्वत चकनाचूर हो गए, और सनातन की पहाडिय़ां झुक गईं उसकी गति अनन्त काल से एक सी है।"
    },
    "verse_number": 6
  },
  {
    "verse_count": "350307",
    "book_number": "35",
    "chapter_number": "3",
    "book_name": {
      "english": "HABAKKUK",
      "hindi": "हबक्कूक"
    },
    "verse": {
      "english": "I saw the tents of Cushan in affliction: and the curtains of the land of Midian did tremble.",
      "hindi": "मुझे कूशान के तम्बू में रहने वाले दु:ख से दबे दिखाई पड़े; और मिद्यान देश के डेरे डगमगा गए।"
    },
    "verse_number": 7
  },
  {
    "verse_count": "350308",
    "book_number": "35",
    "chapter_number": "3",
    "book_name": {
      "english": "HABAKKUK",
      "hindi": "हबक्कूक"
    },
    "verse": {
      "english": "Was the LORD displeased against the rivers? was thine anger against the rivers? was thy wrath against the sea, that thou didst ride upon thine horses and thy chariots of salvation?",
      "hindi": "हे यहोवा, क्या तू नदियों पर रिसियाया था? क्या तेरा क्रोध नदियों पर भड़का था, अथवा क्या तेरी जलजलाहट समुद्र पर भड़की थी, जब तू अपने घोड़ों पर और उद्धार करने वाले विजयी रथों पर चढ़कर आ रहा था?"
    },
    "verse_number": 8
  },
  {
    "verse_count": "350309",
    "book_number": "35",
    "chapter_number": "3",
    "book_name": {
      "english": "HABAKKUK",
      "hindi": "हबक्कूक"
    },
    "verse": {
      "english": "Thy bow was made quite naked, according to the oaths of the tribes, even thy word. Selah. Thou didst cleave the earth with rivers.",
      "hindi": "तेरा धनुष खोल में से निकल गया, तेरे दण्ड का वचन शाप के साथ हुआ था। तू ने धरती को नदियों से चीर डाला।"
    },
    "verse_number": 9
  },
  {
    "verse_count": "3503010",
    "book_number": "35",
    "chapter_number": "3",
    "book_name": {
      "english": "HABAKKUK",
      "hindi": "हबक्कूक"
    },
    "verse": {
      "english": "The mountains saw thee, and they trembled: the overflowing of the water passed by: the deep uttered his voice, and lifted up his hands on high.",
      "hindi": "पहाड़ तुझे देख कर कांप उठे; आंधी और जलप्रलय निकल गए; गहिरा सागर बोल उठा और अपने हाथों अर्थात लहरों को ऊपर उठाया।"
    },
    "verse_number": 10
  },
  {
    "verse_count": "3503011",
    "book_number": "35",
    "chapter_number": "3",
    "book_name": {
      "english": "HABAKKUK",
      "hindi": "हबक्कूक"
    },
    "verse": {
      "english": "The sun and moon stood still in their habitation: at the light of thine arrows they went, and at the shining of thy glittering spear.",
      "hindi": "तेरे उड़ने वाले तीरों के चलने की ज्योति से, और तेरे चमकीले भाले की फलक के प्रकाश से सूर्य और चन्द्रमा अपने अपने स्थान पर ठहर गए॥"
    },
    "verse_number": 11
  },
  {
    "verse_count": "3503012",
    "book_number": "35",
    "chapter_number": "3",
    "book_name": {
      "english": "HABAKKUK",
      "hindi": "हबक्कूक"
    },
    "verse": {
      "english": "Thou didst march through the land in indignation, thou didst thresh the heathen in anger.",
      "hindi": "तू क्रोध में आकर पृथ्वी पर चल निकला, तू ने जाति जाति को क्रोध से नाश किया।"
    },
    "verse_number": 12
  },
  {
    "verse_count": "3503013",
    "book_number": "35",
    "chapter_number": "3",
    "book_name": {
      "english": "HABAKKUK",
      "hindi": "हबक्कूक"
    },
    "verse": {
      "english": "Thou wentest forth for the salvation of thy people, even for salvation with thine anointed; thou woundedst the head out of the house of the wicked, by discovering the foundation unto the neck. Selah.",
      "hindi": "तू अपनी प्रजा के उद्धार के लिये निकला, हां, अपने अभिषिक्त के संग हो कर उद्धार के लिये निकला। तू ने दुष्ट के घर के सिर को घायल कर के उसे गल से नेव तक नंगा कर दिया।"
    },
    "verse_number": 13
  },
  {
    "verse_count": "3503014",
    "book_number": "35",
    "chapter_number": "3",
    "book_name": {
      "english": "HABAKKUK",
      "hindi": "हबक्कूक"
    },
    "verse": {
      "english": "Thou didst strike through with his staves the head of his villages: they came out as a whirlwind to scatter me: their rejoicing was as to devour the poor secretly.",
      "hindi": "तू ने उसके योद्धाओं के सिरों को उसी की बर्छी से छेदा है, वे मुझ को तितर-बितर करने के लिये बवंडर की आंधी की नाईं आए, और दीन लोगों को घात लगा कर मार डालने की आशा से आनन्दित थे।"
    },
    "verse_number": 14
  },
  {
    "verse_count": "3503015",
    "book_number": "35",
    "chapter_number": "3",
    "book_name": {
      "english": "HABAKKUK",
      "hindi": "हबक्कूक"
    },
    "verse": {
      "english": "Thou didst walk through the sea with thine horses, through the heap of great waters.",
      "hindi": "तू अपने घोड़ों पर सवार हो कर समुद्र से हां, जलप्रलय से पार हो गया॥"
    },
    "verse_number": 15
  },
  {
    "verse_count": "3503016",
    "book_number": "35",
    "chapter_number": "3",
    "book_name": {
      "english": "HABAKKUK",
      "hindi": "हबक्कूक"
    },
    "verse": {
      "english": "When I heard, my belly trembled; my lips quivered at the voice: rottenness entered into my bones, and I trembled in myself, that I might rest in the day of trouble: when he cometh up unto the people, he will invade them with his troops.",
      "hindi": "यह सब सुनते ही मेरा कलेजा कांप उठा, मेरे ओंठ थरथराने लगे; मेरी हड्डियां सड़ने लगीं, और मैं खड़े खड़े कांपने लगा। मैं शान्ति से उस दिन की बाट जोहता रहूंगा जब दल बांध कर प्रजा चढ़ाई करे॥"
    },
    "verse_number": 16
  },
  {
    "verse_count": "3503017",
    "book_number": "35",
    "chapter_number": "3",
    "book_name": {
      "english": "HABAKKUK",
      "hindi": "हबक्कूक"
    },
    "verse": {
      "english": "Although the fig tree shall not blossom, neither shall fruit be in the vines; the labour of the olive shall fail, and the fields shall yield no meat; the flock shall be cut off from the fold, and there shall be no herd in the stalls:",
      "hindi": "क्योंकि चाहे अंजीर के वृक्षों में फूल न लगें, और न दाखलताओं में फल लगें, जलपाई के वृक्ष से केवल धोखा पाया जाए और खेतों में अन्न न उपजे, भेड़शालाओं में भेड़-बकरियां न रहें, और न थानों में गाय बैल हों,"
    },
    "verse_number": 17
  },
  {
    "verse_count": "3503018",
    "book_number": "35",
    "chapter_number": "3",
    "book_name": {
      "english": "HABAKKUK",
      "hindi": "हबक्कूक"
    },
    "verse": {
      "english": "Yet I will rejoice in the LORD, I will joy in the God of my salvation.",
      "hindi": "तौभी मैं यहोवा के कारण आनन्दित और मगन रहूंगा, और अपने उद्धारकर्त्ता परमेश्वर के द्वारा अति प्रसन्न रहूंगा॥"
    },
    "verse_number": 18
  },
  {
    "verse_count": "3503019",
    "book_number": "35",
    "chapter_number": "3",
    "book_name": {
      "english": "HABAKKUK",
      "hindi": "हबक्कूक"
    },
    "verse": {
      "english": "The LORD God is my strength, and he will make my feet like hinds' feet, and he will make me to walk upon mine high places. To the chief singer on my stringed instruments.",
      "hindi": "यहोवा परमेश्वर मेरा बलमूल है, वह मेरे पांव हरिणों के समान बना देता है, वह मुझ को मेरे ऊंचे स्थानों पर चलाता है॥"
    },
    "verse_number": 19
  }
]