[
  {
    "verse_count": "610101",
    "book_number": "61",
    "chapter_number": "1",
    "book_name": {
      "english": "2 PETER",
      "hindi": "2 पतरस"
    },
    "verse": {
      "english": "Simon Peter, a servant and an apostle of Jesus Christ, to them that have obtained like precious faith with us through the righteousness of God and our Saviour Jesus Christ:",
      "hindi": "शमौन पतरस की और से जो यीशु मसीह का दास और प्रेरित है, उन लोगों के नाम जिन्होंने हमारे परमेश्वर और उद्धारकर्ता यीशु मसीह की धामिर्कता से हमारा सा बहुमूल्य विश्वास प्राप्त किया है।"
    },
    "verse_number": 1
  },
  {
    "verse_count": "610102",
    "book_number": "61",
    "chapter_number": "1",
    "book_name": {
      "english": "2 PETER",
      "hindi": "2 पतरस"
    },
    "verse": {
      "english": "Grace and peace be multiplied unto you through the knowledge of God, and of Jesus our Lord,",
      "hindi": "परमेश्वर के और हमारे प्रभु यीशु की पहचान के द्वारा अनुग्रह और शान्ति तुम में बहुतायत से बढ़ती जाए।"
    },
    "verse_number": 2
  },
  {
    "verse_count": "610103",
    "book_number": "61",
    "chapter_number": "1",
    "book_name": {
      "english": "2 PETER",
      "hindi": "2 पतरस"
    },
    "verse": {
      "english": "According as his divine power hath given unto us all things that pertain unto life and godliness, through the knowledge of him that hath called us to glory and virtue:",
      "hindi": "क्योंकि उसके ईश्वरीय सामर्थ ने सब कुछ जो जीवन और भक्ति से सम्बन्ध रखता है, हमें उसी की पहचान के द्वारा दिया है, जिस ने हमें अपनी ही महिमा और सद्गुण के अनुसार बुलाया है।"
    },
    "verse_number": 3
  },
  {
    "verse_count": "610104",
    "book_number": "61",
    "chapter_number": "1",
    "book_name": {
      "english": "2 PETER",
      "hindi": "2 पतरस"
    },
    "verse": {
      "english": "Whereby are given unto us exceeding great and precious promises: that by these ye might be partakers of the divine nature, having escaped the corruption that is in the world through lust.",
      "hindi": "जिन के द्वारा उस ने हमें बहुमूल्य और बहुत ही बड़ी प्रतिज्ञाएं दी हैं: ताकि इन के द्वारा तुम उस सड़ाहट से छूट कर जो संसार में बुरी अभिलाषाओं से होती है, ईश्वरीय स्वभाव के समभागी हो जाओ।"
    },
    "verse_number": 4
  },
  {
    "verse_count": "610105",
    "book_number": "61",
    "chapter_number": "1",
    "book_name": {
      "english": "2 PETER",
      "hindi": "2 पतरस"
    },
    "verse": {
      "english": "And beside this, giving all diligence, add to your faith virtue; and to virtue knowledge;",
      "hindi": "और इसी कारण तुम सब प्रकार का यत्न करके, अपने विश्वास पर सद्गुण, और सद्गुण पर समझ।"
    },
    "verse_number": 5
  },
  {
    "verse_count": "610106",
    "book_number": "61",
    "chapter_number": "1",
    "book_name": {
      "english": "2 PETER",
      "hindi": "2 पतरस"
    },
    "verse": {
      "english": "And to knowledge temperance; and to temperance patience; and to patience godliness;",
      "hindi": "और समझ पर संयम, और संयम पर धीरज, और धीरज पर भक्ति।"
    },
    "verse_number": 6
  },
  {
    "verse_count": "610107",
    "book_number": "61",
    "chapter_number": "1",
    "book_name": {
      "english": "2 PETER",
      "hindi": "2 पतरस"
    },
    "verse": {
      "english": "And to godliness brotherly kindness; and to brotherly kindness charity.",
      "hindi": "और भक्ति पर भाईचारे की प्रीति, और भाईचारे की प्रीति पर प्रेम बढ़ाते जाओ।"
    },
    "verse_number": 7
  },
  {
    "verse_count": "610108",
    "book_number": "61",
    "chapter_number": "1",
    "book_name": {
      "english": "2 PETER",
      "hindi": "2 पतरस"
    },
    "verse": {
      "english": "For if these things be in you, and abound, they make you that ye shall neither be barren nor unfruitful in the knowledge of our Lord Jesus Christ.",
      "hindi": "क्योंकि यदि ये बातें तुम में वर्तमान रहें, और बढ़ती जाएं, तो तुम्हें हमारे प्रभु यीशु मसीह के पहचानने में निकम्मे और निष्फल न होने देंगी।"
    },
    "verse_number": 8
  },
  {
    "verse_count": "610109",
    "book_number": "61",
    "chapter_number": "1",
    "book_name": {
      "english": "2 PETER",
      "hindi": "2 पतरस"
    },
    "verse": {
      "english": "But he that lacketh these things is blind, and cannot see afar off, and hath forgotten that he was purged from his old sins.",
      "hindi": "और जिस में ये बातें नहीं, वह अन्धा है, और धुन्धला देखता है, और अपने पूर्वकाली पापों से धुल कर शुद्ध होने को भूल बैठा है।"
    },
    "verse_number": 9
  },
  {
    "verse_count": "6101010",
    "book_number": "61",
    "chapter_number": "1",
    "book_name": {
      "english": "2 PETER",
      "hindi": "2 पतरस"
    },
    "verse": {
      "english": "Wherefore the rather, brethren, give diligence to make your calling and election sure: for if ye do these things, ye shall never fall:",
      "hindi": "इस कारण हे भाइयों, अपने बुलाए जाने, और चुन लिये जाने को सिद्ध करने का भली भांति यत्न करते जाओ, क्योंकि यदि ऐसा करोगे, तो कभी भी ठोकर न खाओगे।"
    },
    "verse_number": 10
  },
  {
    "verse_count": "6101011",
    "book_number": "61",
    "chapter_number": "1",
    "book_name": {
      "english": "2 PETER",
      "hindi": "2 पतरस"
    },
    "verse": {
      "english": "For so an entrance shall be ministered unto you abundantly into the everlasting kingdom of our Lord and Saviour Jesus Christ.",
      "hindi": "वरन इस रीति से तुम हमारे प्रभु और उद्धारकर्ता यीशु मसीह के अनन्त राज्य में बड़े आदर के साथ प्रवेश करने पाओगे।"
    },
    "verse_number": 11
  },
  {
    "verse_count": "6101012",
    "book_number": "61",
    "chapter_number": "1",
    "book_name": {
      "english": "2 PETER",
      "hindi": "2 पतरस"
    },
    "verse": {
      "english": "Wherefore I will not be negligent to put you always in remembrance of these things, though ye know them, and be established in the present truth.",
      "hindi": "इसलिये यद्यपि तुम ये बातें जानते हो, और जो सत्य वचन तुम्हें मिला है, उस में बने रहते हो, तौभी मैं तुम्हें इन बातों की सुधि दिलाने को सर्वदा तैयार रहूंगा।"
    },
    "verse_number": 12
  },
  {
    "verse_count": "6101013",
    "book_number": "61",
    "chapter_number": "1",
    "book_name": {
      "english": "2 PETER",
      "hindi": "2 पतरस"
    },
    "verse": {
      "english": "Yea, I think it meet, as long as I am in this tabernacle, to stir you up by putting you in remembrance;",
      "hindi": "और मैं यह अपने लिये उचित समझता हूं, कि जब तक मैं इस डेरे में हूं, तब तक तुम्हें सुधि दिला दिलाकर उभारता रहूं।"
    },
    "verse_number": 13
  },
  {
    "verse_count": "6101014",
    "book_number": "61",
    "chapter_number": "1",
    "book_name": {
      "english": "2 PETER",
      "hindi": "2 पतरस"
    },
    "verse": {
      "english": "Knowing that shortly I must put off this my tabernacle, even as our Lord Jesus Christ hath shewed me.",
      "hindi": "क्योंकि यह जानता हूं, कि मसीह के वचन के अनुसार मेरे डेरे के गिराए जाने का समय शीघ्र आने वाला है।"
    },
    "verse_number": 14
  },
  {
    "verse_count": "6101015",
    "book_number": "61",
    "chapter_number": "1",
    "book_name": {
      "english": "2 PETER",
      "hindi": "2 पतरस"
    },
    "verse": {
      "english": "Moreover I will endeavour that ye may be able after my decease to have these things always in remembrance.",
      "hindi": "इसलिये मैं ऐसा यत्न करूंगा, कि मेरे कूच करने के बाद तुम इन सब बातों को सर्वदा स्मरण कर सको।"
    },
    "verse_number": 15
  },
  {
    "verse_count": "6101016",
    "book_number": "61",
    "chapter_number": "1",
    "book_name": {
      "english": "2 PETER",
      "hindi": "2 पतरस"
    },
    "verse": {
      "english": "For we have not followed cunningly devised fables, when we made known unto you the power and coming of our Lord Jesus Christ, but were eyewitnesses of his majesty.",
      "hindi": "क्योंकि जब हम ने तुम्हें अपने प्रभु यीशु मसीह की सामर्थ का, और आगमन का समाचार दिया था तो वह चतुराई से गढ़ी हुई कहानियों का अनुकरण नहीं किया था वरन हम ने आप ही उसके प्रताप को देखा था।"
    },
    "verse_number": 16
  },
  {
    "verse_count": "6101017",
    "book_number": "61",
    "chapter_number": "1",
    "book_name": {
      "english": "2 PETER",
      "hindi": "2 पतरस"
    },
    "verse": {
      "english": "For he received from God the Father honour and glory, when there came such a voice to him from the excellent glory, This is my beloved Son, in whom I am well pleased.",
      "hindi": "कि उस ने परमेश्वर पिता से आदर, और महिमा पाई जब उस प्रतापमय महिमा में से यह वाणी आई कि यह मेरा प्रिय पुत्र है जिस से मैं प्रसन्न हूं।"
    },
    "verse_number": 17
  },
  {
    "verse_count": "6101018",
    "book_number": "61",
    "chapter_number": "1",
    "book_name": {
      "english": "2 PETER",
      "hindi": "2 पतरस"
    },
    "verse": {
      "english": "And this voice which came from heaven we heard, when we were with him in the holy mount.",
      "hindi": "और जब हम उसके साथ पवित्र पहाड़ पर थे, तो स्वर्ग से यही वाणी आते सुनी।"
    },
    "verse_number": 18
  },
  {
    "verse_count": "6101019",
    "book_number": "61",
    "chapter_number": "1",
    "book_name": {
      "english": "2 PETER",
      "hindi": "2 पतरस"
    },
    "verse": {
      "english": "We have also a more sure word of prophecy; whereunto ye do well that ye take heed, as unto a light that shineth in a dark place, until the day dawn, and the day star arise in your hearts:",
      "hindi": "और हमारे पास जो भविष्यद्वक्ताओं का वचन है, वह इस घटना से दृढ़ ठहरा है और तुम यह अच्छा करते हो, कि जो यह समझ कर उस पर ध्यान करते हो, कि वह एक दीया है, जो अन्धियारे स्थान में उस समय तक प्रकाश देता रहता है जब तक कि पौ न फटे, और भोर का तारा तुम्हारे हृदयों में न चमक उठे।"
    },
    "verse_number": 19
  },
  {
    "verse_count": "6101020",
    "book_number": "61",
    "chapter_number": "1",
    "book_name": {
      "english": "2 PETER",
      "hindi": "2 पतरस"
    },
    "verse": {
      "english": "Knowing this first, that no prophecy of the scripture is of any private interpretation.",
      "hindi": "पर पहिले यह जान लो कि पवित्र शास्त्र की कोई भी भविष्यद्वाणी किसी के अपने ही विचारधारा के आधार पर पूर्ण नहीं होती।"
    },
    "verse_number": 20
  },
  {
    "verse_count": "6101021",
    "book_number": "61",
    "chapter_number": "1",
    "book_name": {
      "english": "2 PETER",
      "hindi": "2 पतरस"
    },
    "verse": {
      "english": "For the prophecy came not in old time by the will of man: but holy men of God spake as they were moved by the Holy Ghost.",
      "hindi": "क्योंकि कोई भी भविष्यद्वाणी मनुष्य की इच्छा से कभी नहीं हुई पर भक्त जन पवित्र आत्मा के द्वारा उभारे जाकर परमेश्वर की ओर से बोलते थे॥"
    },
    "verse_number": 21
  },
  {
    "verse_count": "610201",
    "book_number": "61",
    "chapter_number": "2",
    "book_name": {
      "english": "2 PETER",
      "hindi": "2 पतरस"
    },
    "verse": {
      "english": "But there were false prophets also among the people, even as there shall be false teachers among you, who privily shall bring in damnable heresies, even denying the Lord that bought them, and bring upon themselves swift destruction.",
      "hindi": "और जिस प्रकार उन लोगों में झूठे भविष्यद्वक्ता थे उसी प्रकार तुम में भी झूठे उपदेशक होंगे, जो नाश करने वाले पाखण्ड का उद्घाटन छिप छिपकर करेंगे और उस स्वामी का जिस ने उन्हें मोल लिया है इन्कार करेंगे और अपने आप को शीघ्र विनाश में डाल देंगे।"
    },
    "verse_number": 1
  },
  {
    "verse_count": "610202",
    "book_number": "61",
    "chapter_number": "2",
    "book_name": {
      "english": "2 PETER",
      "hindi": "2 पतरस"
    },
    "verse": {
      "english": "And many shall follow their pernicious ways; by reason of whom the way of truth shall be evil spoken of.",
      "hindi": "और बहुतेरे उन की नाईं लुचपन करेंगे, जिन के कारण सत्य के मार्ग की निन्दा की जाएगी।"
    },
    "verse_number": 2
  },
  {
    "verse_count": "610203",
    "book_number": "61",
    "chapter_number": "2",
    "book_name": {
      "english": "2 PETER",
      "hindi": "2 पतरस"
    },
    "verse": {
      "english": "And through covetousness shall they with feigned words make merchandise of you: whose judgment now of a long time lingereth not, and their damnation slumbereth not.",
      "hindi": "और वे लोभ के लिये बातें गढ़ कर तुम्हें अपने लाभ का कारण बनाएंगे, और जो दण्ड की आज्ञा उन पर पहिले से हो चुकी है, उसके आने में कुछ भी देर नहीं, और उन का विनाश ऊंघता नहीं।"
    },
    "verse_number": 3
  },
  {
    "verse_count": "610204",
    "book_number": "61",
    "chapter_number": "2",
    "book_name": {
      "english": "2 PETER",
      "hindi": "2 पतरस"
    },
    "verse": {
      "english": "For if God spared not the angels that sinned, but cast them down to hell, and delivered them into chains of darkness, to be reserved unto judgment;",
      "hindi": "क्योंकि जब परमेश्वर ने उन स्वर्गदूतों को जिन्हों ने पाप किया नहीं छोड़ा, पर नरक में भेज कर अन्धेरे कुण्डों में डाल दिया, ताकि न्याय के दिन तक बन्दी रहें।"
    },
    "verse_number": 4
  },
  {
    "verse_count": "610205",
    "book_number": "61",
    "chapter_number": "2",
    "book_name": {
      "english": "2 PETER",
      "hindi": "2 पतरस"
    },
    "verse": {
      "english": "And spared not the old world, but saved Noah the eighth person, a preacher of righteousness, bringing in the flood upon the world of the ungodly;",
      "hindi": "और प्रथम युग के संसार को भी न छोड़ा, वरन भक्तिहीन संसार पर महा जल-प्रलय भेजकर धर्म के प्रचारक नूह समेत आठ व्यक्तियों को बचा लिया।"
    },
    "verse_number": 5
  },
  {
    "verse_count": "610206",
    "book_number": "61",
    "chapter_number": "2",
    "book_name": {
      "english": "2 PETER",
      "hindi": "2 पतरस"
    },
    "verse": {
      "english": "And turning the cities of Sodom and Gomorrha into ashes condemned them with an overthrow, making them an ensample unto those that after should live ungodly;",
      "hindi": "और सदोम और अमोरा के नगरों को विनाश का ऐसा दण्ड दिया, कि उन्हें भस्म करके राख में मिला दिया ताकि वे आने वाले भक्तिहीन लोगों की शिक्षा के लिये एक दृष्टान्त बनें।"
    },
    "verse_number": 6
  },
  {
    "verse_count": "610207",
    "book_number": "61",
    "chapter_number": "2",
    "book_name": {
      "english": "2 PETER",
      "hindi": "2 पतरस"
    },
    "verse": {
      "english": "And delivered just Lot, vexed with the filthy conversation of the wicked:",
      "hindi": "और धर्मी लूत को जो अधमिर्यों के अशुद्ध चाल-चलन से बहुत दुखी था छुटकारा दिया।"
    },
    "verse_number": 7
  },
  {
    "verse_count": "610208",
    "book_number": "61",
    "chapter_number": "2",
    "book_name": {
      "english": "2 PETER",
      "hindi": "2 पतरस"
    },
    "verse": {
      "english": "(For that righteous man dwelling among them, in seeing and hearing, vexed his righteous soul from day to day with their unlawful deeds;)",
      "hindi": "( क्योंकि वह धर्मी उन के बीच में रहते हुए, और उन के अधर्म के कामों को देख देख कर, और सुन सुन कर, हर दिन अपने सच्चे मन को पीडित करता था)।"
    },
    "verse_number": 8
  },
  {
    "verse_count": "610209",
    "book_number": "61",
    "chapter_number": "2",
    "book_name": {
      "english": "2 PETER",
      "hindi": "2 पतरस"
    },
    "verse": {
      "english": "The Lord knoweth how to deliver the godly out of temptations, and to reserve the unjust unto the day of judgment to be punished:",
      "hindi": "तो प्रभु के भक्तों को परीक्षा में से निकाल लेना और अधमिर्यों को न्याय के दिन तक दण्ड की दशा में रखना भी जानता है।"
    },
    "verse_number": 9
  },
  {
    "verse_count": "6102010",
    "book_number": "61",
    "chapter_number": "2",
    "book_name": {
      "english": "2 PETER",
      "hindi": "2 पतरस"
    },
    "verse": {
      "english": "But chiefly them that walk after the flesh in the lust of uncleanness, and despise government. Presumptuous are they, selfwilled, they are not afraid to speak evil of dignities.",
      "hindi": "निज करके उन्हें जो अशुद्ध अभिलाषाओं के पीछे शरीर के अनुसार चलते, और प्रभुता को तुच्छ जानते हैं: वे ढीठ, और हठी हैं, और ऊंचे पद वालों को बुरा भला कहने से नहीं डरते।"
    },
    "verse_number": 10
  },
  {
    "verse_count": "6102011",
    "book_number": "61",
    "chapter_number": "2",
    "book_name": {
      "english": "2 PETER",
      "hindi": "2 पतरस"
    },
    "verse": {
      "english": "Whereas angels, which are greater in power and might, bring not railing accusation against them before the Lord.",
      "hindi": "तौभी स्वर्गदूत जो शक्ति और सामर्थ में उन से बड़े हैं, प्रभु के साम्हने उन्हें बुरा भला कह कर दोष नहीं लगाते।"
    },
    "verse_number": 11
  },
  {
    "verse_count": "6102012",
    "book_number": "61",
    "chapter_number": "2",
    "book_name": {
      "english": "2 PETER",
      "hindi": "2 पतरस"
    },
    "verse": {
      "english": "But these, as natural brute beasts, made to be taken and destroyed, speak evil of the things that they understand not; and shall utterly perish in their own corruption;",
      "hindi": "पर ये लोग निर्बुद्धि पशुओं ही के तुल्य हैं, जो पकड़े जाने और नाश होने के लिये उत्पन्न हुए हैं; और जिन बातों को जानते ही नहीं, उन के विषय में औरों को बुरा भला कहते हैं, वे अपनी सड़ाहट में आप ही सड़ जाएंगे।"
    },
    "verse_number": 12
  },
  {
    "verse_count": "6102013",
    "book_number": "61",
    "chapter_number": "2",
    "book_name": {
      "english": "2 PETER",
      "hindi": "2 पतरस"
    },
    "verse": {
      "english": "And shall receive the reward of unrighteousness, as they that count it pleasure to riot in the day time. Spots they are and blemishes, sporting themselves with their own deceivings while they feast with you;",
      "hindi": "औरों का बुरा करने के बदले उन्हीं का बुरा होगा: उन्हें दिन दोपहर सुख-विलास करना भला लगता है; यह कलंक और दोष है- जब वे तुम्हारे साथ खाते पीते हैं, तो अपनी ओर से प्रेम भोज करके भोग-विलास करते हैं।"
    },
    "verse_number": 13
  },
  {
    "verse_count": "6102014",
    "book_number": "61",
    "chapter_number": "2",
    "book_name": {
      "english": "2 PETER",
      "hindi": "2 पतरस"
    },
    "verse": {
      "english": "Having eyes full of adultery, and that cannot cease from sin; beguiling unstable souls: an heart they have exercised with covetous practices; cursed children:",
      "hindi": "उन ही आंखों में व्यभिचार बसा हुआ है, और वे पाप किए बिना रूक नहीं सकते: वे चंचल मन वालों को फुसला लेते हैं; उन के मन को लोभ करने का अभ्यास हो गया है, वे सन्ताप के सन्तान हैं।"
    },
    "verse_number": 14
  },
  {
    "verse_count": "6102015",
    "book_number": "61",
    "chapter_number": "2",
    "book_name": {
      "english": "2 PETER",
      "hindi": "2 पतरस"
    },
    "verse": {
      "english": "Which have forsaken the right way, and are gone astray, following the way of Balaam the son of Bosor, who loved the wages of unrighteousness;",
      "hindi": "वे सीधे मार्ग को छोड़कर भटक गए हैं, और बओर के पुत्र बिलाम के मार्ग पर हो लिए हैं; जिस ने अधर्म की मजदूरी को प्रिय जाना।"
    },
    "verse_number": 15
  },
  {
    "verse_count": "6102016",
    "book_number": "61",
    "chapter_number": "2",
    "book_name": {
      "english": "2 PETER",
      "hindi": "2 पतरस"
    },
    "verse": {
      "english": "But was rebuked for his iniquity: the dumb ass speaking with man's voice forbad the madness of the prophet.",
      "hindi": "पर उसके अपराध के विषय में उलाहना दिया गया, यहां तक कि अबोल गदही ने मनुष्य की बोली से उस भविष्यद्वक्ता को उसके बावलेपन से रोका।"
    },
    "verse_number": 16
  },
  {
    "verse_count": "6102017",
    "book_number": "61",
    "chapter_number": "2",
    "book_name": {
      "english": "2 PETER",
      "hindi": "2 पतरस"
    },
    "verse": {
      "english": "These are wells without water, clouds that are carried with a tempest; to whom the mist of darkness is reserved for ever.",
      "hindi": "ये लोग अन्धे कुंए, और आन्धी के उड़ाए हुए बादल हैं, उन के लिये अनन्त अन्धकार ठहराया गया है।"
    },
    "verse_number": 17
  },
  {
    "verse_count": "6102018",
    "book_number": "61",
    "chapter_number": "2",
    "book_name": {
      "english": "2 PETER",
      "hindi": "2 पतरस"
    },
    "verse": {
      "english": "For when they speak great swelling words of vanity, they allure through the lusts of the flesh, through much wantonness, those that were clean escaped from them who live in error.",
      "hindi": "वे व्यर्थ घमण्ड की बातें कर करके लुचपन के कामों के द्वारा, उन लोगों को शारीरिक अभिलाषाओं में फंसा लेते हैं, जो भटके हुओं में से अभी निकल ही रहे हैं।"
    },
    "verse_number": 18
  },
  {
    "verse_count": "6102019",
    "book_number": "61",
    "chapter_number": "2",
    "book_name": {
      "english": "2 PETER",
      "hindi": "2 पतरस"
    },
    "verse": {
      "english": "While they promise them liberty, they themselves are the servants of corruption: for of whom a man is overcome, of the same is he brought in bondage.",
      "hindi": "वे उन्हें स्वतंत्र होने की प्रतिज्ञा तो देते हैं, पर आप ही सड़ाहट के दास हैं, क्योंकि जो व्यक्ति जिस से हार गया है, वह उसका दास बन जाता है।"
    },
    "verse_number": 19
  },
  {
    "verse_count": "6102020",
    "book_number": "61",
    "chapter_number": "2",
    "book_name": {
      "english": "2 PETER",
      "hindi": "2 पतरस"
    },
    "verse": {
      "english": "For if after they have escaped the pollutions of the world through the knowledge of the Lord and Saviour Jesus Christ, they are again entangled therein, and overcome, the latter end is worse with them than the beginning.",
      "hindi": "और जब वे प्रभु और उद्धारकर्ता यीशु मसीह की पहचान के द्वारा संसार की नाना प्रकार की अशुद्धता से बच निकले, और फिर उन में फंस कर हार गए, तो उन की पिछली दशा पहिली से भी बुरी हो गई है।"
    },
    "verse_number": 20
  },
  {
    "verse_count": "6102021",
    "book_number": "61",
    "chapter_number": "2",
    "book_name": {
      "english": "2 PETER",
      "hindi": "2 पतरस"
    },
    "verse": {
      "english": "For it had been better for them not to have known the way of righteousness, than, after they have known it, to turn from the holy commandment delivered unto them.",
      "hindi": "क्योंकि धर्म के मार्ग में न जानना ही उन के लिये इस से भला होता, कि उसे जान कर, उस पवित्र आज्ञा से फिर जाते, जो उन्हें सौंपी गई थी। उन पर यह कहावत ठीक बैठती है,"
    },
    "verse_number": 21
  },
  {
    "verse_count": "6102022",
    "book_number": "61",
    "chapter_number": "2",
    "book_name": {
      "english": "2 PETER",
      "hindi": "2 पतरस"
    },
    "verse": {
      "english": "But it is happened unto them according to the true proverb, The dog is turned to his own vomit again; and the sow that was washed to her wallowing in the mire.",
      "hindi": "कि कुत्ता अपनी छांट की ओर और धोई हुई सुअरनी कीचड़ में लोटने के लिये फिर चली जाती है॥"
    },
    "verse_number": 22
  },
  {
    "verse_count": "610301",
    "book_number": "61",
    "chapter_number": "3",
    "book_name": {
      "english": "2 PETER",
      "hindi": "2 पतरस"
    },
    "verse": {
      "english": "This second epistle, beloved, I now write unto you; in both which I stir up your pure minds by way of remembrance:",
      "hindi": "हेप्रियो, अब मैं तुम्हें यह दूसरी पत्री लिखता हूं, और दोनों में सुधि दिला कर तुम्हारे शुद्ध मन को उभारता हूं।"
    },
    "verse_number": 1
  },
  {
    "verse_count": "610302",
    "book_number": "61",
    "chapter_number": "3",
    "book_name": {
      "english": "2 PETER",
      "hindi": "2 पतरस"
    },
    "verse": {
      "english": "That ye may be mindful of the words which were spoken before by the holy prophets, and of the commandment of us the apostles of the Lord and Saviour:",
      "hindi": "कि तुम उन बातों को, जो पवित्र भविश्यद्वक्ताओं ने पहिले से कही हैं और प्रभु, और उद्धारकर्ता की उस आज्ञा को स्मरण करो, जो तुम्हारे प्रेरितों के द्वारा दी गई थी।"
    },
    "verse_number": 2
  },
  {
    "verse_count": "610303",
    "book_number": "61",
    "chapter_number": "3",
    "book_name": {
      "english": "2 PETER",
      "hindi": "2 पतरस"
    },
    "verse": {
      "english": "Knowing this first, that there shall come in the last days scoffers, walking after their own lusts,",
      "hindi": "और यह पहिले जान लो, कि अन्तिम दिनों में हंसी ठट्ठा करने वाले आएंगे, जो अपनी ही अभिलाषाओं के अनुसार चलेंगे।"
    },
    "verse_number": 3
  },
  {
    "verse_count": "610304",
    "book_number": "61",
    "chapter_number": "3",
    "book_name": {
      "english": "2 PETER",
      "hindi": "2 पतरस"
    },
    "verse": {
      "english": "And saying, Where is the promise of his coming? for since the fathers fell asleep, all things continue as they were from the beginning of the creation.",
      "hindi": "और कहेंगे, उसके आने की प्रतिज्ञा कहां गई? क्योंकि जब से बाप-दादे सो गए हैं, सब कुछ वैसा ही है, जैसा सृष्टि के आरम्भ से था?"
    },
    "verse_number": 4
  },
  {
    "verse_count": "610305",
    "book_number": "61",
    "chapter_number": "3",
    "book_name": {
      "english": "2 PETER",
      "hindi": "2 पतरस"
    },
    "verse": {
      "english": "For this they willingly are ignorant of, that by the word of God the heavens were of old, and the earth standing out of the water and in the water:",
      "hindi": "वे तो जान बूझ कर यह भूल गए, कि परमेश्वर के वचन के द्वारा से आकाश प्राचीन काल से वर्तमान है और पृथ्वी भी जल में से बनी और जल में स्थिर है।"
    },
    "verse_number": 5
  },
  {
    "verse_count": "610306",
    "book_number": "61",
    "chapter_number": "3",
    "book_name": {
      "english": "2 PETER",
      "hindi": "2 पतरस"
    },
    "verse": {
      "english": "Whereby the world that then was, being overflowed with water, perished:",
      "hindi": "इन्हीं के द्वारा उस युग का जगत जल में डूब कर नाश हो गया।"
    },
    "verse_number": 6
  },
  {
    "verse_count": "610307",
    "book_number": "61",
    "chapter_number": "3",
    "book_name": {
      "english": "2 PETER",
      "hindi": "2 पतरस"
    },
    "verse": {
      "english": "But the heavens and the earth, which are now, by the same word are kept in store, reserved unto fire against the day of judgment and perdition of ungodly men.",
      "hindi": "पर वर्तमान काल के आकाश और पृथ्वी उसी वचन के द्वारा इसलिये रखे हैं, कि जलाए जाएं; और वह भक्तिहीन मनुष्यों के न्याय और नाश होने के दिन तक ऐसे ही रखे रहेंगे॥"
    },
    "verse_number": 7
  },
  {
    "verse_count": "610308",
    "book_number": "61",
    "chapter_number": "3",
    "book_name": {
      "english": "2 PETER",
      "hindi": "2 पतरस"
    },
    "verse": {
      "english": "But, beloved, be not ignorant of this one thing, that one day is with the Lord as a thousand years, and a thousand years as one day.",
      "hindi": "हे प्रियों, यह एक बात तुम से छिपी न रहे, कि प्रभु के यहां एक दिन हजार वर्ष के बराबर है, और हजार वर्ष एक दिन के बराबर हैं।"
    },
    "verse_number": 8
  },
  {
    "verse_count": "610309",
    "book_number": "61",
    "chapter_number": "3",
    "book_name": {
      "english": "2 PETER",
      "hindi": "2 पतरस"
    },
    "verse": {
      "english": "The Lord is not slack concerning his promise, as some men count slackness; but is longsuffering to us-ward, not willing that any should perish, but that all should come to repentance.",
      "hindi": "प्रभु अपनी प्रतिज्ञा के विषय में देर नहीं करता, जैसी देर कितने लोग समझते हैं; पर तुम्हारे विषय में धीरज धरता है, और नहीं चाहता, कि कोई नाश हो; वरन यह कि सब को मन फिराव का अवसर मिले।"
    },
    "verse_number": 9
  },
  {
    "verse_count": "6103010",
    "book_number": "61",
    "chapter_number": "3",
    "book_name": {
      "english": "2 PETER",
      "hindi": "2 पतरस"
    },
    "verse": {
      "english": "But the day of the Lord will come as a thief in the night; in the which the heavens shall pass away with a great noise, and the elements shall melt with fervent heat, the earth also and the works that are therein shall be burned up.",
      "hindi": "परन्तु प्रभु का दिन चोर की नाईं आ जाएगा, उस दिन आकाश बड़ी हड़हड़ाहट के शब्द से जाता रहेगा, और तत्व बहुत ही तप्त होकर पिघल जाएंगे, और पृथ्वी और उस पर के काम जल जाऐंगे।"
    },
    "verse_number": 10
  },
  {
    "verse_count": "6103011",
    "book_number": "61",
    "chapter_number": "3",
    "book_name": {
      "english": "2 PETER",
      "hindi": "2 पतरस"
    },
    "verse": {
      "english": "Seeing then that all these things shall be dissolved, what manner of persons ought ye to be in all holy conversation and godliness,",
      "hindi": "तो जब कि ये सब वस्तुएं, इस रीति से पिघलने वाली हैं, तो तुम्हें पवित्र चाल चलन और भक्ति में कैसे मनुष्य होना चाहिए।"
    },
    "verse_number": 11
  },
  {
    "verse_count": "6103012",
    "book_number": "61",
    "chapter_number": "3",
    "book_name": {
      "english": "2 PETER",
      "hindi": "2 पतरस"
    },
    "verse": {
      "english": "Looking for and hasting unto the coming of the day of God, wherein the heavens being on fire shall be dissolved, and the elements shall melt with fervent heat?",
      "hindi": "और परमेश्वर के उस दिन की बाट किस रीति से जोहना चाहिए और उसके जल्द आने के लिये कैसा यत्न करना चाहिए; जिस के कारण आकाश आग से पिघल जाएंगे, और आकाश के गण बहुत ही तप्त होकर गल जाएंगे।"
    },
    "verse_number": 12
  },
  {
    "verse_count": "6103013",
    "book_number": "61",
    "chapter_number": "3",
    "book_name": {
      "english": "2 PETER",
      "hindi": "2 पतरस"
    },
    "verse": {
      "english": "Nevertheless we, according to his promise, look for new heavens and a new earth, wherein dwelleth righteousness.",
      "hindi": "पर उस की प्रतिज्ञा के अनुसार हम एक नए आकाश और नई पृथ्वी की आस देखते हैं जिन में धामिर्कता वास करेगी॥"
    },
    "verse_number": 13
  },
  {
    "verse_count": "6103014",
    "book_number": "61",
    "chapter_number": "3",
    "book_name": {
      "english": "2 PETER",
      "hindi": "2 पतरस"
    },
    "verse": {
      "english": "Wherefore, beloved, seeing that ye look for such things, be diligent that ye may be found of him in peace, without spot, and blameless.",
      "hindi": "इसलिये, हे प्रियो, जब कि तुम इन बातों की आस देखते हो तो यत्न करो कि तुम शान्ति से उसके साम्हने निष्कलंक और निर्दोष ठहरो।"
    },
    "verse_number": 14
  },
  {
    "verse_count": "6103015",
    "book_number": "61",
    "chapter_number": "3",
    "book_name": {
      "english": "2 PETER",
      "hindi": "2 पतरस"
    },
    "verse": {
      "english": "And account that the longsuffering of our Lord is salvation; even as our beloved brother Paul also according to the wisdom given unto him hath written unto you;",
      "hindi": "और हमारे प्रभु के धीरज को उद्धार समझो, जैसे हमारे प्रिय भाई पौलुस न भी उस ज्ञान के अनुसार जो उसे मिला, तुम्हें लिखा है।"
    },
    "verse_number": 15
  },
  {
    "verse_count": "6103016",
    "book_number": "61",
    "chapter_number": "3",
    "book_name": {
      "english": "2 PETER",
      "hindi": "2 पतरस"
    },
    "verse": {
      "english": "As also in all his epistles, speaking in them of these things; in which are some things hard to be understood, which they that are unlearned and unstable wrest, as they do also the other scriptures, unto their own destruction.",
      "hindi": "वैसे ही उस ने अपनी सब पत्रियों में भी इन बातों की चर्चा की है जिन में कितनी बातें ऐसी है, जिनका समझना कठिन है, और अनपढ़ और चंचल लोग उन के अर्थों को भी पवित्र शास्त्र की और बातों की नाईं खींच तान कर अपने ही नाश का कारण बनाते हैं।"
    },
    "verse_number": 16
  },
  {
    "verse_count": "6103017",
    "book_number": "61",
    "chapter_number": "3",
    "book_name": {
      "english": "2 PETER",
      "hindi": "2 पतरस"
    },
    "verse": {
      "english": "Ye therefore, beloved, seeing ye know these things before, beware lest ye also, being led away with the error of the wicked, fall from your own stedfastness.",
      "hindi": "इसलिये हे प्रियो तुम लोग पहिले ही से इन बातों को जान कर चौकस रहो, ताकि अधमिर्यों के भ्रम में फंस कर अपनी स्थिरता को हाथ से कहीं खो न दो।"
    },
    "verse_number": 17
  },
  {
    "verse_count": "6103018",
    "book_number": "61",
    "chapter_number": "3",
    "book_name": {
      "english": "2 PETER",
      "hindi": "2 पतरस"
    },
    "verse": {
      "english": "But grow in grace, and in the knowledge of our Lord and Saviour Jesus Christ. To him be glory both now and for ever. Amen.",
      "hindi": "पर हमारे प्रभु, और उद्धारकर्ता यीशु मसीह के अनुग्रह और पहचान में बढ़ते जाओ। उसी की महिमा अब भी हो, और युगानुयुग होती रहे। आमीन॥"
    },
    "verse_number": 18
  }
]