[
  {
    "verse_count": "640101",
    "book_number": "64",
    "chapter_number": "1",
    "book_name": {
      "english": "3 JOHN",
      "hindi": "3 यूहन्ना"
    },
    "verse": {
      "english": "The elder unto the wellbeloved Gaius, whom I love in the truth.",
      "hindi": "मुझ प्राचीन की ओर से उस प्रिय गयुस के नाम, जिस से मैं सच्चा प्रेम रखता हूं॥"
    },
    "verse_number": 1
  },
  {
    "verse_count": "640102",
    "book_number": "64",
    "chapter_number": "1",
    "book_name": {
      "english": "3 JOHN",
      "hindi": "3 यूहन्ना"
    },
    "verse": {
      "english": "Beloved, I wish above all things that thou mayest prosper and be in health, even as thy soul prospereth.",
      "hindi": "हे प्रिय, मेरी यह प्रार्थना है; कि जैसे तू आत्मिक उन्नति कर रहा है, वैसे ही तू सब बातों मे उन्नति करे, और भला चंगा रहे।"
    },
    "verse_number": 2
  },
  {
    "verse_count": "640103",
    "book_number": "64",
    "chapter_number": "1",
    "book_name": {
      "english": "3 JOHN",
      "hindi": "3 यूहन्ना"
    },
    "verse": {
      "english": "For I rejoiced greatly, when the brethren came and testified of the truth that is in thee, even as thou walkest in the truth.",
      "hindi": "क्योंकि जब भाइयों ने आकर, तेरे उस सत्य की गवाही दी, जिस पर तू सचमुच चलता है, तो मैं बहुत ही आनन्दित हुआ।"
    },
    "verse_number": 3
  },
  {
    "verse_count": "640104",
    "book_number": "64",
    "chapter_number": "1",
    "book_name": {
      "english": "3 JOHN",
      "hindi": "3 यूहन्ना"
    },
    "verse": {
      "english": "I have no greater joy than to hear that my children walk in truth.",
      "hindi": "मुझे इस से बढ़कर और कोई आनन्द नहीं, कि मैं सुनूं, कि मेरे लड़के-बाले सत्य पर चलते हैं।"
    },
    "verse_number": 4
  },
  {
    "verse_count": "640105",
    "book_number": "64",
    "chapter_number": "1",
    "book_name": {
      "english": "3 JOHN",
      "hindi": "3 यूहन्ना"
    },
    "verse": {
      "english": "Beloved, thou doest faithfully whatsoever thou doest to the brethren, and to strangers;",
      "hindi": "हे प्रिय, जो कुछ तू उन भाइयों के साथ करता है, जो परदेशी भी हैं, उसे विश्वासी की नाईं करता है।"
    },
    "verse_number": 5
  },
  {
    "verse_count": "640106",
    "book_number": "64",
    "chapter_number": "1",
    "book_name": {
      "english": "3 JOHN",
      "hindi": "3 यूहन्ना"
    },
    "verse": {
      "english": "Which have borne witness of thy charity before the church: whom if thou bring forward on their journey after a godly sort, thou shalt do well:",
      "hindi": "उन्होंने मण्डली के साम्हने तेरे प्रेम की गवाही दी थी: यदि तू उन्हें उस प्रकार विदा करेगा जिस प्रकार परमेश्वर के लोगों के लिये उचित है तो अच्छा करेगा।"
    },
    "verse_number": 6
  },
  {
    "verse_count": "640107",
    "book_number": "64",
    "chapter_number": "1",
    "book_name": {
      "english": "3 JOHN",
      "hindi": "3 यूहन्ना"
    },
    "verse": {
      "english": "Because that for his name's sake they went forth, taking nothing of the Gentiles.",
      "hindi": "क्योंकि वे उस नाम के लिये निकले हैं, और अन्यजातियों से कुछ नहीं लेते।"
    },
    "verse_number": 7
  },
  {
    "verse_count": "640108",
    "book_number": "64",
    "chapter_number": "1",
    "book_name": {
      "english": "3 JOHN",
      "hindi": "3 यूहन्ना"
    },
    "verse": {
      "english": "We therefore ought to receive such, that we might be fellowhelpers to the truth.",
      "hindi": "इसलिये ऐसों का स्वागत करना चाहिए, जिस से हम भी सत्य के पक्ष में उन के सहकर्मी हों॥"
    },
    "verse_number": 8
  },
  {
    "verse_count": "640109",
    "book_number": "64",
    "chapter_number": "1",
    "book_name": {
      "english": "3 JOHN",
      "hindi": "3 यूहन्ना"
    },
    "verse": {
      "english": "I wrote unto the church: but Diotrephes, who loveth to have the preeminence among them, receiveth us not.",
      "hindi": "मैं ने मण्डली को कुछ लिखा था; पर दियुत्रिफेस जो उन में बड़ा बनना चाहता है, हमें ग्रहण नहीं करता।"
    },
    "verse_number": 9
  },
  {
    "verse_count": "6401010",
    "book_number": "64",
    "chapter_number": "1",
    "book_name": {
      "english": "3 JOHN",
      "hindi": "3 यूहन्ना"
    },
    "verse": {
      "english": "Wherefore, if I come, I will remember his deeds which he doeth, prating against us with malicious words: and not content therewith, neither doth he himself receive the brethren, and forbiddeth them that would, and casteth them out of the church.",
      "hindi": "सो जब मैं आऊंगा, तो उसके कामों की जो वह कर रहा है सुधि दिलाऊंगा, कि वह हमारे विषय में बुरी बुरी बातें बकता है; और इस पर भी सन्तोष न करके आप ही भाइयों को ग्रहण नहीं करता, और उन्हें जो ग्रहण करना चाहते हैं, मना करता है: और मण्डली से निकाल देता है।"
    },
    "verse_number": 10
  },
  {
    "verse_count": "6401011",
    "book_number": "64",
    "chapter_number": "1",
    "book_name": {
      "english": "3 JOHN",
      "hindi": "3 यूहन्ना"
    },
    "verse": {
      "english": "Beloved, follow not that which is evil, but that which is good. He that doeth good is of God: but he that doeth evil hath not seen God.",
      "hindi": "हे प्रिय, बुराई के नहीं, पर भलाई के अनुयायी हो, जो भलाई करता है, वह परमेश्वर की ओर से है; पर जो बुराई करता है, उस ने परमेश्वर को नहीं देखा।"
    },
    "verse_number": 11
  },
  {
    "verse_count": "6401012",
    "book_number": "64",
    "chapter_number": "1",
    "book_name": {
      "english": "3 JOHN",
      "hindi": "3 यूहन्ना"
    },
    "verse": {
      "english": "Demetrius hath good report of all men, and of the truth itself: yea, and we also bear record; and ye know that our record is true.",
      "hindi": "देमेत्रियुस के विषय में सब ने वरन सत्य ने भी आप ही गवाही दी: और हम भी गवाही देते हैं, और तू जानता है, कि हमारी गवाही सच्ची है॥"
    },
    "verse_number": 12
  },
  {
    "verse_count": "6401013",
    "book_number": "64",
    "chapter_number": "1",
    "book_name": {
      "english": "3 JOHN",
      "hindi": "3 यूहन्ना"
    },
    "verse": {
      "english": "I had many things to write, but I will not with ink and pen write unto thee:",
      "hindi": "मुझे तुझ को बहुत कुछ लिखना तो था; पर सियाही और कलम से लिखना नहीं चाहता।"
    },
    "verse_number": 13
  },
  {
    "verse_count": "6401014",
    "book_number": "64",
    "chapter_number": "1",
    "book_name": {
      "english": "3 JOHN",
      "hindi": "3 यूहन्ना"
    },
    "verse": {
      "english": "But I trust I shall shortly see thee, and we shall speak face to face. Peace be to thee. Our friends salute thee. Greet the friends by name.",
      "hindi": "पर मुझे आशा है कि तुझ से शीघ्र भेंट करूंगा: तब हम आम्हने साम्हने बातचीत करेंगे: तुझे शान्ति मिलती रहे। यहां के मित्र तुझे नमस्कार करते हैं: वहां के मित्रों से नाम ले लेकर नमस्कार कह देना॥"
    },
    "verse_number": 14
  }
]