[
  {
    "verse_count": "330101",
    "book_number": "33",
    "chapter_number": "1",
    "book_name": {
      "english": "MICAH",
      "hindi": "मीका"
    },
    "verse": {
      "english": "The word of the LORD that came to Micah the Morasthite in the days of Jotham, Ahaz, and Hezekiah, kings of Judah, which he saw concerning Samaria and Jerusalem.",
      "hindi": "यहोवा का वचन, जो यहूदा के राजा योताम, आहाज और हिजकिय्याह के दिनों में मीका मोरेशेती को पहुंचा, जिस को उसने शोमरोन और यरूशलेम के विषय में पाया॥"
    },
    "verse_number": 1
  },
  {
    "verse_count": "330102",
    "book_number": "33",
    "chapter_number": "1",
    "book_name": {
      "english": "MICAH",
      "hindi": "मीका"
    },
    "verse": {
      "english": "Hear, all ye people; hearken, O earth, and all that therein is: and let the Lord GOD be witness against you, the LORD from his holy temple.",
      "hindi": "हे जाति-जाति के सब लोगों, सुनो! हे पृथ्वी तू उस सब समेत जो तुझ में है, ध्यान दे! और प्रभु यहोवा तुम्हारे विरुद्ध, वरन परमेश्वर अपने पवित्र मन्दिर में से तुम पर साक्षी दे।"
    },
    "verse_number": 2
  },
  {
    "verse_count": "330103",
    "book_number": "33",
    "chapter_number": "1",
    "book_name": {
      "english": "MICAH",
      "hindi": "मीका"
    },
    "verse": {
      "english": "For, behold, the LORD cometh forth out of his place, and will come down, and tread upon the high places of the earth.",
      "hindi": "क्योंकि देख, यहोवा अपने पवित्र स्थान से बाहर निकल रहा है, और वह उतर कर पृथ्वी के ऊंचे स्थानों पर चलेगा।"
    },
    "verse_number": 3
  },
  {
    "verse_count": "330104",
    "book_number": "33",
    "chapter_number": "1",
    "book_name": {
      "english": "MICAH",
      "hindi": "मीका"
    },
    "verse": {
      "english": "And the mountains shall be molten under him, and the valleys shall be cleft, as wax before the fire, and as the waters that are poured down a steep place.",
      "hindi": "और पहाड़ उसके नीचे गल जाएंगे, और तराई ऐसे फटेंगी, जैसे मोम आग की आंच से, और पानी जो घाट से नीचे बहता है।"
    },
    "verse_number": 4
  },
  {
    "verse_count": "330105",
    "book_number": "33",
    "chapter_number": "1",
    "book_name": {
      "english": "MICAH",
      "hindi": "मीका"
    },
    "verse": {
      "english": "For the transgression of Jacob is all this, and for the sins of the house of Israel. What is the transgression of Jacob? is it not Samaria? and what are the high places of Judah? are they not Jerusalem?",
      "hindi": "यह सब याकूब के अपराध, और इस्राएल के घराने के पाप के कारण से होता है। याकूब का अपराध क्या है? क्या सामरिया नहीं? और यहूदा के ऊंचे स्थान क्या हैं? क्या यरूशलेम नहीं?"
    },
    "verse_number": 5
  },
  {
    "verse_count": "330106",
    "book_number": "33",
    "chapter_number": "1",
    "book_name": {
      "english": "MICAH",
      "hindi": "मीका"
    },
    "verse": {
      "english": "Therefore I will make Samaria as an heap of the field, and as plantings of a vineyard: and I will pour down the stones thereof into the valley, and I will discover the foundations thereof.",
      "hindi": "इस कारण मैं सामारिया को मैदान के खेत का ढेर कर दूंगा, और दाख का बगीचा बनाऊंगा; और मैं उसके पत्थरों को खड्ड में लुढ़का दूंगा, और उसकी नेव उखाड़ दूंगा।"
    },
    "verse_number": 6
  },
  {
    "verse_count": "330107",
    "book_number": "33",
    "chapter_number": "1",
    "book_name": {
      "english": "MICAH",
      "hindi": "मीका"
    },
    "verse": {
      "english": "And all the graven images thereof shall be beaten to pieces, and all the hires thereof shall be burned with the fire, and all the idols thereof will I lay desolate: for she gathered it of the hire of an harlot, and they shall return to the hire of an harlot.",
      "hindi": "उसकी सब खुदी हुई मूरतें टुकड़े टुकड़े की जाएंगी; और जो कुछ उसने छिनाला कर के कमाया है वह आग से भस्म किया जाएगा, और उसकी सब प्रतिमाओं को मैं चकनाचूर करूंगा; क्योंकि छिनाले ही की कमाई से उसने उसको संचय किया है, और वह फिर छिनाले की सी कमाई हो जाएगी॥"
    },
    "verse_number": 7
  },
  {
    "verse_count": "330108",
    "book_number": "33",
    "chapter_number": "1",
    "book_name": {
      "english": "MICAH",
      "hindi": "मीका"
    },
    "verse": {
      "english": "Therefore I will wail and howl, I will go stripped and naked: I will make a wailing like the dragons, and mourning as the owls.",
      "hindi": "इस कारण मैं छाती पीटकर हाय, हाय, करूंगा; मैं लुटा हुआ सा और नंगा चला फिरा करूंगा; मैं गीदड़ों की नाईं चिल्लाऊंगा, और शतुर्मुगों की नाईं रोऊंगा।"
    },
    "verse_number": 8
  },
  {
    "verse_count": "330109",
    "book_number": "33",
    "chapter_number": "1",
    "book_name": {
      "english": "MICAH",
      "hindi": "मीका"
    },
    "verse": {
      "english": "For her wound is incurable; for it is come unto Judah; he is come unto the gate of my people, even to Jerusalem.",
      "hindi": "क्योंकि उसका घाव असाध्य है; और विपत्ति यहूदा पर भी आ पड़ी, वरन वह मेरे जातिभाइयों पर पड़कर यरूशलेम के फाटक तक पहुंच गई है॥"
    },
    "verse_number": 9
  },
  {
    "verse_count": "3301010",
    "book_number": "33",
    "chapter_number": "1",
    "book_name": {
      "english": "MICAH",
      "hindi": "मीका"
    },
    "verse": {
      "english": "Declare ye it not at Gath, weep ye not at all: in the house of Aphrah roll thyself in the dust.",
      "hindi": "गात नगर में इसकी चर्चा मत करो, और मत रोओ; बेतआप्रा में धूलि में लोटपोट करो।"
    },
    "verse_number": 10
  },
  {
    "verse_count": "3301011",
    "book_number": "33",
    "chapter_number": "1",
    "book_name": {
      "english": "MICAH",
      "hindi": "मीका"
    },
    "verse": {
      "english": "Pass ye away, thou inhabitant of Saphir, having thy shame naked: the inhabitant of Zaanan came not forth in the mourning of Bethezel; he shall receive of you his standing.",
      "hindi": "हे शापीर की रहने वाली नंगी हो कर निर्लज चली जा; सानान की रहने वाली नहीं निकल सकती; बेतसेल के रोने पीटने के कारण उसका शरण स्थान तुम से ले लिया जाएगा।"
    },
    "verse_number": 11
  },
  {
    "verse_count": "3301012",
    "book_number": "33",
    "chapter_number": "1",
    "book_name": {
      "english": "MICAH",
      "hindi": "मीका"
    },
    "verse": {
      "english": "For the inhabitant of Maroth waited carefully for good: but evil came down from the LORD unto the gate of Jerusalem.",
      "hindi": "क्योंकि मारोत की रहने वाली तो कुशल की बाट जोहते-जोहते तड़प गई है, क्योंकि यहोवा की ओर से यरूशलेम के फाटक तक विपत्ति आ पहुंची है।"
    },
    "verse_number": 12
  },
  {
    "verse_count": "3301013",
    "book_number": "33",
    "chapter_number": "1",
    "book_name": {
      "english": "MICAH",
      "hindi": "मीका"
    },
    "verse": {
      "english": "O thou inhabitant of Lachish, bind the chariot to the swift beast: she is the beginning of the sin to the daughter of Zion: for the transgressions of Israel were found in thee.",
      "hindi": "हे लाकीश की रहने वाली अपने रथों में वेग चलने वाले घोड़े जोत; तुझी से सिय्योन की प्रजा के पाप का आरम्भ हुआ, क्योंकि इस्राएल के अपराध तुझी में पाए गए।"
    },
    "verse_number": 13
  },
  {
    "verse_count": "3301014",
    "book_number": "33",
    "chapter_number": "1",
    "book_name": {
      "english": "MICAH",
      "hindi": "मीका"
    },
    "verse": {
      "english": "Therefore shalt thou give presents to Moreshethgath: the houses of Achzib shall be a lie to the kings of Israel.",
      "hindi": "इस कारण तू गात के मोरेशेत को दान देकर दूर कर देगा; अकजीब के घर से इस्राएल के राजा धोखा ही खाएंगे।"
    },
    "verse_number": 14
  },
  {
    "verse_count": "3301015",
    "book_number": "33",
    "chapter_number": "1",
    "book_name": {
      "english": "MICAH",
      "hindi": "मीका"
    },
    "verse": {
      "english": "Yet will I bring an heir unto thee, O inhabitant of Mareshah: he shall come unto Adullam the glory of Israel.",
      "hindi": "हे मारेशा की रहने वाली मैं फिर तुझ पर एक अधिकारी ठहराऊंगा, और इस्राएल के प्रतिष्ठित लोगों को अदुल्लाम में आना पड़ेगा।"
    },
    "verse_number": 15
  },
  {
    "verse_count": "3301016",
    "book_number": "33",
    "chapter_number": "1",
    "book_name": {
      "english": "MICAH",
      "hindi": "मीका"
    },
    "verse": {
      "english": "Make thee bald, and poll thee for thy delicate children; enlarge thy baldness as the eagle; for they are gone into captivity from thee.",
      "hindi": "अपने दुलारे लड़कों के लिये अपना केश कटवा कर सिर मुंड़ा, वरन अपना पूरा सिर गिद्ध के समान गंजा कर दे, क्योंकि वे बंधुए हो कर तेरे पास से चले गए हैं।"
    },
    "verse_number": 16
  },
  {
    "verse_count": "330201",
    "book_number": "33",
    "chapter_number": "2",
    "book_name": {
      "english": "MICAH",
      "hindi": "मीका"
    },
    "verse": {
      "english": "Woe to them that devise iniquity, and work evil upon their beds! when the morning is light, they practise it, because it is in the power of their hand.",
      "hindi": "हाय उन पर, जो बिछौनों पर पड़े हुए बुराइयों की कल्पना करते और दुष्ट कर्म की इच्छा करते हैं, और बलवन्त होने के कारण भोर को दिन निकलते ही वे उसको पूरा करते हैं।"
    },
    "verse_number": 1
  },
  {
    "verse_count": "330202",
    "book_number": "33",
    "chapter_number": "2",
    "book_name": {
      "english": "MICAH",
      "hindi": "मीका"
    },
    "verse": {
      "english": "And they covet fields, and take them by violence; and houses, and take them away: so they oppress a man and his house, even a man and his heritage.",
      "hindi": "वे खेतों का लालच कर के उन्हें छीन लेते हैं, और घरों का लालच कर के उन्हें भी ले लेते हैं; और उसके घराने समेत पुरूष पर, और उसके निज भाग समेत किसी पुरूष पर अन्धेर और अत्याचार कहते हैं।"
    },
    "verse_number": 2
  },
  {
    "verse_count": "330203",
    "book_number": "33",
    "chapter_number": "2",
    "book_name": {
      "english": "MICAH",
      "hindi": "मीका"
    },
    "verse": {
      "english": "Therefore thus saith the LORD; Behold, against this family do I devise an evil, from which ye shall not remove your necks; neither shall ye go haughtily: for this time is evil.",
      "hindi": "इस कारण, यहोवा यों कहता है, मैं इस कुल पर ऐसी विपत्ति डालने पर हूं, जिस के नीचे से तुम अपनी गर्दन हटा न सकोगे; क्योंकि वह विपत्ति का समय होगा।"
    },
    "verse_number": 3
  },
  {
    "verse_count": "330204",
    "book_number": "33",
    "chapter_number": "2",
    "book_name": {
      "english": "MICAH",
      "hindi": "मीका"
    },
    "verse": {
      "english": "In that day shall one take up a parable against you, and lament with a doleful lamentation, and say, We be utterly spoiled: he hath changed the portion of my people: how hath he removed it from me! turning away he hath divided our fields.",
      "hindi": "उस समय यह अत्यन्त शोक का गीत दृष्टान्त की रीति पर गाया जाएगा: हम तो सर्वनाश हो गए; वह मेरे लोगों के भाग को बिगाड़ता है; हाय, वह उसे मुझ से कितनी दूर कर देता है! वह हमारे खेत बलवा करने वाले को दे देता है।"
    },
    "verse_number": 4
  },
  {
    "verse_count": "330205",
    "book_number": "33",
    "chapter_number": "2",
    "book_name": {
      "english": "MICAH",
      "hindi": "मीका"
    },
    "verse": {
      "english": "Therefore thou shalt have none that shall cast a cord by lot in the congregation of the LORD.",
      "hindi": "इस कारण तेरा ऐसा कोई न हो, जो यहोवा की मण्डली में चिट्ठी डाल कर नापने की डोरी डाले॥"
    },
    "verse_number": 5
  },
  {
    "verse_count": "330206",
    "book_number": "33",
    "chapter_number": "2",
    "book_name": {
      "english": "MICAH",
      "hindi": "मीका"
    },
    "verse": {
      "english": "Prophesy ye not, say they to them that prophesy: they shall not prophesy to them, that they shall not take shame.",
      "hindi": "बकवासी कहा करते हैं, कि बकवास न करो। इन बातें के लिये न कहा करो; ऐसे लोगों में से अपमान न मिटेगा।"
    },
    "verse_number": 6
  },
  {
    "verse_count": "330207",
    "book_number": "33",
    "chapter_number": "2",
    "book_name": {
      "english": "MICAH",
      "hindi": "मीका"
    },
    "verse": {
      "english": "O thou that art named the house of Jacob, is the spirit of the LORD straitened? are these his doings? do not my words do good to him that walketh uprightly?",
      "hindi": "हे याकूब के घराने, क्या यह कहा जाए कि यहोवा का आत्मा अधीर हो गया है? क्या ये काम उसी के किए हुए हैं? क्या मेरे वचनों से उसका भला नहीं होता जो सीधाई से चलता है?"
    },
    "verse_number": 7
  },
  {
    "verse_count": "330208",
    "book_number": "33",
    "chapter_number": "2",
    "book_name": {
      "english": "MICAH",
      "hindi": "मीका"
    },
    "verse": {
      "english": "Even of late my people is risen up as an enemy: ye pull off the robe with the garment from them that pass by securely as men averse from war.",
      "hindi": "परन्तु कल की बात है कि मेरी प्रजा शत्रु बन कर मेरे विरुद्ध उठी है; तुम शान्त और भोले-भाले राहियों के तन पर से चादर छीन लेते हो जो लड़ाई का विचार न कर के निधड़क चले जाते हैं।"
    },
    "verse_number": 8
  },
  {
    "verse_count": "330209",
    "book_number": "33",
    "chapter_number": "2",
    "book_name": {
      "english": "MICAH",
      "hindi": "मीका"
    },
    "verse": {
      "english": "The women of my people have ye cast out from their pleasant houses; from their children have ye taken away my glory for ever.",
      "hindi": "मेरी प्रजा की स्त्रियों को तुम उनके सुखधामों से निकाल देते हो; और उनके नन्हें बच्चोंसे तुम मेरी दी हुई उत्तम वस्तुएं सर्वदा के लिये छीन लेते हो।"
    },
    "verse_number": 9
  },
  {
    "verse_count": "3302010",
    "book_number": "33",
    "chapter_number": "2",
    "book_name": {
      "english": "MICAH",
      "hindi": "मीका"
    },
    "verse": {
      "english": "Arise ye, and depart; for this is not your rest: because it is polluted, it shall destroy you, even with a sore destruction.",
      "hindi": "उठो, चले जाओ! क्योंकि यह तुम्हारा विश्राम स्थान नहीं है; इसका कारण वह अशुद्धता है जो कठिन दु:ख के साथ तुम्हारा नाश करेगी।"
    },
    "verse_number": 10
  },
  {
    "verse_count": "3302011",
    "book_number": "33",
    "chapter_number": "2",
    "book_name": {
      "english": "MICAH",
      "hindi": "मीका"
    },
    "verse": {
      "english": "If a man walking in the spirit and falsehood do lie, saying, I will prophesy unto thee of wine and of strong drink; he shall even be the prophet of this people.",
      "hindi": "यदि कोई झूठी आत्मा में चलता हुए झूठी और व्यर्थ बातें कहे और कहे कि मैं तुम्हें नित्य दाखमधु और मदिरा के लिये प्रचार सुनाता रहूंगा, तो वही इन लोगों का भविष्यद्वक्ता ठहरेगा॥"
    },
    "verse_number": 11
  },
  {
    "verse_count": "3302012",
    "book_number": "33",
    "chapter_number": "2",
    "book_name": {
      "english": "MICAH",
      "hindi": "मीका"
    },
    "verse": {
      "english": "I will surely assemble, O Jacob, all of thee; I will surely gather the remnant of Israel; I will put them together as the sheep of Bozrah, as the flock in the midst of their fold: they shall make great noise by reason of the multitude of men.",
      "hindi": "हे याकूब, मैं निश्चय तुम सभों को इकट्ठा करूंगा; मैं इस्राएल के बचे हुओं को निश्चय इकट्ठा करूंगा; और बोस्रा की भेड़-बकरियों की नाईं एक संग रखूंगा। उस झुण्ड की नाईं जो अच्छी चराई में हो, वे मनुष्यों की बहुतायत के मारे कोलाहल मचाएंगे।"
    },
    "verse_number": 12
  },
  {
    "verse_count": "3302013",
    "book_number": "33",
    "chapter_number": "2",
    "book_name": {
      "english": "MICAH",
      "hindi": "मीका"
    },
    "verse": {
      "english": "The breaker is come up before them: they have broken up, and have passed through the gate, and are gone out by it: and their king shall pass before them, and the LORD on the head of them.",
      "hindi": "उनके आगे आगे बाड़े का तोड़ने वाला गया है, इसलिये वे भी उसे तोड़ रहे हैं, और फाटक से हो कर निकल जा रहे हैं; उनका राजा उनके आगे आगे गया अर्थात यहोवा उनका सरदार और अगुवा है॥"
    },
    "verse_number": 13
  },
  {
    "verse_count": "330301",
    "book_number": "33",
    "chapter_number": "3",
    "book_name": {
      "english": "MICAH",
      "hindi": "मीका"
    },
    "verse": {
      "english": "And I said, Hear, I pray you, O heads of Jacob, and ye princes of the house of Israel; Is it not for you to know judgment?",
      "hindi": "और मैं ने कहा, हे याकूब के प्रधानों, हे इस्राएल के घराने के न्याइयों, सुनो! क्या न्याय का भेद जानना तुम्हारा काम नहीं?"
    },
    "verse_number": 1
  },
  {
    "verse_count": "330302",
    "book_number": "33",
    "chapter_number": "3",
    "book_name": {
      "english": "MICAH",
      "hindi": "मीका"
    },
    "verse": {
      "english": "Who hate the good, and love the evil; who pluck off their skin from off them, and their flesh from off their bones;",
      "hindi": "तुम तो भलाई से बैर, और बुराई से प्रीति रखते हो, मानो, तुम, लोगों पर से उनकी खाल, और उनकी हड्डियों पर से उनका मांस उधेड़ लेते हो;"
    },
    "verse_number": 2
  },
  {
    "verse_count": "330303",
    "book_number": "33",
    "chapter_number": "3",
    "book_name": {
      "english": "MICAH",
      "hindi": "मीका"
    },
    "verse": {
      "english": "Who also eat the flesh of my people, and flay their skin from off them; and they break their bones, and chop them in pieces, as for the pot, and as flesh within the caldron.",
      "hindi": "वरन तुम मेरे लोगों का मांस खा भी लेते, और उनकी खाल उधेड़ते हो; तुम उनकी हड्डियों को हांड़ी में पकाने के लिये टुकड़े टुकड़े करते हो।"
    },
    "verse_number": 3
  },
  {
    "verse_count": "330304",
    "book_number": "33",
    "chapter_number": "3",
    "book_name": {
      "english": "MICAH",
      "hindi": "मीका"
    },
    "verse": {
      "english": "Then shall they cry unto the LORD, but he will not hear them: he will even hide his face from them at that time, as they have behaved themselves ill in their doings.",
      "hindi": "वे उस समय यहोवा की दोहाई देंगे, परन्तु वह उनकी न सुनेगा, वरन उस समय वह उनके बुरे कामों के कारण उन से मुंह फेर लेगा॥"
    },
    "verse_number": 4
  },
  {
    "verse_count": "330305",
    "book_number": "33",
    "chapter_number": "3",
    "book_name": {
      "english": "MICAH",
      "hindi": "मीका"
    },
    "verse": {
      "english": "Thus saith the LORD concerning the prophets that make my people err, that bite with their teeth, and cry, Peace; and he that putteth not into their mouths, they even prepare war against him.",
      "hindi": "यहोवा का यह वचन है कि जो भविष्यद्वक्ता मेरी प्रजा को भटका देते हैं, और जब उन्हें खाने को मिलता है तब शान्ति, शान्ति, पुकारते हैं, और यदि कोई उनके मुंह में कुछ न दे, तो उसके विरुद्ध युद्ध करने को तैयार हो जाते हैं।"
    },
    "verse_number": 5
  },
  {
    "verse_count": "330306",
    "book_number": "33",
    "chapter_number": "3",
    "book_name": {
      "english": "MICAH",
      "hindi": "मीका"
    },
    "verse": {
      "english": "Therefore night shall be unto you, that ye shall not have a vision; and it shall be dark unto you, that ye shall not divine; and the sun shall go down over the prophets, and the day shall be dark over them.",
      "hindi": "इस कारण तुम पर ऐसी रात आएगी, कि तुम को दर्शन न मिलेगा, और तुम ऐसे अन्धकार में पड़ोगे कि भावी न कह सकोगे। भविष्यद्वक्ताओं के लिये सूर्य अस्त होगा, और दिन रहते उन पर अन्धियारा छा जाएगा।"
    },
    "verse_number": 6
  },
  {
    "verse_count": "330307",
    "book_number": "33",
    "chapter_number": "3",
    "book_name": {
      "english": "MICAH",
      "hindi": "मीका"
    },
    "verse": {
      "english": "Then shall the seers be ashamed, and the diviners confounded: yea, they shall all cover their lips; for there is no answer of God.",
      "hindi": "दर्शी लज्जित होंगे, और भावी कहने वालों के मुंह काले होंगे; और वे सब के सब अपने ओठों को इसलिये ढांपेंगे कि परमेश्वर की ओर से उत्तर नहीं मिलता।"
    },
    "verse_number": 7
  },
  {
    "verse_count": "330308",
    "book_number": "33",
    "chapter_number": "3",
    "book_name": {
      "english": "MICAH",
      "hindi": "मीका"
    },
    "verse": {
      "english": "But truly I am full of power by the spirit of the LORD, and of judgment, and of might, to declare unto Jacob his transgression, and to Israel his sin.",
      "hindi": "परन्तु मैं तो यहोवा की आत्मा से शक्ति, न्याय और पराक्रम पाकर परिपूर्ण हूं कि मैं याकूब को उसका अपराध और इस्राएल को उसका पाप जता सकूं।"
    },
    "verse_number": 8
  },
  {
    "verse_count": "330309",
    "book_number": "33",
    "chapter_number": "3",
    "book_name": {
      "english": "MICAH",
      "hindi": "मीका"
    },
    "verse": {
      "english": "Hear this, I pray you, ye heads of the house of Jacob, and princes of the house of Israel, that abhor judgment, and pervert all equity.",
      "hindi": "हे याकूब के घराने के प्रधानों, हे इस्राएल के घराने के न्यायियो, हे न्याय से घृणा करने वालो और सब सीधी बातों की टेढ़ी-मेढ़ी करने वालो, यह बात सुनो।"
    },
    "verse_number": 9
  },
  {
    "verse_count": "3303010",
    "book_number": "33",
    "chapter_number": "3",
    "book_name": {
      "english": "MICAH",
      "hindi": "मीका"
    },
    "verse": {
      "english": "They build up Zion with blood, and Jerusalem with iniquity.",
      "hindi": "तुम सिय्योन को हत्या कर के और यरूशलेम को कुटिलता कर के दृढ़ करते हो।"
    },
    "verse_number": 10
  },
  {
    "verse_count": "3303011",
    "book_number": "33",
    "chapter_number": "3",
    "book_name": {
      "english": "MICAH",
      "hindi": "मीका"
    },
    "verse": {
      "english": "The heads thereof judge for reward, and the priests thereof teach for hire, and the prophets thereof divine for money: yet will they lean upon the LORD, and say, Is not the LORD among us? none evil can come upon us.",
      "hindi": "उसके प्रधान घूस ले ले कर विचार करते, और याजक दाम ले ले कर व्यवस्था देते हैं, और भविष्यद्वक्ता रूपये के लिये भावी कहते हैं; तौभी वे यह कहकर यहोवा पर भरोसा रखते हैं, यहोवा हमारे बीच में है, इसलिये कोई विपत्ति हम पर न आएगी।"
    },
    "verse_number": 11
  },
  {
    "verse_count": "3303012",
    "book_number": "33",
    "chapter_number": "3",
    "book_name": {
      "english": "MICAH",
      "hindi": "मीका"
    },
    "verse": {
      "english": "Therefore shall Zion for your sake be plowed as a field, and Jerusalem shall become heaps, and the mountain of the house as the high places of the forest.",
      "hindi": "इसलिये तुम्हारे कारण सिय्योन जोत कर खेत बनाया जाएगा, और यरूशलेम डीह ही डीह हो जाएगा, और जिस पर्वत पर भवन बना है, वह वन के ऊंचे स्थान सा हो जाएगा॥ =\"12\"\u003eइसलिथे तुम्हारे कारण सिय्योन जोतकर खेत बनाया जाएगा, और यरूशलेम डींह ही डींह हो जाएगा, और जिस पर्वत पर भवन बना है, वह वन के ऊंचे स्यान सा हो जाएगा।।"
    },
    "verse_number": 12
  },
  {
    "verse_count": "330401",
    "book_number": "33",
    "chapter_number": "4",
    "book_name": {
      "english": "MICAH",
      "hindi": "मीका"
    },
    "verse": {
      "english": "But in the last days it shall come to pass, that the mountain of the house of the LORD shall be established in the top of the mountains, and it shall be exalted above the hills; and people shall flow unto it.",
      "hindi": "अन्त के दिनों में ऐसा होगा कि यहोवा के भवन का पर्वत सब पहाड़ों पर दृढ़ किया जाएगा, और सब पहाडिय़ों से अधिक ऊंचा किया जाएगा; और हर जाति के लोग धारा की नाईं उसकी ओर चलेंगे।"
    },
    "verse_number": 1
  },
  {
    "verse_count": "330402",
    "book_number": "33",
    "chapter_number": "4",
    "book_name": {
      "english": "MICAH",
      "hindi": "मीका"
    },
    "verse": {
      "english": "And many nations shall come, and say, Come, and let us go up to the mountain of the LORD, and to the house of the God of Jacob; and he will teach us of his ways, and we will walk in his paths: for the law shall go forth of Zion, and the word of the LORD from Jerusalem.",
      "hindi": "और बहुत जातियों के लोग जाएंगे, और आपस में कहेंगे, आओ, हम यहोवा के पर्वत पर चढ़कर, याकूब के परमेश्वर के भवन में जाएं; तब वह हम को अपने मार्ग सिखाएगा, और हम उसके पथों पर चलेंगे। क्योंकि यहोवा की व्यवस्था सिय्योन से, और उसका वचन यरूशलेम से निकलेगा।"
    },
    "verse_number": 2
  },
  {
    "verse_count": "330403",
    "book_number": "33",
    "chapter_number": "4",
    "book_name": {
      "english": "MICAH",
      "hindi": "मीका"
    },
    "verse": {
      "english": "And he shall judge among many people, and rebuke strong nations afar off; and they shall beat their swords into plowshares, and their spears into pruninghooks: nation shall not lift up a sword against nation, neither shall they learn war any more.",
      "hindi": "वह बहुत देशों के लोगों का न्याय करेगा, और दूर दूर तक की सामर्थी जातियों के झगड़ों को मिटाएगा; सो वे अपनी तलवारें पीटकर हल के फाल, और अपने भालोंसे हंसिया बनाएंगे; तब एक जाति दूसरी जाति के विरुद्ध तलवार फिर न चलाएगी;"
    },
    "verse_number": 3
  },
  {
    "verse_count": "330404",
    "book_number": "33",
    "chapter_number": "4",
    "book_name": {
      "english": "MICAH",
      "hindi": "मीका"
    },
    "verse": {
      "english": "But they shall sit every man under his vine and under his fig tree; and none shall make them afraid: for the mouth of the LORD of hosts hath spoken it.",
      "hindi": "और लोग आगे को युद्ध विद्या न सीखेंगे। परन्तु वे अपनी अपनी दाखलता और अंजीर के वृक्ष तले बैठा करेंगे, और कोई उन को न डराएगा; सेनाओं के यहोवा ने यही वचन दिया है॥"
    },
    "verse_number": 4
  },
  {
    "verse_count": "330405",
    "book_number": "33",
    "chapter_number": "4",
    "book_name": {
      "english": "MICAH",
      "hindi": "मीका"
    },
    "verse": {
      "english": "For all people will walk every one in the name of his god, and we will walk in the name of the LORD our God for ever and ever.",
      "hindi": "सब राज्यों के लोग तो अपने अपने देवता का नाम ले कर चलते हैं, परन्तु हम लोग अपने परमेश्वर यहोवा का नाम ले कर सदा सर्वदा चलते रहेंगे॥"
    },
    "verse_number": 5
  },
  {
    "verse_count": "330406",
    "book_number": "33",
    "chapter_number": "4",
    "book_name": {
      "english": "MICAH",
      "hindi": "मीका"
    },
    "verse": {
      "english": "In that day, saith the LORD, will I assemble her that halteth, and I will gather her that is driven out, and her that I have afflicted;",
      "hindi": "यहोवा की यह वाणी है, उस समय मैं प्रजा के लंगड़ों को, और बरबस निकाले हुओं को, और जिन को मैं ने दु:ख दिया है उन सब को इकट्ठे करूंगा।"
    },
    "verse_number": 6
  },
  {
    "verse_count": "330407",
    "book_number": "33",
    "chapter_number": "4",
    "book_name": {
      "english": "MICAH",
      "hindi": "मीका"
    },
    "verse": {
      "english": "And I will make her that halted a remnant, and her that was cast far off a strong nation: and the LORD shall reign over them in mount Zion from henceforth, even for ever.",
      "hindi": "और लंगड़ों को मैं बचा रखूंगा, और दूर किए हुओं को एक सामर्थी जाति कर दूंगा; और यहोवा उन पर सिय्योन पर्वत के ऊपर से सदा राज्य करता रहेगा॥"
    },
    "verse_number": 7
  },
  {
    "verse_count": "330408",
    "book_number": "33",
    "chapter_number": "4",
    "book_name": {
      "english": "MICAH",
      "hindi": "मीका"
    },
    "verse": {
      "english": "And thou, O tower of the flock, the strong hold of the daughter of Zion, unto thee shall it come, even the first dominion; the kingdom shall come to the daughter of Jerusalem.",
      "hindi": "और हे एदेर के गुम्मट, हे सिय्योन की पहाड़ी, पहिली प्रभुता अर्थात यरूशलेम का राज्य तुझे मिलेगा॥"
    },
    "verse_number": 8
  },
  {
    "verse_count": "330409",
    "book_number": "33",
    "chapter_number": "4",
    "book_name": {
      "english": "MICAH",
      "hindi": "मीका"
    },
    "verse": {
      "english": "Now why dost thou cry out aloud? is there no king in thee? is thy counsellor perished? for pangs have taken thee as a woman in travail.",
      "hindi": "अब तू क्यों चिल्लाती है? क्या तुझ में कोई राजा नहीं रहा? क्या तेरा युक्ति करने वाला नाश हो गया, जिस से जच्चा स्त्री की नाईं तुझे पीड़ा उठती है?"
    },
    "verse_number": 9
  },
  {
    "verse_count": "3304010",
    "book_number": "33",
    "chapter_number": "4",
    "book_name": {
      "english": "MICAH",
      "hindi": "मीका"
    },
    "verse": {
      "english": "Be in pain, and labour to bring forth, O daughter of Zion, like a woman in travail: for now shalt thou go forth out of the city, and thou shalt dwell in the field, and thou shalt go even to Babylon; there shalt thou be delivered; there the LORD shall redeem thee from the hand of thine enemies.",
      "hindi": "हे सिय्योन की बेटी, जच्चा स्त्री की नाईं पीड़ा उठा कर उत्पन्न कर; क्योंकि अब तू गढ़ी में से निकल कर मैदान में बसेगी, वरन बाबुल तक जाएगी; वहीं तू छुड़ाई जाएगी, अर्थात वहीं यहोवा तुझे तेरे शत्रुओं के वश में से छुड़ा लेगा॥"
    },
    "verse_number": 10
  },
  {
    "verse_count": "3304011",
    "book_number": "33",
    "chapter_number": "4",
    "book_name": {
      "english": "MICAH",
      "hindi": "मीका"
    },
    "verse": {
      "english": "Now also many nations are gathered against thee, that say, Let her be defiled, and let our eye look upon Zion.",
      "hindi": "और अब बहुत सी जातियां तेरे विरुद्ध इकट्ठी हो कर तेरे विषय में कहेंगी सिय्योन अपवित्र की जाए, और हम अपनी आंखों से उसको निहारें।"
    },
    "verse_number": 11
  },
  {
    "verse_count": "3304012",
    "book_number": "33",
    "chapter_number": "4",
    "book_name": {
      "english": "MICAH",
      "hindi": "मीका"
    },
    "verse": {
      "english": "But they know not the thoughts of the LORD, neither understand they his counsel: for he shall gather them as the sheaves into the floor.",
      "hindi": "परन्तु वे यहोवा की कल्पनाएं नहीं जानते, न उसकी युक्ति समझते हैं, कि वह उन्हें ऐसा बटोर लेगा जैसे खलिहान में पूले बटोरे जाते हैं।"
    },
    "verse_number": 12
  },
  {
    "verse_count": "3304013",
    "book_number": "33",
    "chapter_number": "4",
    "book_name": {
      "english": "MICAH",
      "hindi": "मीका"
    },
    "verse": {
      "english": "Arise and thresh, O daughter of Zion: for I will make thine horn iron, and I will make thy hoofs brass: and thou shalt beat in pieces many people: and I will consecrate their gain unto the LORD, and their substance unto the Lord of the whole earth.",
      "hindi": "हे सिय्योन, उठ और दांव कर, मैं तेरे सींगों को लोहे के, और तेरे खुरों को पीतल के बना दूंगा; ओर तू बहुत सी जातियों को चूरचूर करेगी, ओर उनकी कमाई यहोवा को और उनकी धन-सम्पत्ति पृथ्वी के प्रभु के लिये अर्पण करेगी॥"
    },
    "verse_number": 13
  },
  {
    "verse_count": "330501",
    "book_number": "33",
    "chapter_number": "5",
    "book_name": {
      "english": "MICAH",
      "hindi": "मीका"
    },
    "verse": {
      "english": "Now gather thyself in troops, O daughter of troops: he hath laid siege against us: they shall smite the judge of Israel with a rod upon the cheek.",
      "hindi": "अब हे बहुत दलों की स्वामिनी, दल बान्ध-बान्धकर इकट्ठी हो, क्योंकि उसने हम लोगों को घेर लिया है; वे इस्राएल के न्यायी के गाल पर सोंटा मारेंगे।"
    },
    "verse_number": 1
  },
  {
    "verse_count": "330502",
    "book_number": "33",
    "chapter_number": "5",
    "book_name": {
      "english": "MICAH",
      "hindi": "मीका"
    },
    "verse": {
      "english": "But thou, Bethlehem Ephratah, though thou be little among the thousands of Judah, yet out of thee shall he come forth unto me that is to be ruler in Israel; whose goings forth have been from of old, from everlasting.",
      "hindi": "हे बेतलेहेम एप्राता, यदि तू ऐसा छोटा है कि यहूदा के हजारों में गिना नहीं जाता, तौभी तुझ में से मेरे लिये एक पुरूष निकलेगा, जो इस्राएलियों में प्रभुता करने वाला होगा; और उसका निकलना प्राचीन काल से, वरन अनादि काल से होता आया है।"
    },
    "verse_number": 2
  },
  {
    "verse_count": "330503",
    "book_number": "33",
    "chapter_number": "5",
    "book_name": {
      "english": "MICAH",
      "hindi": "मीका"
    },
    "verse": {
      "english": "Therefore will he give them up, until the time that she which travaileth hath brought forth: then the remnant of his brethren shall return unto the children of Israel.",
      "hindi": "इस कारण वह उन को उस समय तक त्यागे रहेगा, जब तक जच्चा उत्पन्न न करे; तब इस्राएलियों के पास उसके बचे हुए भाई लौट कर उन से मिल जाएंगे।"
    },
    "verse_number": 3
  },
  {
    "verse_count": "330504",
    "book_number": "33",
    "chapter_number": "5",
    "book_name": {
      "english": "MICAH",
      "hindi": "मीका"
    },
    "verse": {
      "english": "And he shall stand and feed in the strength of the LORD, in the majesty of the name of the LORD his God; and they shall abide: for now shall he be great unto the ends of the earth.",
      "hindi": "और वह खड़ा हो कर यहोवा की दी हुई शक्ति से, और अपने परमेश्वर यहोवा के नाम के प्रताप से, उनकी चरवाही करेगा। और वे सुरक्षित रहेंगे, क्योंकि अब वह पृथ्वी की छोर तक महान् ठहरेगा॥"
    },
    "verse_number": 4
  },
  {
    "verse_count": "330505",
    "book_number": "33",
    "chapter_number": "5",
    "book_name": {
      "english": "MICAH",
      "hindi": "मीका"
    },
    "verse": {
      "english": "And this man shall be the peace, when the Assyrian shall come into our land: and when he shall tread in our palaces, then shall we raise against him seven shepherds, and eight principal men.",
      "hindi": "और वह शान्ति का मूल होगा, जब अश्शूरी हमारे देश पर चढ़ाई करें, और हमारे राजभवनों में पांव धरें, तब हम उनके विरुद्ध सात चरवाहे वरन आठ प्रधान मनुष्य खड़ें करेंगे।"
    },
    "verse_number": 5
  },
  {
    "verse_count": "330506",
    "book_number": "33",
    "chapter_number": "5",
    "book_name": {
      "english": "MICAH",
      "hindi": "मीका"
    },
    "verse": {
      "english": "And they shall waste the land of Assyria with the sword, and the land of Nimrod in the entrances thereof: thus shall he deliver us from the Assyrian, when he cometh into our land, and when he treadeth within our borders.",
      "hindi": "और वे अश्शूर के देश को वरन पैठाव के स्थानों तक निम्रोद के देश को तलवार चला कर मार लेंगे; और जब अश्शूरी लोग हमारे देश में आएं, और उसके सिवाने के भीतर पांव धरें, तब वही पुरूष हम को उन से बचाएगा।"
    },
    "verse_number": 6
  },
  {
    "verse_count": "330507",
    "book_number": "33",
    "chapter_number": "5",
    "book_name": {
      "english": "MICAH",
      "hindi": "मीका"
    },
    "verse": {
      "english": "And the remnant of Jacob shall be in the midst of many people as a dew from the LORD, as the showers upon the grass, that tarrieth not for man, nor waiteth for the sons of men.",
      "hindi": "और याकूब के बचे हुए लोग बहुत राज्यों के बीच ऐसा काम देंगे, जैसा यहोवा की ओर से पड़ने वाली ओस, और घास पर की वर्षा, जो किसी के लिये नहीं ठहरती और मनुष्यों की बाट नहीं जोहती।"
    },
    "verse_number": 7
  },
  {
    "verse_count": "330508",
    "book_number": "33",
    "chapter_number": "5",
    "book_name": {
      "english": "MICAH",
      "hindi": "मीका"
    },
    "verse": {
      "english": "And the remnant of Jacob shall be among the Gentiles in the midst of many people as a lion among the beasts of the forest, as a young lion among the flocks of sheep: who, if he go through, both treadeth down, and teareth in pieces, and none can deliver.",
      "hindi": "और याकूब के बचे हुए लोग जातियों में और देश देश के लोगों के बीच ऐसे होंगे जैसे वन पशुओं में सिंह, वा भेड़-बकरियों के झुण्डों में जवान सिंह होता है, क्योंकि जब वह उनके बीच में से जाए, तो लताड़ता और फाड़ता जाएगा, और कोई बचा न सकेगा।"
    },
    "verse_number": 8
  },
  {
    "verse_count": "330509",
    "book_number": "33",
    "chapter_number": "5",
    "book_name": {
      "english": "MICAH",
      "hindi": "मीका"
    },
    "verse": {
      "english": "Thine hand shall be lifted up upon thine adversaries, and all thine enemies shall be cut off.",
      "hindi": "तेरा हाथ तेरे द्रोहियों पर पड़े, और तेरे सब शत्रु नाश हो जाएं॥"
    },
    "verse_number": 9
  },
  {
    "verse_count": "3305010",
    "book_number": "33",
    "chapter_number": "5",
    "book_name": {
      "english": "MICAH",
      "hindi": "मीका"
    },
    "verse": {
      "english": "And it shall come to pass in that day, saith the LORD, that I will cut off thy horses out of the midst of thee, and I will destroy thy chariots:",
      "hindi": "यहोवा की यही वाणी है, उस समय मैं तेरे घोड़ों को तेरे बीच में से नाश करूंगा; और तेरे रथों का विनाश करूंगा।"
    },
    "verse_number": 10
  },
  {
    "verse_count": "3305011",
    "book_number": "33",
    "chapter_number": "5",
    "book_name": {
      "english": "MICAH",
      "hindi": "मीका"
    },
    "verse": {
      "english": "And I will cut off the cities of thy land, and throw down all thy strong holds:",
      "hindi": "ओर मैं तेरे देश के नगरों को भी नाश करूंगा, और तेरे किलों को ढा दूंगा।"
    },
    "verse_number": 11
  },
  {
    "verse_count": "3305012",
    "book_number": "33",
    "chapter_number": "5",
    "book_name": {
      "english": "MICAH",
      "hindi": "मीका"
    },
    "verse": {
      "english": "And I will cut off witchcrafts out of thine hand; and thou shalt have no more soothsayers:",
      "hindi": "और मैं तेरे तन्त्र-मन्त्र नाश करूंगा, और तुझ में टोन्हे आगे को न रहेंगे।"
    },
    "verse_number": 12
  },
  {
    "verse_count": "3305013",
    "book_number": "33",
    "chapter_number": "5",
    "book_name": {
      "english": "MICAH",
      "hindi": "मीका"
    },
    "verse": {
      "english": "Thy graven images also will I cut off, and thy standing images out of the midst of thee; and thou shalt no more worship the work of thine hands.",
      "hindi": "ओर मैं तेरी खुदी हुई मूरतें, और तेरी लाठें, तेरे बीच में से नाश करूंगा; और तू आगे को अपने हाथ की बनाई हुई वस्तुओं को दण्डवत न करेगा।"
    },
    "verse_number": 13
  },
  {
    "verse_count": "3305014",
    "book_number": "33",
    "chapter_number": "5",
    "book_name": {
      "english": "MICAH",
      "hindi": "मीका"
    },
    "verse": {
      "english": "And I will pluck up thy groves out of the midst of thee: so will I destroy thy cities.",
      "hindi": "और मैं तेरी अशेरा नाम मूरतों को तेरी भूमि में से उखाड़ डालूंगा, और तेरे नगरों का विनाश करूंगा।"
    },
    "verse_number": 14
  },
  {
    "verse_count": "3305015",
    "book_number": "33",
    "chapter_number": "5",
    "book_name": {
      "english": "MICAH",
      "hindi": "मीका"
    },
    "verse": {
      "english": "And I will execute vengeance in anger and fury upon the heathen, such as they have not heard.",
      "hindi": "और मैं अन्यजातियों से जो मेरा कहा नहीं मानतीं, क्रोध और जल जलाहट के साथ पलटा लूंगा॥"
    },
    "verse_number": 15
  },
  {
    "verse_count": "330601",
    "book_number": "33",
    "chapter_number": "6",
    "book_name": {
      "english": "MICAH",
      "hindi": "मीका"
    },
    "verse": {
      "english": "Hear ye now what the LORD saith; Arise, contend thou before the mountains, and let the hills hear thy voice.",
      "hindi": "जोबात यहोवा कहता है, उसे सुनो : उठ कर, पहाड़ों के साम्हने वादविवाद कर, और टीले भी तेरी सुनने पाएं।"
    },
    "verse_number": 1
  },
  {
    "verse_count": "330602",
    "book_number": "33",
    "chapter_number": "6",
    "book_name": {
      "english": "MICAH",
      "hindi": "मीका"
    },
    "verse": {
      "english": "Hear ye, O mountains, the LORD's controversy, and ye strong foundations of the earth: for the LORD hath a controversy with his people, and he will plead with Israel.",
      "hindi": "हे पहाड़ों, और हे पृथ्वी की अटल नेव, यहोवा का वादविवाद सुनो, क्योंकि यहोवा का अपनी प्रजा के साथ मुकद्दमा है, और वह इस्राएल से वादविवाद करता है॥"
    },
    "verse_number": 2
  },
  {
    "verse_count": "330603",
    "book_number": "33",
    "chapter_number": "6",
    "book_name": {
      "english": "MICAH",
      "hindi": "मीका"
    },
    "verse": {
      "english": "O my people, what have I done unto thee? and wherein have I wearied thee? testify against me.",
      "hindi": "हे मेरी प्रजा, मैं ने तेरा क्या किया, और क्या कर के मैं ने तुझे उकता दिया है?"
    },
    "verse_number": 3
  },
  {
    "verse_count": "330604",
    "book_number": "33",
    "chapter_number": "6",
    "book_name": {
      "english": "MICAH",
      "hindi": "मीका"
    },
    "verse": {
      "english": "For I brought thee up out of the land of Egypt, and redeemed thee out of the house of servants; and I sent before thee Moses, Aaron, and Miriam.",
      "hindi": "मेरे विरुद्ध साक्षी दे! मैं तो तुझे मिस्र देश से निकाल ले आया, और दासत्व के घर में से तुझे छुड़ा लाया; और तेरी अगुवाई करने को मूसा, हारून और मरियम को भेज दिया।"
    },
    "verse_number": 4
  },
  {
    "verse_count": "330605",
    "book_number": "33",
    "chapter_number": "6",
    "book_name": {
      "english": "MICAH",
      "hindi": "मीका"
    },
    "verse": {
      "english": "O my people, remember now what Balak king of Moab consulted, and what Balaam the son of Beor answered him from Shittim unto Gilgal; that ye may know the righteousness of the LORD.",
      "hindi": "हे मेरी प्रजा, स्मरण कर, कि मोआब के राजा बालाक ने तेरे विरुद्ध कौन सी युक्ति की? और बोर के पुत्र बिलाम ने उसको क्या सम्मत्ति दी? और शित्तिम से गिल्गाल तक की बातों का स्मरण कर, जिस से तू यहोवा के धर्म के काम समझ सके॥"
    },
    "verse_number": 5
  },
  {
    "verse_count": "330606",
    "book_number": "33",
    "chapter_number": "6",
    "book_name": {
      "english": "MICAH",
      "hindi": "मीका"
    },
    "verse": {
      "english": "Wherewith shall I come before the LORD, and bow myself before the high God? shall I come before him with burnt offerings, with calves of a year old?",
      "hindi": "मैं क्या ले कर यहोवा के सम्मुख आऊं, और ऊपर रहने वाले परमेश्वर के साम्हने झुकूं? क्या मैं होमबलि के लिये एक एक वर्ष के बछड़े ले कर उसके सम्मुख आऊं?"
    },
    "verse_number": 6
  },
  {
    "verse_count": "330607",
    "book_number": "33",
    "chapter_number": "6",
    "book_name": {
      "english": "MICAH",
      "hindi": "मीका"
    },
    "verse": {
      "english": "Will the LORD be pleased with thousands of rams, or with ten thousands of rivers of oil? shall I give my firstborn for my transgression, the fruit of my body for the sin of my soul?",
      "hindi": "क्या यहोवा हजारों मेढ़ों से, वा तेल की लाखों नदियों से प्रसन्न होगा? क्या मैं अपने अपराध के प्रायश्चित्त में अपने पहिलौठे को वा अपने पाप के बदले में अपने जन्माए हुए किसी को दूं?"
    },
    "verse_number": 7
  },
  {
    "verse_count": "330608",
    "book_number": "33",
    "chapter_number": "6",
    "book_name": {
      "english": "MICAH",
      "hindi": "मीका"
    },
    "verse": {
      "english": "He hath shewed thee, O man, what is good; and what doth the LORD require of thee, but to do justly, and to love mercy, and to walk humbly with thy God?",
      "hindi": "हे मनुष्य, वह तुझे बता चुका है कि अच्छा क्या है; और यहोवा तुझ से इसे छोड़ और क्या चाहता है, कि तू न्याय से काम करे, और कृपा से प्रीति रखे, और अपने परमेश्वर के साथ नम्रता से चले?"
    },
    "verse_number": 8
  },
  {
    "verse_count": "330609",
    "book_number": "33",
    "chapter_number": "6",
    "book_name": {
      "english": "MICAH",
      "hindi": "मीका"
    },
    "verse": {
      "english": "The LORD's voice crieth unto the city, and the man of wisdom shall see thy name: hear ye the rod, and who hath appointed it.",
      "hindi": "यहोवा इस नगर को पुकार रहा है, और सम्पूर्ण ज्ञान, तेरे नाम का भय मानना है: राजदण्ड की, और जो उसे देने वाला है उसकी बात सुनो!"
    },
    "verse_number": 9
  },
  {
    "verse_count": "3306010",
    "book_number": "33",
    "chapter_number": "6",
    "book_name": {
      "english": "MICAH",
      "hindi": "मीका"
    },
    "verse": {
      "english": "Are there yet the treasures of wickedness in the house of the wicked, and the scant measure that is abominable?",
      "hindi": "क्या अब तक दुष्ट के घर में दुष्टता से पाया हुआ धन और छोटा एपा घृणित नहीं है?"
    },
    "verse_number": 10
  },
  {
    "verse_count": "3306011",
    "book_number": "33",
    "chapter_number": "6",
    "book_name": {
      "english": "MICAH",
      "hindi": "मीका"
    },
    "verse": {
      "english": "Shall I count them pure with the wicked balances, and with the bag of deceitful weights?",
      "hindi": "क्या मैं कपट का तराजू और घटबढ़ के बटखरों की थैली ले कर पवित्र ठहर सकता हूं?"
    },
    "verse_number": 11
  },
  {
    "verse_count": "3306012",
    "book_number": "33",
    "chapter_number": "6",
    "book_name": {
      "english": "MICAH",
      "hindi": "मीका"
    },
    "verse": {
      "english": "For the rich men thereof are full of violence, and the inhabitants thereof have spoken lies, and their tongue is deceitful in their mouth.",
      "hindi": "यहां के धनवान् लोग उपद्रव का काम देखा करते हैं; और यहां के सब रहने वाले झूठ बोलते हैं और उनके मुंह से छल की बातें निकलती हैं।"
    },
    "verse_number": 12
  },
  {
    "verse_count": "3306013",
    "book_number": "33",
    "chapter_number": "6",
    "book_name": {
      "english": "MICAH",
      "hindi": "मीका"
    },
    "verse": {
      "english": "Therefore also will I make thee sick in smiting thee, in making thee desolate because of thy sins.",
      "hindi": "इस कारण मैं तुझे मारते मारते बहुत ही घायल करता हूं, और तेरे पापों के कारण तुझ को उजाड़ डालता हूं।"
    },
    "verse_number": 13
  },
  {
    "verse_count": "3306014",
    "book_number": "33",
    "chapter_number": "6",
    "book_name": {
      "english": "MICAH",
      "hindi": "मीका"
    },
    "verse": {
      "english": "Thou shalt eat, but not be satisfied; and thy casting down shall be in the midst of thee; and thou shalt take hold, but shalt not deliver; and that which thou deliverest will I give up to the sword.",
      "hindi": "तू खाएगा, परन्तु तृप्त न होगा, तेरा पट जलता ही रहेगा; और तू अपनी सम्पत्ति ले कर चलेगा, परन्तु न बचा सकेगा, और जो कुछ तू बचा भी ले, उसको मैं तलवार चला कर लुटवा दूंगा।"
    },
    "verse_number": 14
  },
  {
    "verse_count": "3306015",
    "book_number": "33",
    "chapter_number": "6",
    "book_name": {
      "english": "MICAH",
      "hindi": "मीका"
    },
    "verse": {
      "english": "Thou shalt sow, but thou shalt not reap; thou shalt tread the olives, but thou shalt not anoint thee with oil; and sweet wine, but shalt not drink wine.",
      "hindi": "तू बोएगा, परन्तु लवेगा नहीं; तू जलपाई का तेल निकालेगा, परन्तु लगाने न पाएगा; और दाख रौंदेगा, परन्तु दाखमधु पीने न पाएगा।"
    },
    "verse_number": 15
  },
  {
    "verse_count": "3306016",
    "book_number": "33",
    "chapter_number": "6",
    "book_name": {
      "english": "MICAH",
      "hindi": "मीका"
    },
    "verse": {
      "english": "For the statutes of Omri are kept, and all the works of the house of Ahab, and ye walk in their counsels; that I should make thee a desolation, and the inhabitants thereof an hissing: therefore ye shall bear the reproach of my people.",
      "hindi": "क्योंकि वे ओम्री की विधियों पर, और अहाब के घराने के सब कामों पर चलते हैं; और तुम उनकी युक्तियों के अनुसार चलते हो; इसलिये मैं तुझे उजाड़ दूंगा, और इस नगर के रहने वालों पर ताली बजवाऊंगा, और तुम मेरी प्रजा की नामधराई सहोगे॥"
    },
    "verse_number": 16
  },
  {
    "verse_count": "330701",
    "book_number": "33",
    "chapter_number": "7",
    "book_name": {
      "english": "MICAH",
      "hindi": "मीका"
    },
    "verse": {
      "english": "Woe is me! for I am as when they have gathered the summer fruits, as the grapegleanings of the vintage: there is no cluster to eat: my soul desired the firstripe fruit.",
      "hindi": "हाय मुझ पर! क्योंकि मैं उस जन के समान हो गया हूं जो धूपकाल के फल तोड़ने पर, वा रही हुई दाख बीनने के समय के अन्त में आ जाए, मुझे तो पक्की अंजीरों की लालसा थी, परन्तु खाने के लिये कोई गुच्छा नहीं रहा।"
    },
    "verse_number": 1
  },
  {
    "verse_count": "330702",
    "book_number": "33",
    "chapter_number": "7",
    "book_name": {
      "english": "MICAH",
      "hindi": "मीका"
    },
    "verse": {
      "english": "The good man is perished out of the earth: and there is none upright among men: they all lie in wait for blood; they hunt every man his brother with a net.",
      "hindi": "भक्त लोग पृथ्वी पर से नाश हो गए हैं, और मनुष्यों में एक भी सीधा नहीं जन नहीं रहा; वे सब के सब हत्या के लिये घात लगाते, और जाल लगा कर अपने अपने भाई का आहेर करते हैं।"
    },
    "verse_number": 2
  },
  {
    "verse_count": "330703",
    "book_number": "33",
    "chapter_number": "7",
    "book_name": {
      "english": "MICAH",
      "hindi": "मीका"
    },
    "verse": {
      "english": "That they may do evil with both hands earnestly, the prince asketh, and the judge asketh for a reward; and the great man, he uttereth his mischievous desire: so they wrap it up.",
      "hindi": "वे अपने दोनों हाथों से मन लगा कर बुराई करते हैं; हाकिम घूस मांगता, और न्यायी घूस लेने को तैयार रहता है, और रईस अपने मन की दुष्टता वर्णन करता है; इसी प्रकार से वे सब मिल कर जालसाजी करते हैं।"
    },
    "verse_number": 3
  },
  {
    "verse_count": "330704",
    "book_number": "33",
    "chapter_number": "7",
    "book_name": {
      "english": "MICAH",
      "hindi": "मीका"
    },
    "verse": {
      "english": "The best of them is as a brier: the most upright is sharper than a thorn hedge: the day of thy watchmen and thy visitation cometh; now shall be their perplexity.",
      "hindi": "उन में से जो सब से उत्तम है, जो सब से सीधा है, वह कांटे वाले बाड़े से भी बुरा है। तेरे पहरूओं का कहा हुआ दिन, अर्थात तेरे दण्ड का दिन आ गया है। अब वे शीघ्र चौंधिया जाएंगे।"
    },
    "verse_number": 4
  },
  {
    "verse_count": "330705",
    "book_number": "33",
    "chapter_number": "7",
    "book_name": {
      "english": "MICAH",
      "hindi": "मीका"
    },
    "verse": {
      "english": "Trust ye not in a friend, put ye not confidence in a guide: keep the doors of thy mouth from her that lieth in thy bosom.",
      "hindi": "मित्र पर विश्वास मत करो, परममित्र पर भी भरोसा मत रखो; वरन अपनी अर्द्धांगिन से भी संभल कर बोलना।"
    },
    "verse_number": 5
  },
  {
    "verse_count": "330706",
    "book_number": "33",
    "chapter_number": "7",
    "book_name": {
      "english": "MICAH",
      "hindi": "मीका"
    },
    "verse": {
      "english": "For the son dishonoureth the father, the daughter riseth up against her mother, the daughter in law against her mother in law; a man's enemies are the men of his own house.",
      "hindi": "क्योंकि पुत्र पिता का अपमान करता, और बेटी माता के, और पतोह सास के विरुद्ध उठती है; मनुष्य के शत्रु उसके घर ही के लोग होते हैं।"
    },
    "verse_number": 6
  },
  {
    "verse_count": "330707",
    "book_number": "33",
    "chapter_number": "7",
    "book_name": {
      "english": "MICAH",
      "hindi": "मीका"
    },
    "verse": {
      "english": "Therefore I will look unto the LORD; I will wait for the God of my salvation: my God will hear me.",
      "hindi": "परन्तु मैं यहोवा की ओर ताकता रहूंगा, मैं अपने उद्धारकर्ता परमेश्वर की बाट जोहता रहूंगा; मेरा परमेश्वर मेरी सुनेगा॥"
    },
    "verse_number": 7
  },
  {
    "verse_count": "330708",
    "book_number": "33",
    "chapter_number": "7",
    "book_name": {
      "english": "MICAH",
      "hindi": "मीका"
    },
    "verse": {
      "english": "Rejoice not against me, O mine enemy: when I fall, I shall arise; when I sit in darkness, the LORD shall be a light unto me.",
      "hindi": "हे मेरी बैरिन, मुझ पर आनन्द मत कर; क्योंकि ज्योंही मैं गिरूंगा त्योंही उठूंगा; और ज्योंही मैं अन्धकार में पडूंगा त्योंहि यहोवा मेरे लिये ज्योति का काम देगा।"
    },
    "verse_number": 8
  },
  {
    "verse_count": "330709",
    "book_number": "33",
    "chapter_number": "7",
    "book_name": {
      "english": "MICAH",
      "hindi": "मीका"
    },
    "verse": {
      "english": "I will bear the indignation of the LORD, because I have sinned against him, until he plead my cause, and execute judgment for me: he will bring me forth to the light, and I shall behold his righteousness.",
      "hindi": "मैं ने यहोवा के विरुद्ध पाप किया है, इस कारण मैं उस समय तक उसके क्रोध को सहता रहूंगा जब तक कि वह मेरा मुकद्दमा लड़ कर मेरा न्याय न चुकाएगा। उस समय वह मुझे उजियाले में निकाल ले आएगा, और मैं उसका धर्म देखूंगा।"
    },
    "verse_number": 9
  },
  {
    "verse_count": "3307010",
    "book_number": "33",
    "chapter_number": "7",
    "book_name": {
      "english": "MICAH",
      "hindi": "मीका"
    },
    "verse": {
      "english": "Then she that is mine enemy shall see it, and shame shall cover her which said unto me, Where is the LORD thy God? mine eyes shall behold her: now shall she be trodden down as the mire of the streets.",
      "hindi": "तब मेरी बैरिन जो मुझ से यह कहती है कि तेरा परमेश्वर यहोवा कहां रहा, वह भी उसे देखेगी और लज्जा से मुंह ढांपेगी। मैं अपनी आंखों से उसे देखूंगा; तब वह सड़कों की कीच की नाईं लताड़ी जाएगी॥"
    },
    "verse_number": 10
  },
  {
    "verse_count": "3307011",
    "book_number": "33",
    "chapter_number": "7",
    "book_name": {
      "english": "MICAH",
      "hindi": "मीका"
    },
    "verse": {
      "english": "In the day that thy walls are to be built, in that day shall the decree be far removed.",
      "hindi": "तेरे बाड़ों के बान्धने के दिन उसकी सीमा बढ़ाई जाएगी।"
    },
    "verse_number": 11
  },
  {
    "verse_count": "3307012",
    "book_number": "33",
    "chapter_number": "7",
    "book_name": {
      "english": "MICAH",
      "hindi": "मीका"
    },
    "verse": {
      "english": "In that day also he shall come even to thee from Assyria, and from the fortified cities, and from the fortress even to the river, and from sea to sea, and from mountain to mountain.",
      "hindi": "उस दिन अश्शूर से, और मिस्र के नगरों से, और मिस्र और महानद के बीच के, और समुद्र-समुद्र और पहाड़-पहाड़ के बीच के देशों से लोग तेरे पास आंएगे।"
    },
    "verse_number": 12
  },
  {
    "verse_count": "3307013",
    "book_number": "33",
    "chapter_number": "7",
    "book_name": {
      "english": "MICAH",
      "hindi": "मीका"
    },
    "verse": {
      "english": "Notwithstanding the land shall be desolate because of them that dwell therein, for the fruit of their doings.",
      "hindi": "तौभी यह देश अपने रहने वालों के कामों के कारण उजाड़ ही रहेगा॥"
    },
    "verse_number": 13
  },
  {
    "verse_count": "3307014",
    "book_number": "33",
    "chapter_number": "7",
    "book_name": {
      "english": "MICAH",
      "hindi": "मीका"
    },
    "verse": {
      "english": "Feed thy people with thy rod, the flock of thine heritage, which dwell solitarily in the wood, in the midst of Carmel: let them feed in Bashan and Gilead, as in the days of old.",
      "hindi": "तू लाठी लिये हुए अपनी प्रजा की चरवाही कर, अर्थात अपने निज भाग की भेड़-बकरियों की, जो कर्म्मेल के वन में अलग बैठती है; वे पूर्वकाल की नाईं बाशान और गिलाद में चरा करें॥"
    },
    "verse_number": 14
  },
  {
    "verse_count": "3307015",
    "book_number": "33",
    "chapter_number": "7",
    "book_name": {
      "english": "MICAH",
      "hindi": "मीका"
    },
    "verse": {
      "english": "According to the days of thy coming out of the land of Egypt will I shew unto him marvellous things.",
      "hindi": "जैसे कि मिस्र देश से तेरे निकल आने के दिनों में, वैसी ही अब मैं उसको अद्भुत काम दिखाऊंगा।"
    },
    "verse_number": 15
  },
  {
    "verse_count": "3307016",
    "book_number": "33",
    "chapter_number": "7",
    "book_name": {
      "english": "MICAH",
      "hindi": "मीका"
    },
    "verse": {
      "english": "The nations shall see and be confounded at all their might: they shall lay their hand upon their mouth, their ears shall be deaf.",
      "hindi": "अन्यजातियां देखकर अपने सारे पराक्रम के विषय में लजाएंगी; वे अपने मुंह को हाथ से छिपाएंगी, और उनके कान बहिरे हो जाएंगे।"
    },
    "verse_number": 16
  },
  {
    "verse_count": "3307017",
    "book_number": "33",
    "chapter_number": "7",
    "book_name": {
      "english": "MICAH",
      "hindi": "मीका"
    },
    "verse": {
      "english": "They shall lick the dust like a serpent, they shall move out of their holes like worms of the earth: they shall be afraid of the LORD our God, and shall fear because of thee.",
      "hindi": "वे सर्प की नाईं मिट्टी चाटेंगी, और भूमि पर रेंगने वाले जन्तुओं की भांति अपने बिलों में से कांपती हुई निकलेंगी; हे हमारे परमेश्वर यहोवा के पास थरथराती हुई आएंगी, और वे तुझ से डरेंगी॥"
    },
    "verse_number": 17
  },
  {
    "verse_count": "3307018",
    "book_number": "33",
    "chapter_number": "7",
    "book_name": {
      "english": "MICAH",
      "hindi": "मीका"
    },
    "verse": {
      "english": "Who is a God like unto thee, that pardoneth iniquity, and passeth by the transgression of the remnant of his heritage? he retaineth not his anger for ever, because he delighteth in mercy.",
      "hindi": "तेरे समान ऐसा परमेश्वर कहां है जो अधर्म को क्षमा करे और अपने निज भाग के बचे हुओं के अपराध को ढांप दे? वह अपने क्रोध को सदा बनाए नहीं रहता, क्योंकि वह करूणा से प्रीति रखता है।"
    },
    "verse_number": 18
  },
  {
    "verse_count": "3307019",
    "book_number": "33",
    "chapter_number": "7",
    "book_name": {
      "english": "MICAH",
      "hindi": "मीका"
    },
    "verse": {
      "english": "He will turn again, he will have compassion upon us; he will subdue our iniquities; and thou wilt cast all their sins into the depths of the sea.",
      "hindi": "वह फिर हम पर दया करेगा, और हमारे अधर्म के कामों को लताड़ डालेगा। तू उनके सब पापों को गहिरे समुद्र में डाल देगा।"
    },
    "verse_number": 19
  },
  {
    "verse_count": "3307020",
    "book_number": "33",
    "chapter_number": "7",
    "book_name": {
      "english": "MICAH",
      "hindi": "मीका"
    },
    "verse": {
      "english": "Thou wilt perform the truth to Jacob, and the mercy to Abraham, which thou hast sworn unto our fathers from the days of old.",
      "hindi": "तू याकूब के विषय में वह सच्चई, और इब्राहीम के विषय में वह करूणा पूरी करेगा, जिस की शपथ तू प्राचीनकाल के दिनों से ले कर अब तक हमारे पितरों से खाता आया है॥"
    },
    "verse_number": 20
  }
]