[
  {
    "verse_count": "310101",
    "book_number": "31",
    "chapter_number": "1",
    "book_name": {
      "english": "OBADIAH",
      "hindi": "ओबद्दाह"
    },
    "verse": {
      "english": "The vision of Obadiah. Thus saith the Lord GOD concerning Edom; We have heard a rumour from the LORD, and an ambassador is sent among the heathen, Arise ye, and let us rise up against her in battle.",
      "hindi": "ओबद्याह का दर्शन॥ हम लोगों ने यहोवा की ओर से समाचार सुना है, और एक दूत अन्यजातियों में यह कहने को भेजा गया है:"
    },
    "verse_number": 1
  },
  {
    "verse_count": "310102",
    "book_number": "31",
    "chapter_number": "1",
    "book_name": {
      "english": "OBADIAH",
      "hindi": "ओबद्दाह"
    },
    "verse": {
      "english": "Behold, I have made thee small among the heathen: thou art greatly despised.",
      "hindi": "उठो! हम उस से लड़ने को उठें! मैं तुझे जातियों में छोटा कर दूंगा, तू बहुत तुच्छ गिना जाएगा।"
    },
    "verse_number": 2
  },
  {
    "verse_count": "310103",
    "book_number": "31",
    "chapter_number": "1",
    "book_name": {
      "english": "OBADIAH",
      "hindi": "ओबद्दाह"
    },
    "verse": {
      "english": "The pride of thine heart hath deceived thee, thou that dwellest in the clefts of the rock, whose habitation is high; that saith in his heart, Who shall bring me down to the ground?",
      "hindi": "हे पहाड़ों की दरारों में बसने वाले, हे ऊंचे स्थान में रहने वाले, तेरे अभिमान ने तुझे धोखा दिया है; तू मन में कहता है,"
    },
    "verse_number": 3
  },
  {
    "verse_count": "310104",
    "book_number": "31",
    "chapter_number": "1",
    "book_name": {
      "english": "OBADIAH",
      "hindi": "ओबद्दाह"
    },
    "verse": {
      "english": "Though thou exalt thyself as the eagle, and though thou set thy nest among the stars, thence will I bring thee down, saith the LORD.",
      "hindi": "कौन मुझे भूमि पर उतार देगा? परन्तु चाहे तू उकाब की नाईं ऊंचा उड़ता हो, वरन तारागण के बीच अपना घोंसला बनाए हो, तौभी मैं तुझे वहां से नीचे गिराऊंगा, यहोवा की यही वाणी है॥"
    },
    "verse_number": 4
  },
  {
    "verse_count": "310105",
    "book_number": "31",
    "chapter_number": "1",
    "book_name": {
      "english": "OBADIAH",
      "hindi": "ओबद्दाह"
    },
    "verse": {
      "english": "If thieves came to thee, if robbers by night, (how art thou cut off!) would they not have stolen till they had enough? if the grapegatherers came to thee, would they not leave some grapes?",
      "hindi": "यदि चोर-डाकू रात को तेरे पास आते, (हाय, तू कैसे मिटा दिया गया है!) तो क्या वे चुराए हुए धन से तृप्त हो कर चले न जाते? और यदि दाख के तोड़ने वाले तेरे पास आते, तो क्या वे कहीं कहीं दाख न छोड़ जाते?"
    },
    "verse_number": 5
  },
  {
    "verse_count": "310106",
    "book_number": "31",
    "chapter_number": "1",
    "book_name": {
      "english": "OBADIAH",
      "hindi": "ओबद्दाह"
    },
    "verse": {
      "english": "How are the things of Esau searched out! how are his hidden things sought up!",
      "hindi": "परन्तु ऐसाव का धन कैसे खोज कर लूटा गया है, उसका गुप्त धन कैसे पता लगा लगाकर निकाला गया है!"
    },
    "verse_number": 6
  },
  {
    "verse_count": "310107",
    "book_number": "31",
    "chapter_number": "1",
    "book_name": {
      "english": "OBADIAH",
      "hindi": "ओबद्दाह"
    },
    "verse": {
      "english": "All the men of thy confederacy have brought thee even to the border: the men that were at peace with thee have deceived thee, and prevailed against thee; they that eat thy bread have laid a wound under thee: there is none understanding in him.",
      "hindi": "जितनों ने तुझ से वाचा बान्धी थी, उन सभों ने तुझे सिवाने तक ढकेल दिया है; जो लोग तुझ से मेल रखते थे, वे तुझ को धोका देकर तुझ पर प्रबल हुए हैं; वे तेरी रोटी खाते हैं, वे तेरे लिये फन्दा लगाते हैं-- उस में कुछ समझ नहीं है।"
    },
    "verse_number": 7
  },
  {
    "verse_count": "310108",
    "book_number": "31",
    "chapter_number": "1",
    "book_name": {
      "english": "OBADIAH",
      "hindi": "ओबद्दाह"
    },
    "verse": {
      "english": "Shall I not in that day, saith the LORD, even destroy the wise men out of Edom, and understanding out of the mount of Esau?",
      "hindi": "यहोवा की यह वाणी है, क्या मैं उस समय एदोम में से बुद्धिमानों को, और ऐसाव के पहाड़ में से चतुराई को नाश न करूंगा?"
    },
    "verse_number": 8
  },
  {
    "verse_count": "310109",
    "book_number": "31",
    "chapter_number": "1",
    "book_name": {
      "english": "OBADIAH",
      "hindi": "ओबद्दाह"
    },
    "verse": {
      "english": "And thy mighty men, O Teman, shall be dismayed, to the end that every one of the mount of Esau may be cut off by slaughter.",
      "hindi": "और हे तेमान, तेरे शूरवीरों का मन कच्चा न हो जाएगा, और यों ऐसाव के पहाड़ पर का हर एक पुरूष घात हो कर नाश हो जाएगा।"
    },
    "verse_number": 9
  },
  {
    "verse_count": "3101010",
    "book_number": "31",
    "chapter_number": "1",
    "book_name": {
      "english": "OBADIAH",
      "hindi": "ओबद्दाह"
    },
    "verse": {
      "english": "For thy violence against thy brother Jacob shame shall cover thee, and thou shalt be cut off for ever.",
      "hindi": "हे ऐसाव, उस उपद्रव के कारण जो तू ने अपने भाई याकूब पर किया, तू लज्जा से ढंपेगा; और सदा के लिये नाश हो जाएगा।"
    },
    "verse_number": 10
  },
  {
    "verse_count": "3101011",
    "book_number": "31",
    "chapter_number": "1",
    "book_name": {
      "english": "OBADIAH",
      "hindi": "ओबद्दाह"
    },
    "verse": {
      "english": "In the day that thou stoodest on the other side, in the day that the strangers carried away captive his forces, and foreigners entered into his gates, and cast lots upon Jerusalem, even thou wast as one of them.",
      "hindi": "जिस दिन परदेशी लोग उसकी धन सम्पत्ति छीन कर ले गए, और बिराने लोगों ने उसके फाटकों से घुस कर यरूशलेम पर चिट्ठी डाली, उस दिन तू भी उन में से एक था।"
    },
    "verse_number": 11
  },
  {
    "verse_count": "3101012",
    "book_number": "31",
    "chapter_number": "1",
    "book_name": {
      "english": "OBADIAH",
      "hindi": "ओबद्दाह"
    },
    "verse": {
      "english": "But thou shouldest not have looked on the day of thy brother in the day that he became a stranger; neither shouldest thou have rejoiced over the children of Judah in the day of their destruction; neither shouldest thou have spoken proudly in the day of distress.",
      "hindi": "परन्तु तुझे उचित न था कि तू अपने भाई के दिन में, अर्थात उसकी विपत्ति के दिन में उसकी ओर देखता रहता, और यहूदियों के नाश होने के दिन उन के ऊपर आनन्द करता, और उन के संकट के दिन बड़ा बोल बोलता।"
    },
    "verse_number": 12
  },
  {
    "verse_count": "3101013",
    "book_number": "31",
    "chapter_number": "1",
    "book_name": {
      "english": "OBADIAH",
      "hindi": "ओबद्दाह"
    },
    "verse": {
      "english": "Thou shouldest not have entered into the gate of my people in the day of their calamity; yea, thou shouldest not have looked on their affliction in the day of their calamity, nor have laid hands on their substance in the day of their calamity;",
      "hindi": "तुझे उचित न था कि मेरी प्रजा की विपत्ति के दिन तू उस के फाटक से घुसता, और उसकी विपत्ति के दिन उसकी धन सम्पत्ति पर हाथ लगाता।"
    },
    "verse_number": 13
  },
  {
    "verse_count": "3101014",
    "book_number": "31",
    "chapter_number": "1",
    "book_name": {
      "english": "OBADIAH",
      "hindi": "ओबद्दाह"
    },
    "verse": {
      "english": "Neither shouldest thou have stood in the crossway, to cut off those of his that did escape; neither shouldest thou have delivered up those of his that did remain in the day of distress.",
      "hindi": "तुझे उचित न था कि तिरमुहाने पर उसके भागने वालों को मार डालने के लिये खड़ा होता, और संकट के दिन उसके बचे हुओं को पकड़ाता॥"
    },
    "verse_number": 14
  },
  {
    "verse_count": "3101015",
    "book_number": "31",
    "chapter_number": "1",
    "book_name": {
      "english": "OBADIAH",
      "hindi": "ओबद्दाह"
    },
    "verse": {
      "english": "For the day of the LORD is near upon all the heathen: as thou hast done, it shall be done unto thee: thy reward shall return upon thine own head.",
      "hindi": "क्योंकि सारी अन्यजातियों पर यहोवा के दिन का आना निकट है। जैसा तू ने किया है, वैसा ही तुझ से भी किया जाएगा, तेरा व्यवहार लौटकर तेरे ही सिर पर पड़ेगा।"
    },
    "verse_number": 15
  },
  {
    "verse_count": "3101016",
    "book_number": "31",
    "chapter_number": "1",
    "book_name": {
      "english": "OBADIAH",
      "hindi": "ओबद्दाह"
    },
    "verse": {
      "english": "For as ye have drunk upon my holy mountain, so shall all the heathen drink continually, yea, they shall drink, and they shall swallow down, and they shall be as though they had not been.",
      "hindi": "जिस प्रकार तू ने मेरे पवित्र पर्वत पर पिया, उसी प्रकार से सारी अन्यजातियां लगातार पीती रहेंगी, वरन वे सुड़क-सुड़ककर पीएंगी, और एसी हो जाएंगी जैसी कभी हुई ही नहीं।"
    },
    "verse_number": 16
  },
  {
    "verse_count": "3101017",
    "book_number": "31",
    "chapter_number": "1",
    "book_name": {
      "english": "OBADIAH",
      "hindi": "ओबद्दाह"
    },
    "verse": {
      "english": "But upon mount Zion shall be deliverance, and there shall be holiness; and the house of Jacob shall possess their possessions.",
      "hindi": "परन्तु उस समय सिय्योन पर्वत पर बचे हुए लोग रहेंगे, ओर वह पवित्र स्थान ठहरेगा; और याकूब का घराना अपने निज भागों का अधिकारी होगा।"
    },
    "verse_number": 17
  },
  {
    "verse_count": "3101018",
    "book_number": "31",
    "chapter_number": "1",
    "book_name": {
      "english": "OBADIAH",
      "hindi": "ओबद्दाह"
    },
    "verse": {
      "english": "And the house of Jacob shall be a fire, and the house of Joseph a flame, and the house of Esau for stubble, and they shall kindle in them, and devour them; and there shall not be any remaining of the house of Esau; for the LORD hath spoken it.",
      "hindi": "तब याकूब का घराना आग, और यूसुफ का घराना लौ, और ऐसाव का घराना खूंटी बनेगा; और वे उन में आग लगा कर उन को भस्म करेंगे, और ऐसाव के घराने का कोई न बचेगा; क्योंकि यहोवा ही ने ऐसा कहा है॥"
    },
    "verse_number": 18
  },
  {
    "verse_count": "3101019",
    "book_number": "31",
    "chapter_number": "1",
    "book_name": {
      "english": "OBADIAH",
      "hindi": "ओबद्दाह"
    },
    "verse": {
      "english": "And they of the south shall possess the mount of Esau; and they of the plain the Philistines: and they shall possess the fields of Ephraim, and the fields of Samaria: and Benjamin shall possess Gilead.",
      "hindi": "दक्खिन देश के लोग ऐसाव के पहाड़ के अधिकारी हो जाएंगे, और नीचे के देश के लोग पलिश्तियों के अधिकारी होंगे; और यहूदी, एप्रैम और सामरिया के दिहात को अपने भाग में कर लेंगे, और बिन्यामीन गिलाद का अधिकारी होगा।"
    },
    "verse_number": 19
  },
  {
    "verse_count": "3101020",
    "book_number": "31",
    "chapter_number": "1",
    "book_name": {
      "english": "OBADIAH",
      "hindi": "ओबद्दाह"
    },
    "verse": {
      "english": "And the captivity of this host of the children of Israel shall possess that of the Canaanites, even unto Zarephath; and the captivity of Jerusalem, which is in Sepharad, shall possess the cities of the south.",
      "hindi": "इस्राएलियों के उस दल में से जो लाग बंधुआई में जा कर कनानियों के बीच सारपत तक रहते हैं, और यरूशलेमियों में से जो लोग बंधुआई में जा कर सपारद में रहते हैं, वे सब दक्खिन देश के नगरों के अधिकारी हो जाएंगे।"
    },
    "verse_number": 20
  },
  {
    "verse_count": "3101021",
    "book_number": "31",
    "chapter_number": "1",
    "book_name": {
      "english": "OBADIAH",
      "hindi": "ओबद्दाह"
    },
    "verse": {
      "english": "And saviours shall come up on mount Zion to judge the mount of Esau; and the kingdom shall be the LORD's.",
      "hindi": "और उद्धार करने वाले ऐसाव के पहाड़ का न्याय करने के लिये सिय्योन पर्वत पर चढ़ आएंगे, और राज्य यहोवा ही का हो जाएगा॥"
    },
    "verse_number": 21
  }
]