[
  {
    "verse_count": "320101",
    "book_number": "32",
    "chapter_number": "1",
    "book_name": {
      "english": "JONAH",
      "hindi": "योना"
    },
    "verse": {
      "english": "Now the word of the LORD came unto Jonah the son of Amittai, saying,",
      "hindi": "यहोवा का यह वचन अमितै के पुत्र योना के पास पहुंचा,"
    },
    "verse_number": 1
  },
  {
    "verse_count": "320102",
    "book_number": "32",
    "chapter_number": "1",
    "book_name": {
      "english": "JONAH",
      "hindi": "योना"
    },
    "verse": {
      "english": "Arise, go to Nineveh, that great city, and cry against it; for their wickedness is come up before me.",
      "hindi": "उठ कर उस बड़े नगर नीनवे को जा, और उसके विरुद्ध प्रचार कर; क्योंकि उसकी बुराई मेरी दृष्टि में बढ़ गई है।"
    },
    "verse_number": 2
  },
  {
    "verse_count": "320103",
    "book_number": "32",
    "chapter_number": "1",
    "book_name": {
      "english": "JONAH",
      "hindi": "योना"
    },
    "verse": {
      "english": "But Jonah rose up to flee unto Tarshish from the presence of the LORD, and went down to Joppa; and he found a ship going to Tarshish: so he paid the fare thereof, and went down into it, to go with them unto Tarshish from the presence of the LORD.",
      "hindi": "परन्तु योना यहोवा के सम्मुख से तर्शीश को भाग जाने के लिये उठा, और यापो नगर को जा कर तर्शीश जाने वाला एक जहाज पाया; और भाड़ा देकर उस पर चढ़ गया कि उनके साथ हो कर यहोवा के सम्मुख से तर्शीश को चला जाए॥"
    },
    "verse_number": 3
  },
  {
    "verse_count": "320104",
    "book_number": "32",
    "chapter_number": "1",
    "book_name": {
      "english": "JONAH",
      "hindi": "योना"
    },
    "verse": {
      "english": "But the LORD sent out a great wind into the sea, and there was a mighty tempest in the sea, so that the ship was like to be broken.",
      "hindi": "तब यहोवा ने समुद्र में एक प्रचण्ड आंधी चलाई, और समुद्र में बड़ी आंधी उठी, यहां तक कि जहाज टूटने पर था।"
    },
    "verse_number": 4
  },
  {
    "verse_count": "320105",
    "book_number": "32",
    "chapter_number": "1",
    "book_name": {
      "english": "JONAH",
      "hindi": "योना"
    },
    "verse": {
      "english": "Then the mariners were afraid, and cried every man unto his god, and cast forth the wares that were in the ship into the sea, to lighten it of them. But Jonah was gone down into the sides of the ship; and he lay, and was fast asleep.",
      "hindi": "तब मल्लाह लोग डर कर अपने अपने देवता की दोहाई देने लगे; और जहाज में जो व्यापार की सामग्री थी उसे समुद्र में फेंकने लगे कि जहाज हल्का हो जाए। परन्तु योना जहाज के निचले भाग में उतरकर सो गया था, और गहरी नींद में पड़ा हुआ था।"
    },
    "verse_number": 5
  },
  {
    "verse_count": "320106",
    "book_number": "32",
    "chapter_number": "1",
    "book_name": {
      "english": "JONAH",
      "hindi": "योना"
    },
    "verse": {
      "english": "So the shipmaster came to him, and said unto him, What meanest thou, O sleeper? arise, call upon thy God, if so be that God will think upon us, that we perish not.",
      "hindi": "तब मांझी उसके निकट आकर कहने लगा, तू भारी नींद में पड़ा हुआ क्या करता है? उठ, अपने देवता की दोहाई दे! सम्भव है कि परमेश्वर हमारी चिन्ता करे, और हमारा नाश न हो॥"
    },
    "verse_number": 6
  },
  {
    "verse_count": "320107",
    "book_number": "32",
    "chapter_number": "1",
    "book_name": {
      "english": "JONAH",
      "hindi": "योना"
    },
    "verse": {
      "english": "And they said every one to his fellow, Come, and let us cast lots, that we may know for whose cause this evil is upon us. So they cast lots, and the lot fell upon Jonah.",
      "hindi": "तब उन्होंने आपस में कहा, आओ, हम चिट्ठी डाल कर जान लें कि यह विपत्ति हम पर किस के कारण पड़ी है। तब उन्होंने चिट्ठी डाली, और चिट्ठी योना के नाम पर निकली।"
    },
    "verse_number": 7
  },
  {
    "verse_count": "320108",
    "book_number": "32",
    "chapter_number": "1",
    "book_name": {
      "english": "JONAH",
      "hindi": "योना"
    },
    "verse": {
      "english": "Then said they unto him, Tell us, we pray thee, for whose cause this evil is upon us; What is thine occupation? and whence comest thou? what is thy country? and of what people art thou?",
      "hindi": "तब उन्होंने उस से कहा, हमें बता कि किस के कारण यह विपत्ति हम पर पड़ी है? तेरा उद्यम क्या है? और तू कहां से आया है? तू किस देश और किस जाति का है?"
    },
    "verse_number": 8
  },
  {
    "verse_count": "320109",
    "book_number": "32",
    "chapter_number": "1",
    "book_name": {
      "english": "JONAH",
      "hindi": "योना"
    },
    "verse": {
      "english": "And he said unto them, I am an Hebrew; and I fear the LORD, the God of heaven, which hath made the sea and the dry land.",
      "hindi": "उसने उन से कहा, मैं इब्री हूं; और स्वर्ग का परमेश्वर यहोवा जिसने जल स्थल दोनों को बनाया है, उसी का भय मानता हूं।"
    },
    "verse_number": 9
  },
  {
    "verse_count": "3201010",
    "book_number": "32",
    "chapter_number": "1",
    "book_name": {
      "english": "JONAH",
      "hindi": "योना"
    },
    "verse": {
      "english": "Then were the men exceedingly afraid, and said unto him, Why hast thou done this? For the men knew that he fled from the presence of the LORD, because he had told them.",
      "hindi": "तब वे निपट डर गए, और उस से कहने लगे, तू ने यह क्या किया है? वे जान गए थे कि वह यहोवा के सम्मुख से भाग आया है, क्योंकि उसने आप ही उन को बता दिया था॥"
    },
    "verse_number": 10
  },
  {
    "verse_count": "3201011",
    "book_number": "32",
    "chapter_number": "1",
    "book_name": {
      "english": "JONAH",
      "hindi": "योना"
    },
    "verse": {
      "english": "Then said they unto him, What shall we do unto thee, that the sea may be calm unto us? for the sea wrought, and was tempestuous.",
      "hindi": "तब उन्होंने उस से पूछा, हम तेरे साथ क्या करें जिस से समुद्र शान्त हो जाए? उस समय समुद्र की लहरें बढ़ती ही जाती थीं।"
    },
    "verse_number": 11
  },
  {
    "verse_count": "3201012",
    "book_number": "32",
    "chapter_number": "1",
    "book_name": {
      "english": "JONAH",
      "hindi": "योना"
    },
    "verse": {
      "english": "And he said unto them, Take me up, and cast me forth into the sea; so shall the sea be calm unto you: for I know that for my sake this great tempest is upon you.",
      "hindi": "उसने उन से कहा, मुझे उठा कर समुद्र में फेंक दो; तब समुद्र शान्त पड़ जाएगा; क्योंकि मैं जानता हूं, कि यह भारी आंधी तुम्हारे ऊपर मेरे ही कारण आई है।"
    },
    "verse_number": 12
  },
  {
    "verse_count": "3201013",
    "book_number": "32",
    "chapter_number": "1",
    "book_name": {
      "english": "JONAH",
      "hindi": "योना"
    },
    "verse": {
      "english": "Nevertheless the men rowed hard to bring it to the land; but they could not: for the sea wrought, and was tempestuous against them.",
      "hindi": "तौभी वे बड़े यत्न से खेते रहे कि उसको किनारे पर लगाएं, परन्तु पहुंच न सके, क्योंकि समुद्र की लहरें उनके विरुद्ध बढ़ती ही जाती थीं।"
    },
    "verse_number": 13
  },
  {
    "verse_count": "3201014",
    "book_number": "32",
    "chapter_number": "1",
    "book_name": {
      "english": "JONAH",
      "hindi": "योना"
    },
    "verse": {
      "english": "Wherefore they cried unto the LORD, and said, We beseech thee, O LORD, we beseech thee, let us not perish for this man's life, and lay not upon us innocent blood: for thou, O LORD, hast done as it pleased thee.",
      "hindi": "तब उन्होंने यहोवा को पुकार कर कहा, हे यहोवा हम बिनती करते हैं, कि इस पुरूष के प्राण की सन्ती हमारा नाश न हो, और न हमें निर्दोष की हत्या का दोषी ठहरा; क्योंकि हे यहोवा, जो कुछ तेरी इच्छा थी वही तू ने किया है।"
    },
    "verse_number": 14
  },
  {
    "verse_count": "3201015",
    "book_number": "32",
    "chapter_number": "1",
    "book_name": {
      "english": "JONAH",
      "hindi": "योना"
    },
    "verse": {
      "english": "So they took up Jonah, and cast him forth into the sea: and the sea ceased from her raging.",
      "hindi": "तब उन्होंने योना को उठा कर समुद्र में फेंक दिया; और समुद्र की भयानक लहरें थम गईं।"
    },
    "verse_number": 15
  },
  {
    "verse_count": "3201016",
    "book_number": "32",
    "chapter_number": "1",
    "book_name": {
      "english": "JONAH",
      "hindi": "योना"
    },
    "verse": {
      "english": "Then the men feared the LORD exceedingly, and offered a sacrifice unto the LORD, and made vows.",
      "hindi": "तब उन मनुष्यों ने यहोवा का बहुत ही भय माना, और उसको भेंट चढ़ाई और मन्नतें मानीं॥"
    },
    "verse_number": 16
  },
  {
    "verse_count": "3201017",
    "book_number": "32",
    "chapter_number": "1",
    "book_name": {
      "english": "JONAH",
      "hindi": "योना"
    },
    "verse": {
      "english": "Now the LORD had prepared a great fish to swallow up Jonah. And Jonah was in the belly of the fish three days and three nights.",
      "hindi": "यहोवा ने एक बड़ा सा मगरमच्छ ठहराया था कि योना को निगल ले; और योना उस मगरमच्छ के पेट में तीन दिन और तीन रात पड़ा रहा॥"
    },
    "verse_number": 17
  },
  {
    "verse_count": "320201",
    "book_number": "32",
    "chapter_number": "2",
    "book_name": {
      "english": "JONAH",
      "hindi": "योना"
    },
    "verse": {
      "english": "Then Jonah prayed unto the LORD his God out of the fish's belly,",
      "hindi": "तब योना ने उसके पेट में से अपने परमेश्वर यहोवा से प्रार्थना कर के कहा,"
    },
    "verse_number": 1
  },
  {
    "verse_count": "320202",
    "book_number": "32",
    "chapter_number": "2",
    "book_name": {
      "english": "JONAH",
      "hindi": "योना"
    },
    "verse": {
      "english": "And said, I cried by reason of mine affliction unto the LORD, and he heard me; out of the belly of hell cried I, and thou heardest my voice.",
      "hindi": "मैं ने संकट में पड़े हुए यहोवा की दोहाई दी, और उसने मेरी सुन ली है; अधोलोक के उदर में से मैं चिल्ला उठा, और तू ने मेरी सुन ली।"
    },
    "verse_number": 2
  },
  {
    "verse_count": "320203",
    "book_number": "32",
    "chapter_number": "2",
    "book_name": {
      "english": "JONAH",
      "hindi": "योना"
    },
    "verse": {
      "english": "For thou hadst cast me into the deep, in the midst of the seas; and the floods compassed me about: all thy billows and thy waves passed over me.",
      "hindi": "तू ने मुझे गहिरे सागर में समुद्र की थाह तक डाल दिया; और मैं धाराओं के बीच में पड़ा था, तेरी भड़काई हुई सब तरंग और लहरें मेरे ऊपर से बह गईं।"
    },
    "verse_number": 3
  },
  {
    "verse_count": "320204",
    "book_number": "32",
    "chapter_number": "2",
    "book_name": {
      "english": "JONAH",
      "hindi": "योना"
    },
    "verse": {
      "english": "Then I said, I am cast out of thy sight; yet I will look again toward thy holy temple.",
      "hindi": "तब मैं ने कहा, मैं तेरे साम्हने से निकाल दिया गया हूं; तौभी तेरे पवित्र मन्दिर की ओर फिर ताकूंगा।"
    },
    "verse_number": 4
  },
  {
    "verse_count": "320205",
    "book_number": "32",
    "chapter_number": "2",
    "book_name": {
      "english": "JONAH",
      "hindi": "योना"
    },
    "verse": {
      "english": "The waters compassed me about, even to the soul: the depth closed me round about, the weeds were wrapped about my head.",
      "hindi": "मैं जल से यहां तक घिरा हुआ था कि मेरे प्राण निकले जाते थे; गहिरा सागर मेरे चारों ओर था, और मेरे सिर में सिवार लिपटा हुआ था।"
    },
    "verse_number": 5
  },
  {
    "verse_count": "320206",
    "book_number": "32",
    "chapter_number": "2",
    "book_name": {
      "english": "JONAH",
      "hindi": "योना"
    },
    "verse": {
      "english": "I went down to the bottoms of the mountains; the earth with her bars was about me for ever: yet hast thou brought up my life from corruption, O LORD my God.",
      "hindi": "मैं पहाड़ों की जड़ तक पहुंच गया था; मैं सदा के लिये भूमि में बन्द हो गया था; तौभी हे मेरे परमेश्वर यहोवा, तू ने मेरे प्राणों को गड़हे में से उठाया है।"
    },
    "verse_number": 6
  },
  {
    "verse_count": "320207",
    "book_number": "32",
    "chapter_number": "2",
    "book_name": {
      "english": "JONAH",
      "hindi": "योना"
    },
    "verse": {
      "english": "When my soul fainted within me I remembered the LORD: and my prayer came in unto thee, into thine holy temple.",
      "hindi": "जब मैं मूर्छा खाने लगा, तब मैं ने यहोवा को स्मरण किया; और मेरी प्रार्थना तेरे पास वरन तेरे पवित्र मन्दिर में पहुंच गई।"
    },
    "verse_number": 7
  },
  {
    "verse_count": "320208",
    "book_number": "32",
    "chapter_number": "2",
    "book_name": {
      "english": "JONAH",
      "hindi": "योना"
    },
    "verse": {
      "english": "They that observe lying vanities forsake their own mercy.",
      "hindi": "जो लोग धोखे की व्यर्थ वस्तुओं पर मन लगाते हैं, वे अपने करूणानिधान को छोड़ देते हैं।"
    },
    "verse_number": 8
  },
  {
    "verse_count": "320209",
    "book_number": "32",
    "chapter_number": "2",
    "book_name": {
      "english": "JONAH",
      "hindi": "योना"
    },
    "verse": {
      "english": "But I will sacrifice unto thee with the voice of thanksgiving; I will pay that that I have vowed. Salvation is of the LORD.",
      "hindi": "परन्तु मैं ऊंचे शब्द से धन्यवाद कर के तुझे बलिदान चढ़ाऊंगा; जो मन्नत मैं ने मानी, उसको पूरी करूंगा। उद्धार यहोवा ही से होता है।"
    },
    "verse_number": 9
  },
  {
    "verse_count": "3202010",
    "book_number": "32",
    "chapter_number": "2",
    "book_name": {
      "english": "JONAH",
      "hindi": "योना"
    },
    "verse": {
      "english": "And the LORD spake unto the fish, and it vomited out Jonah upon the dry land.",
      "hindi": "और यहोवा ने मगरमच्छ को आज्ञा दी, और उसने योना को स्थल पर उगल दिया॥"
    },
    "verse_number": 10
  },
  {
    "verse_count": "320301",
    "book_number": "32",
    "chapter_number": "3",
    "book_name": {
      "english": "JONAH",
      "hindi": "योना"
    },
    "verse": {
      "english": "And the word of the LORD came unto Jonah the second time, saying,",
      "hindi": "तब यहोवा का यह वचन दूसरी बार योना के पास पहुंचा,"
    },
    "verse_number": 1
  },
  {
    "verse_count": "320302",
    "book_number": "32",
    "chapter_number": "3",
    "book_name": {
      "english": "JONAH",
      "hindi": "योना"
    },
    "verse": {
      "english": "Arise, go unto Nineveh, that great city, and preach unto it the preaching that I bid thee.",
      "hindi": "उठ कर उस बड़े नगर नीनवे को जा, और जो बात मैं तुझ से कहूंगा, उसका उस में प्रचार कर।"
    },
    "verse_number": 2
  },
  {
    "verse_count": "320303",
    "book_number": "32",
    "chapter_number": "3",
    "book_name": {
      "english": "JONAH",
      "hindi": "योना"
    },
    "verse": {
      "english": "So Jonah arose, and went unto Nineveh, according to the word of the LORD. Now Nineveh was an exceeding great city of three days' journey.",
      "hindi": "तब योना यहोवा के वचन के अनुसार नीनवे को गया। नीनवे एक बहुत बड़ा नगर था, वह तीन दिन की यात्रा का था।"
    },
    "verse_number": 3
  },
  {
    "verse_count": "320304",
    "book_number": "32",
    "chapter_number": "3",
    "book_name": {
      "english": "JONAH",
      "hindi": "योना"
    },
    "verse": {
      "english": "And Jonah began to enter into the city a day's journey, and he cried, and said, Yet forty days, and Nineveh shall be overthrown.",
      "hindi": "और योना ने नगर में प्रवेश कर के एक दिन की यात्रा पूरी की, और यह प्रचार करता गया, अब से चालीस दिन के बीतने पर नीनवे उलट दिया जाएगा।"
    },
    "verse_number": 4
  },
  {
    "verse_count": "320305",
    "book_number": "32",
    "chapter_number": "3",
    "book_name": {
      "english": "JONAH",
      "hindi": "योना"
    },
    "verse": {
      "english": "So the people of Nineveh believed God, and proclaimed a fast, and put on sackcloth, from the greatest of them even to the least of them.",
      "hindi": "तब नीनवे के मनुष्यों ने परमेश्वर के वचन की प्रतीति की; और उपवास का प्रचार किया गया और बड़े से ले कर छोटे तक सभों ने टाट ओढ़ा।"
    },
    "verse_number": 5
  },
  {
    "verse_count": "320306",
    "book_number": "32",
    "chapter_number": "3",
    "book_name": {
      "english": "JONAH",
      "hindi": "योना"
    },
    "verse": {
      "english": "For word came unto the king of Nineveh, and he arose from his throne, and he laid his robe from him, and covered him with sackcloth, and sat in ashes.",
      "hindi": "तब यह समाचार नीनवे के राजा के कान में पहुंचा; और उसने सिंहासन पर से उठ, अपना राजकीय ओढ़ना उतार कर टाट ओढ़ लिया, और राख पर बैठ गया।"
    },
    "verse_number": 6
  },
  {
    "verse_count": "320307",
    "book_number": "32",
    "chapter_number": "3",
    "book_name": {
      "english": "JONAH",
      "hindi": "योना"
    },
    "verse": {
      "english": "And he caused it to be proclaimed and published through Nineveh by the decree of the king and his nobles, saying, Let neither man nor beast, herd nor flock, taste any thing: let them not feed, nor drink water:",
      "hindi": "और राजा ने प्रधानों से सम्मति ले कर नीनवे में इस आज्ञा का ढींढोरा पिटवाया, कि क्या मनुष्य, क्या गाय-बैल, क्या भेड़-बकरी, या और पशु, कोई कुछ भी न खाएं; वे ने खांए और न पानी पीवें।"
    },
    "verse_number": 7
  },
  {
    "verse_count": "320308",
    "book_number": "32",
    "chapter_number": "3",
    "book_name": {
      "english": "JONAH",
      "hindi": "योना"
    },
    "verse": {
      "english": "But let man and beast be covered with sackcloth, and cry mightily unto God: yea, let them turn every one from his evil way, and from the violence that is in their hands.",
      "hindi": "और मनुष्य और पशु दोनों टाट ओढ़ें, और वे परमेश्वर की दोहाई चिल्ला-चिल्ला कर दें; और अपने कुमार्ग से फिरें; और उस उपद्रव से, जो वे करते हैं, पश्चाताप करें।"
    },
    "verse_number": 8
  },
  {
    "verse_count": "320309",
    "book_number": "32",
    "chapter_number": "3",
    "book_name": {
      "english": "JONAH",
      "hindi": "योना"
    },
    "verse": {
      "english": "Who can tell if God will turn and repent, and turn away from his fierce anger, that we perish not?",
      "hindi": "सम्भव है, परमेश्वर दया करे और अपनी इच्छा बदल दे, और उसका भड़का हुआ कोप शान्त हो जाए और हम नाश होने से बच जाएं॥"
    },
    "verse_number": 9
  },
  {
    "verse_count": "3203010",
    "book_number": "32",
    "chapter_number": "3",
    "book_name": {
      "english": "JONAH",
      "hindi": "योना"
    },
    "verse": {
      "english": "And God saw their works, that they turned from their evil way; and God repented of the evil, that he had said that he would do unto them; and he did it not.",
      "hindi": "जब परमेश्वर ने उनके कामों को देखा, कि वे कुमार्ग से फिर रहे हैं, तब परमेश्वर ने अपनी इच्छा बदल दी, और उनकी जो हानि करने की ठानी थी, उसको न किया॥"
    },
    "verse_number": 10
  },
  {
    "verse_count": "320401",
    "book_number": "32",
    "chapter_number": "4",
    "book_name": {
      "english": "JONAH",
      "hindi": "योना"
    },
    "verse": {
      "english": "But it displeased Jonah exceedingly, and he was very angry.",
      "hindi": "यह बात योना को बहुत ही बुरी लगी, और उसका क्रोध भड़का।"
    },
    "verse_number": 1
  },
  {
    "verse_count": "320402",
    "book_number": "32",
    "chapter_number": "4",
    "book_name": {
      "english": "JONAH",
      "hindi": "योना"
    },
    "verse": {
      "english": "And he prayed unto the LORD, and said, I pray thee, O LORD, was not this my saying, when I was yet in my country? Therefore I fled before unto Tarshish: for I knew that thou art a gracious God, and merciful, slow to anger, and of great kindness, and repentest thee of the evil.",
      "hindi": "और उसने यहोवा से यह कह कर प्रार्थना की, हे यहोवा जब मैं अपने देश में था, तब क्या मैं यही बात न कहता था? इसी कारण मैं ने तेरी आज्ञा सुनते ही तर्शीश को भाग जाने के लिये फुर्ती की; क्योंकि मैं जानता था कि तू अनुग्रहकारी और दयालु परमेश्वर है, विलम्ब से कोप करने वाला करूणानिधान है, और दु:ख देने से प्रसन्न नहीं होता।"
    },
    "verse_number": 2
  },
  {
    "verse_count": "320403",
    "book_number": "32",
    "chapter_number": "4",
    "book_name": {
      "english": "JONAH",
      "hindi": "योना"
    },
    "verse": {
      "english": "Therefore now, O LORD, take, I beseech thee, my life from me; for it is better for me to die than to live.",
      "hindi": "सो अब हे यहोवा, मेरा प्राण ले ले; क्योंकि मेरे लिये जीवित रहने से मरना ही भला है।"
    },
    "verse_number": 3
  },
  {
    "verse_count": "320404",
    "book_number": "32",
    "chapter_number": "4",
    "book_name": {
      "english": "JONAH",
      "hindi": "योना"
    },
    "verse": {
      "english": "Then said the LORD, Doest thou well to be angry?",
      "hindi": "यहोवा ने कहा, तेरा जो क्रोध भड़का है, क्या वह उचित है?"
    },
    "verse_number": 4
  },
  {
    "verse_count": "320405",
    "book_number": "32",
    "chapter_number": "4",
    "book_name": {
      "english": "JONAH",
      "hindi": "योना"
    },
    "verse": {
      "english": "So Jonah went out of the city, and sat on the east side of the city, and there made him a booth, and sat under it in the shadow, till he might see what would become of the city.",
      "hindi": "इस पर योना उस नगर से निकल कर, उसकी पूरब ओर बैठ गया; और वहां एक छप्पर बना कर उसकी छाया में बैठा हुआ यह देखने लगा कि नगर को क्या होगा?"
    },
    "verse_number": 5
  },
  {
    "verse_count": "320406",
    "book_number": "32",
    "chapter_number": "4",
    "book_name": {
      "english": "JONAH",
      "hindi": "योना"
    },
    "verse": {
      "english": "And the LORD God prepared a gourd, and made it to come up over Jonah, that it might be a shadow over his head, to deliver him from his grief. So Jonah was exceeding glad of the gourd.",
      "hindi": "तब यहोवा परमेश्वर ने एक रेंड़ का पेड़ लगा कर ऐसा बढ़ाया कि योना के सिर पर छाया हो, जिस से उसका दु:ख दूर हो। योना उस रेंड़ के पेड़ के कारण बहुत ही आनन्दित हुआ।"
    },
    "verse_number": 6
  },
  {
    "verse_count": "320407",
    "book_number": "32",
    "chapter_number": "4",
    "book_name": {
      "english": "JONAH",
      "hindi": "योना"
    },
    "verse": {
      "english": "But God prepared a worm when the morning rose the next day, and it smote the gourd that it withered.",
      "hindi": "बिहान को जब पौ फटने लगी, तब परमेश्वर ने एक कीड़े को भेजा, जिसने रेंड़ का पेड़ ऐसा काटा कि वह सूख गया।"
    },
    "verse_number": 7
  },
  {
    "verse_count": "320408",
    "book_number": "32",
    "chapter_number": "4",
    "book_name": {
      "english": "JONAH",
      "hindi": "योना"
    },
    "verse": {
      "english": "And it came to pass, when the sun did arise, that God prepared a vehement east wind; and the sun beat upon the head of Jonah, that he fainted, and wished in himself to die, and said, It is better for me to die than to live.",
      "hindi": "जब सूर्य उगा, तब परमेश्वर ने पुरवाई बहा कर लू चलाई, और घाम योना के सिर पर ऐसा लगा कि वह मूर्च्छा खाने लगा; और उसने यह कह कर मृत्यु मांगी, मेरे लिये जीवित रहने से मरना ही अच्छा है।"
    },
    "verse_number": 8
  },
  {
    "verse_count": "320409",
    "book_number": "32",
    "chapter_number": "4",
    "book_name": {
      "english": "JONAH",
      "hindi": "योना"
    },
    "verse": {
      "english": "And God said to Jonah, Doest thou well to be angry for the gourd? And he said, I do well to be angry, even unto death.",
      "hindi": "परमेश्वर ने योना से कहा, तेरा क्रोध, जो रेंड़ के पेड़ के कारण भड़का है, क्या वह उचित है? उसने कहा, हां, मेरा जो क्रोध भड़का है वह अच्छा ही है, वरन क्रोध के मारे मरना भी अच्छा होता।"
    },
    "verse_number": 9
  },
  {
    "verse_count": "3204010",
    "book_number": "32",
    "chapter_number": "4",
    "book_name": {
      "english": "JONAH",
      "hindi": "योना"
    },
    "verse": {
      "english": "Then said the LORD, Thou hast had pity on the gourd, for the which thou hast not laboured, neither madest it grow; which came up in a night, and perished in a night:",
      "hindi": "तब यहोवा ने कहा, जिस रेंड़ के पेड़ के लिये तू ने कुछ परिश्रम नहीं किया, न उसको बढ़ाया, जो एक ही रात में हुआ, और एक ही रात में नाश भी हुआ; उस पर तू ने तरस खाई है।"
    },
    "verse_number": 10
  },
  {
    "verse_count": "3204011",
    "book_number": "32",
    "chapter_number": "4",
    "book_name": {
      "english": "JONAH",
      "hindi": "योना"
    },
    "verse": {
      "english": "And should not I spare Nineveh, that great city, wherein are more than sixscore thousand persons that cannot discern between their right hand and their left hand; and also much cattle?",
      "hindi": "फिर यह बड़ा नगर नीनवे, जिस में एक लाख बीस हजार से अधिक मनुष्य हैं, जो अपने दाहिने बाएं हाथों का भेद नहीं पहिचानते, और बहुत घरेलू पशु भी उस में रहते हैं, तो क्या मैं उस पर तरस न खाऊं?"
    },
    "verse_number": 11
  }
]