[
  {
    "verse_count": "360101",
    "book_number": "36",
    "chapter_number": "1",
    "book_name": {
      "english": "ZEPHANIAH",
      "hindi": "सपन्याह"
    },
    "verse": {
      "english": "The word of the LORD which came unto Zephaniah the son of Cushi, the son of Gedaliah, the son of Amariah, the son of Hizkiah, in the days of Josiah the son of Amon, king of Judah.",
      "hindi": "आमोन के पुत्र यहूदा के राजा योशिय्याह के दिनों में, सपन्याह के पास जो हिजकिय्याह के पुत्र अमर्याह का परपोता और गदल्याह का पोता और कूशी का पुत्र था, यहोवा का यह वचन पहुंचा:"
    },
    "verse_number": 1
  },
  {
    "verse_count": "360102",
    "book_number": "36",
    "chapter_number": "1",
    "book_name": {
      "english": "ZEPHANIAH",
      "hindi": "सपन्याह"
    },
    "verse": {
      "english": "I will utterly consume all things from off the land, saith the LORD.",
      "hindi": "मैं धरती के ऊपर से सब का अन्त कर दूंगा, यहोवा की यही वाणी है।"
    },
    "verse_number": 2
  },
  {
    "verse_count": "360103",
    "book_number": "36",
    "chapter_number": "1",
    "book_name": {
      "english": "ZEPHANIAH",
      "hindi": "सपन्याह"
    },
    "verse": {
      "english": "I will consume man and beast; I will consume the fowls of the heaven, and the fishes of the sea, and the stumblingblocks with the wicked: and I will cut off man from off the land, saith the LORD.",
      "hindi": "मैं मनुष्य और पशु दोनों का अन्त कर दूंगा; मैं आकाश के पक्षियों और समुद्र की मछलियों का, और दुष्टों समेत उनकी रखी हुई ठोकरों के कारण का भी अन्त कर दूंगा; मैं मनुष्य जाति को भी धरती पर से नाश कर डालूंगा, यहोवा की यही वाणी है।"
    },
    "verse_number": 3
  },
  {
    "verse_count": "360104",
    "book_number": "36",
    "chapter_number": "1",
    "book_name": {
      "english": "ZEPHANIAH",
      "hindi": "सपन्याह"
    },
    "verse": {
      "english": "I will also stretch out mine hand upon Judah, and upon all the inhabitants of Jerusalem; and I will cut off the remnant of Baal from this place, and the name of the Chemarims with the priests;",
      "hindi": "मैं यहूदा पर और यरूशलेम के सब रहने वालों पर हाथ उठाऊंगा, और इस स्थान में बाल के बचे हुओं को और याजकों समेत देवताओं के पुजारियों के नाम को नाश कर दूंगा।"
    },
    "verse_number": 4
  },
  {
    "verse_count": "360105",
    "book_number": "36",
    "chapter_number": "1",
    "book_name": {
      "english": "ZEPHANIAH",
      "hindi": "सपन्याह"
    },
    "verse": {
      "english": "And them that worship the host of heaven upon the housetops; and them that worship and that swear by the LORD, and that swear by Malcham;",
      "hindi": "जो लोग अपने अपने घर की छत पर आकाश के गण को दण्डवत करते हैं, और जो लोग दण्डवत करते हुए यहोवा की सेवा करने की शपथ खाते हैं; और अपने मोलेक की भी शपथ खाते हैं;"
    },
    "verse_number": 5
  },
  {
    "verse_count": "360106",
    "book_number": "36",
    "chapter_number": "1",
    "book_name": {
      "english": "ZEPHANIAH",
      "hindi": "सपन्याह"
    },
    "verse": {
      "english": "And them that are turned back from the LORD; and those that have not sought the LORD, nor enquired for him.",
      "hindi": "और जो यहोवा के पीछे चलने से लौट गए हैं, और जिन्होंने न तो यहोवा को ढूंढ़ा, और न उसकी खोज में लगे, उन को भी मैं सत्यानाश कर डालूंगा॥"
    },
    "verse_number": 6
  },
  {
    "verse_count": "360107",
    "book_number": "36",
    "chapter_number": "1",
    "book_name": {
      "english": "ZEPHANIAH",
      "hindi": "सपन्याह"
    },
    "verse": {
      "english": "Hold thy peace at the presence of the Lord GOD: for the day of the LORD is at hand: for the LORD hath prepared a sacrifice, he hath bid his guests.",
      "hindi": "परमेश्वर यहोवा के साम्हने शान्त रहो! क्योंकि यहोवा का दिन निकट है; यहोवा ने यज्ञ सिद्ध किया है, और अपने पाहुनों को पवित्र किया है।"
    },
    "verse_number": 7
  },
  {
    "verse_count": "360108",
    "book_number": "36",
    "chapter_number": "1",
    "book_name": {
      "english": "ZEPHANIAH",
      "hindi": "सपन्याह"
    },
    "verse": {
      "english": "And it shall come to pass in the day of the LORD's sacrifice, that I will punish the princes, and the king's children, and all such as are clothed with strange apparel.",
      "hindi": "और यहोवा के यज्ञ के दिन, मैं हाकिमों और राजकुमारों को और जितने परदेश के वस्त्र पहिना करते हैं, उन को भी दण्ड दूंगा।"
    },
    "verse_number": 8
  },
  {
    "verse_count": "360109",
    "book_number": "36",
    "chapter_number": "1",
    "book_name": {
      "english": "ZEPHANIAH",
      "hindi": "सपन्याह"
    },
    "verse": {
      "english": "In the same day also will I punish all those that leap on the threshold, which fill their masters' houses with violence and deceit.",
      "hindi": "उस दिन मैं उन सभों को दण्ड दूंगा जो डेवढ़ी को लांघते, और अपने स्वामी के घर को उपद्रव और छल से भर देते हैं॥"
    },
    "verse_number": 9
  },
  {
    "verse_count": "3601010",
    "book_number": "36",
    "chapter_number": "1",
    "book_name": {
      "english": "ZEPHANIAH",
      "hindi": "सपन्याह"
    },
    "verse": {
      "english": "And it shall come to pass in that day, saith the LORD, that there shall be the noise of a cry from the fish gate, and an howling from the second, and a great crashing from the hills.",
      "hindi": "यहोवा की यह वाणी है, कि उस दिन मछली फाटक के पास चिल्लाहट का और नये टोले मिश्नाह में हाहाकार का और टीलों पर बड़े धमाके का शब्द होगा।"
    },
    "verse_number": 10
  },
  {
    "verse_count": "3601011",
    "book_number": "36",
    "chapter_number": "1",
    "book_name": {
      "english": "ZEPHANIAH",
      "hindi": "सपन्याह"
    },
    "verse": {
      "english": "Howl, ye inhabitants of Maktesh, for all the merchant people are cut down; all they that bear silver are cut off.",
      "hindi": "हे मक्तेश के रहने वालो, हाय, हाय, करो! क्योंकि सब व्योपारी मिट गए; जितने चान्दी से लदे थे, उन सब का नाश हो गया है।"
    },
    "verse_number": 11
  },
  {
    "verse_count": "3601012",
    "book_number": "36",
    "chapter_number": "1",
    "book_name": {
      "english": "ZEPHANIAH",
      "hindi": "सपन्याह"
    },
    "verse": {
      "english": "And it shall come to pass at that time, that I will search Jerusalem with candles, and punish the men that are settled on their lees: that say in their heart, The LORD will not do good, neither will he do evil.",
      "hindi": "उस समय मैं दीपक लिए हुए यरूशलेम में ढूंढ-ढांढ़ करूंगा, और जो लोग दाखमधु के तलछट तथा मैल के समान बैठे हुए मन में कहते हैं कि यहोवा न तो भला करेगा और न बुरा, उन को मैं दण्ड दूंगा।"
    },
    "verse_number": 12
  },
  {
    "verse_count": "3601013",
    "book_number": "36",
    "chapter_number": "1",
    "book_name": {
      "english": "ZEPHANIAH",
      "hindi": "सपन्याह"
    },
    "verse": {
      "english": "Therefore their goods shall become a booty, and their houses a desolation: they shall also build houses, but not inhabit them; and they shall plant vineyards, but not drink the wine thereof.",
      "hindi": "तब उनकी धन सम्पत्ति लूटी जाएगी, और उनके घर उजाड़ होंगे; वे घर तो बनाएंगे, परन्तु उन में रहने न पाएंगे; और वे दाख की बारियां लगाएंगे, परन्तु उन से दाखमधु न पीने पाएंगे॥"
    },
    "verse_number": 13
  },
  {
    "verse_count": "3601014",
    "book_number": "36",
    "chapter_number": "1",
    "book_name": {
      "english": "ZEPHANIAH",
      "hindi": "सपन्याह"
    },
    "verse": {
      "english": "The great day of the LORD is near, it is near, and hasteth greatly, even the voice of the day of the LORD: the mighty man shall cry there bitterly.",
      "hindi": "यहोवा का भयानक दिन निकट है, वह बहुत वेग से समीप चला आता है; यहोवा के दिन का शब्द सुन पड़ता है, वहां वीर दु:ख के मारे चिल्लाता है।"
    },
    "verse_number": 14
  },
  {
    "verse_count": "3601015",
    "book_number": "36",
    "chapter_number": "1",
    "book_name": {
      "english": "ZEPHANIAH",
      "hindi": "सपन्याह"
    },
    "verse": {
      "english": "That day is a day of wrath, a day of trouble and distress, a day of wasteness and desolation, a day of darkness and gloominess, a day of clouds and thick darkness,",
      "hindi": "वह रोष का दिन होगा, वह संकट और सकेती का दिन, वह उजाड़ और उधेड़ का दिन, वह अन्धेर और घोर अन्धकार का दिन, वह बादल और काली घटा का दिन होगा।"
    },
    "verse_number": 15
  },
  {
    "verse_count": "3601016",
    "book_number": "36",
    "chapter_number": "1",
    "book_name": {
      "english": "ZEPHANIAH",
      "hindi": "सपन्याह"
    },
    "verse": {
      "english": "A day of the trumpet and alarm against the fenced cities, and against the high towers.",
      "hindi": "वह गढ़ वाले नगरों और ऊंचे गुम्मटों के विरुद्ध नरसिंगा फूंकने और ललकारने का दिन होगा।"
    },
    "verse_number": 16
  },
  {
    "verse_count": "3601017",
    "book_number": "36",
    "chapter_number": "1",
    "book_name": {
      "english": "ZEPHANIAH",
      "hindi": "सपन्याह"
    },
    "verse": {
      "english": "And I will bring distress upon men, that they shall walk like blind men, because they have sinned against the LORD: and their blood shall be poured out as dust, and their flesh as the dung.",
      "hindi": "मैं मनुष्यों को संकट में डालूंगा, और वे अन्धों की नाईं चलेंगे, क्योंकि उन्होंने यहोवा के विरुद्ध पाप किया है; उनका लोहू धूलि के समान, और उनका मांस विष्ठा की नाईं फेंक दिया जाएगा।"
    },
    "verse_number": 17
  },
  {
    "verse_count": "3601018",
    "book_number": "36",
    "chapter_number": "1",
    "book_name": {
      "english": "ZEPHANIAH",
      "hindi": "सपन्याह"
    },
    "verse": {
      "english": "Neither their silver nor their gold shall be able to deliver them in the day of the LORD's wrath; but the whole land shall be devoured by the fire of his jealousy: for he shall make even a speedy riddance of all them that dwell in the land.",
      "hindi": "यहोवा के रोष के दिन में, न तो चान्दी से उनका बचाव होगा, और न सोने से; क्योंकि उसके जलन की आग से सारी पृथ्वी भस्म हो जाएगी; वह पृथ्वी के सारे रहने वालों को घबरा कर उनका अन्त कर डालेगा॥"
    },
    "verse_number": 18
  },
  {
    "verse_count": "360201",
    "book_number": "36",
    "chapter_number": "2",
    "book_name": {
      "english": "ZEPHANIAH",
      "hindi": "सपन्याह"
    },
    "verse": {
      "english": "Gather yourselves together, yea, gather together, O nation not desired;",
      "hindi": "हेनिर्लज्ज जाति के लोगो, इकट्ठे हो!"
    },
    "verse_number": 1
  },
  {
    "verse_count": "360202",
    "book_number": "36",
    "chapter_number": "2",
    "book_name": {
      "english": "ZEPHANIAH",
      "hindi": "सपन्याह"
    },
    "verse": {
      "english": "Before the decree bring forth, before the day pass as the chaff, before the fierce anger of the LORD come upon you, before the day of the LORD's anger come upon you.",
      "hindi": "इस से पहिले कि दण्ड की आज्ञा पूरी हो और बचाव का दिन भूसी की नाईं निकले, और यहोवा का भड़कता हुआ क्रोध तुम पर आ पड़े, और यहोवा के क्रोध का दिन तुम पर आए, तुम इकट्ठे हो।"
    },
    "verse_number": 2
  },
  {
    "verse_count": "360203",
    "book_number": "36",
    "chapter_number": "2",
    "book_name": {
      "english": "ZEPHANIAH",
      "hindi": "सपन्याह"
    },
    "verse": {
      "english": "Seek ye the LORD, all ye meek of the earth, which have wrought his judgment; seek righteousness, seek meekness: it may be ye shall be hid in the day of the LORD's anger.",
      "hindi": "हे पृथ्वी के सब नम्र लोगों, हे यहोवा के नियम के मानने वालों, उसको ढूंढ़ते रहो; धर्म से ढूंढ़ों, नम्रता से ढूंढ़ो; सम्भव है तुम यहोवा के क्रोध के दिन में शरण पाओ।"
    },
    "verse_number": 3
  },
  {
    "verse_count": "360204",
    "book_number": "36",
    "chapter_number": "2",
    "book_name": {
      "english": "ZEPHANIAH",
      "hindi": "सपन्याह"
    },
    "verse": {
      "english": "For Gaza shall be forsaken, and Ashkelon a desolation: they shall drive out Ashdod at the noon day, and Ekron shall be rooted up.",
      "hindi": "क्योंकि अज्जा तो निर्जन और अश्कलोन उजाड़ हो जाएगा; अशदोद के निवासी दिनदुपहरी निकाल दिए जाएंगे, और एक्रोन उखाड़ा जाएगा॥"
    },
    "verse_number": 4
  },
  {
    "verse_count": "360205",
    "book_number": "36",
    "chapter_number": "2",
    "book_name": {
      "english": "ZEPHANIAH",
      "hindi": "सपन्याह"
    },
    "verse": {
      "english": "Woe unto the inhabitants of the sea coast, the nation of the Cherethites! the word of the LORD is against you; O Canaan, the land of the Philistines, I will even destroy thee, that there shall be no inhabitant.",
      "hindi": "समुद्रतीर के रहने वालों पर हाय; करेती जाति पर हाय; हे कनान, हे पलिश्तियों के देश, यहोवा का वचन तेरे विरुद्ध है; और मैं तुझ को ऐसा नाश करूंगा कि तुझ में कोई न बचेगा।"
    },
    "verse_number": 5
  },
  {
    "verse_count": "360206",
    "book_number": "36",
    "chapter_number": "2",
    "book_name": {
      "english": "ZEPHANIAH",
      "hindi": "सपन्याह"
    },
    "verse": {
      "english": "And the sea coast shall be dwellings and cottages for shepherds, and folds for flocks.",
      "hindi": "और उसी समुद्रतीर पर चरवाहों के घर होंगे और भेड़शालाओं समेत चराई ही चराई होगी।"
    },
    "verse_number": 6
  },
  {
    "verse_count": "360207",
    "book_number": "36",
    "chapter_number": "2",
    "book_name": {
      "english": "ZEPHANIAH",
      "hindi": "सपन्याह"
    },
    "verse": {
      "english": "And the coast shall be for the remnant of the house of Judah; they shall feed thereupon: in the houses of Ashkelon shall they lie down in the evening: for the LORD their God shall visit them, and turn away their captivity.",
      "hindi": "अर्थात वही समुद्रतीर यहूदा के घराने के बचे हुओं को मिलेगी, वे उस पर चराएंगे; वे अश्कलोन के छोड़े हुए घरों में सांझ को लेटेंगे, क्योंकि उनका परमेश्वर यहोवा उनकी सुधि ले कर उनके बंधुओं को लौटा ले जाएगा॥"
    },
    "verse_number": 7
  },
  {
    "verse_count": "360208",
    "book_number": "36",
    "chapter_number": "2",
    "book_name": {
      "english": "ZEPHANIAH",
      "hindi": "सपन्याह"
    },
    "verse": {
      "english": "I have heard the reproach of Moab, and the revilings of the children of Ammon, whereby they have reproached my people, and magnified themselves against their border.",
      "hindi": "मोआब ने जो मेरी प्रजा की नामधराई और अम्मोनियों ने जो उसकी निन्दा कर के उसके देश की सीमा पर चढ़ाई की, वह मेरे कानों तक पहुंची है।"
    },
    "verse_number": 8
  },
  {
    "verse_count": "360209",
    "book_number": "36",
    "chapter_number": "2",
    "book_name": {
      "english": "ZEPHANIAH",
      "hindi": "सपन्याह"
    },
    "verse": {
      "english": "Therefore as I live, saith the LORD of hosts, the God of Israel, Surely Moab shall be as Sodom, and the children of Ammon as Gomorrah, even the breeding of nettles, and saltpits, and a perpetual desolation: the residue of my people shall spoil them, and the remnant of my people shall possess them.",
      "hindi": "इस कारण इस्राएल के परमेश्वर, सेनाओं के यहोवा की यह वाणी है, मेरे जीवन की शपथ, निश्चय मोआब सदोम के समान, और अम्मोनी अमोरा की नाईं बिच्छू पेड़ों के स्थान और नमक की खानियां हो जाएंगे, और सदैव उजड़े रहेंगे। मेरी प्रजा के बचे हुए उन को लूटेंगे, और मेरी जाति के शेष लोग उन को अपने भाग में पाएंगे।"
    },
    "verse_number": 9
  },
  {
    "verse_count": "3602010",
    "book_number": "36",
    "chapter_number": "2",
    "book_name": {
      "english": "ZEPHANIAH",
      "hindi": "सपन्याह"
    },
    "verse": {
      "english": "This shall they have for their pride, because they have reproached and magnified themselves against the people of the LORD of hosts.",
      "hindi": "यह उनके गर्व का पलटा होगा, क्योंकि उन्होंने सेनाओं के यहोवा की प्रजा की नामधराई की, और उस पर बड़ाई मारी है।"
    },
    "verse_number": 10
  },
  {
    "verse_count": "3602011",
    "book_number": "36",
    "chapter_number": "2",
    "book_name": {
      "english": "ZEPHANIAH",
      "hindi": "सपन्याह"
    },
    "verse": {
      "english": "The LORD will be terrible unto them: for he will famish all the gods of the earth; and men shall worship him, every one from his place, even all the isles of the heathen.",
      "hindi": "यहोवा उन को डरावना दिखाई देगा, वह पृथ्वी भर के देवताओं को भूखों मार डालेगा, और अन्यजातियों के सब द्वीपों के निवासी अपने अपने स्थान से उसको दण्डवत करेंगे॥"
    },
    "verse_number": 11
  },
  {
    "verse_count": "3602012",
    "book_number": "36",
    "chapter_number": "2",
    "book_name": {
      "english": "ZEPHANIAH",
      "hindi": "सपन्याह"
    },
    "verse": {
      "english": "Ye Ethiopians also, ye shall be slain by my sword.",
      "hindi": "हे कूशियों, तुम भी मेरी तलवार से मारे जाओगे।"
    },
    "verse_number": 12
  },
  {
    "verse_count": "3602013",
    "book_number": "36",
    "chapter_number": "2",
    "book_name": {
      "english": "ZEPHANIAH",
      "hindi": "सपन्याह"
    },
    "verse": {
      "english": "And he will stretch out his hand against the north, and destroy Assyria; and will make Nineveh a desolation, and dry like a wilderness.",
      "hindi": "वह अपना हाथ उत्तर दिशा की ओर बढ़ा कर अश्शूर को नाश करेगा, और नीनवे को उजाड़ कर जंगल के समान निर्जल कर देगा।"
    },
    "verse_number": 13
  },
  {
    "verse_count": "3602014",
    "book_number": "36",
    "chapter_number": "2",
    "book_name": {
      "english": "ZEPHANIAH",
      "hindi": "सपन्याह"
    },
    "verse": {
      "english": "And flocks shall lie down in the midst of her, all the beasts of the nations: both the cormorant and the bittern shall lodge in the upper lintels of it; their voice shall sing in the windows; desolation shall be in the thresholds: for he shall uncover the cedar work.",
      "hindi": "उसके बीच में सब जाति के वनपशु झुंड के झुंड बैठेंगे; उसके खम्भों की कंगनियों पर धनेश और साही दोनों रात को बसेरा करेंगे और उसकी खिड़कियों में बोला करेंगे; उसकी डेवढिय़ां सूनी पड़ी रहेंगी, और देवदार की लकड़ी उघारी जाएगी।"
    },
    "verse_number": 14
  },
  {
    "verse_count": "3602015",
    "book_number": "36",
    "chapter_number": "2",
    "book_name": {
      "english": "ZEPHANIAH",
      "hindi": "सपन्याह"
    },
    "verse": {
      "english": "This is the rejoicing city that dwelt carelessly, that said in her heart, I am, and there is none beside me: how is she become a desolation, a place for beasts to lie down in! every one that passeth by her shall hiss, and wag his hand.",
      "hindi": "यह वही नगरी है, जो मगन रहती और निडर बैठी रहती थी, और सोचती थी कि मैं ही हूं, और मुझे छोड़ कोई है ही नहीं। परन्तु अब यह उजाड़ और वन पशुओं के बैठने का स्थान बन गया है, यहां तक कि जो कोई इसके पास हो कर चले, वह ताली बजाएगा और हाथ हिलाएगा।"
    },
    "verse_number": 15
  },
  {
    "verse_count": "360301",
    "book_number": "36",
    "chapter_number": "3",
    "book_name": {
      "english": "ZEPHANIAH",
      "hindi": "सपन्याह"
    },
    "verse": {
      "english": "Woe to her that is filthy and polluted, to the oppressing city!",
      "hindi": "हाय बलवा करने वाली और अशुद्ध और अन्धेर से भरी हुई नगरी!"
    },
    "verse_number": 1
  },
  {
    "verse_count": "360302",
    "book_number": "36",
    "chapter_number": "3",
    "book_name": {
      "english": "ZEPHANIAH",
      "hindi": "सपन्याह"
    },
    "verse": {
      "english": "She obeyed not the voice; she received not correction; she trusted not in the LORD; she drew not near to her God.",
      "hindi": "उसने मेरी नहीं सुनी, उसने ताड़ना से भी नहीं माना, उसने यहोवा पर भरोसा नहीं रखा, वह अपने परमेश्वर के समीप नहीं आई॥"
    },
    "verse_number": 2
  },
  {
    "verse_count": "360303",
    "book_number": "36",
    "chapter_number": "3",
    "book_name": {
      "english": "ZEPHANIAH",
      "hindi": "सपन्याह"
    },
    "verse": {
      "english": "Her princes within her are roaring lions; her judges are evening wolves; they gnaw not the bones till the morrow.",
      "hindi": "उसके हाकिम गरजने वाले सिंह ठहरे; उसके न्यायी सांझ को आहेर करने वाले हुंडार हैं जो बिहान के लिये कुछ नहीं छोड़ते।"
    },
    "verse_number": 3
  },
  {
    "verse_count": "360304",
    "book_number": "36",
    "chapter_number": "3",
    "book_name": {
      "english": "ZEPHANIAH",
      "hindi": "सपन्याह"
    },
    "verse": {
      "english": "Her prophets are light and treacherous persons: her priests have polluted the sanctuary, they have done violence to the law.",
      "hindi": "उसके भविष्यद्वक्ता व्यर्थ बकने वाले और विश्वासघाती हैं, उसके याजकों ने पवित्रस्थान को अशुद्ध किया और व्यवस्था में खींच-खांच की है।"
    },
    "verse_number": 4
  },
  {
    "verse_count": "360305",
    "book_number": "36",
    "chapter_number": "3",
    "book_name": {
      "english": "ZEPHANIAH",
      "hindi": "सपन्याह"
    },
    "verse": {
      "english": "The just LORD is in the midst thereof; he will not do iniquity: every morning doth he bring his judgment to light, he faileth not; but the unjust knoweth no shame.",
      "hindi": "यहोवा जो उसके बीच में है, वह धर्मी है, वह कुटिलता न करेगा; वह अपना न्याय प्रति भोर प्रगट करता है और चूकता नहीं; परन्तु कुटिल जन को लज्जा आती ही नहीं।"
    },
    "verse_number": 5
  },
  {
    "verse_count": "360306",
    "book_number": "36",
    "chapter_number": "3",
    "book_name": {
      "english": "ZEPHANIAH",
      "hindi": "सपन्याह"
    },
    "verse": {
      "english": "I have cut off the nations: their towers are desolate; I made their streets waste, that none passeth by: their cities are destroyed, so that there is no man, that there is none inhabitant.",
      "hindi": "मैं ने अन्यजातियों को यहां तक नाश किया, कि उनके कोने वाले गुम्मट उजड़ गए; मैं ने उनकी सड़कों को यहां तक सूनी किया, कि कोई उन पर नहीं चलता; उनके नगर यहां तक नाश हुए कि उन में कोई मनुष्य वरन कोई भी प्राणी नहीं रहा।"
    },
    "verse_number": 6
  },
  {
    "verse_count": "360307",
    "book_number": "36",
    "chapter_number": "3",
    "book_name": {
      "english": "ZEPHANIAH",
      "hindi": "सपन्याह"
    },
    "verse": {
      "english": "I said, Surely thou wilt fear me, thou wilt receive instruction; so their dwelling should not be cut off, howsoever I punished them: but they rose early, and corrupted all their doings.",
      "hindi": "मैं ने कहा, अब तू मेरा भय मानेगी, और मेरी ताड़ना अंगीकार करेगी जिस से उसका धाम उस सब के अनुसर जो मैं ने ठहराया था, नाश न हो। परन्तु वे सब प्रकार के बुरे बुरे काम यत्न से करने लगे॥"
    },
    "verse_number": 7
  },
  {
    "verse_count": "360308",
    "book_number": "36",
    "chapter_number": "3",
    "book_name": {
      "english": "ZEPHANIAH",
      "hindi": "सपन्याह"
    },
    "verse": {
      "english": "Therefore wait ye upon me, saith the LORD, until the day that I rise up to the prey: for my determination is to gather the nations, that I may assemble the kingdoms, to pour upon them mine indignation, even all my fierce anger: for all the earth shall be devoured with the fire of my jealousy.",
      "hindi": "इस कारण यहोवा की यह वाणी है, कि जब तक मैं नाश करने को न उठूं, तब तक तुम मेरी बाट जोहते रहो। मैं ने यह ठाना है कि जाति-जाति के और राज्य-राज्य के लोगों को मैं इकट्ठा करूं, कि उन पर अपने क्रोध की आग पूरी रीति से भड़काऊं; क्योंकि सारी पृथ्वी मेरी जलन की आग से भस्म हो जाएगी॥"
    },
    "verse_number": 8
  },
  {
    "verse_count": "360309",
    "book_number": "36",
    "chapter_number": "3",
    "book_name": {
      "english": "ZEPHANIAH",
      "hindi": "सपन्याह"
    },
    "verse": {
      "english": "For then will I turn to the people a pure language, that they may all call upon the name of the LORD, to serve him with one consent.",
      "hindi": "और उस समय मैं देश-देश के लोगों से एक नई और शुद्ध भाषा बुलवाऊंगा, कि वे सब के सब यहोवा से प्रार्थना करें, और एक मन से कन्धे से कन्धा मिलाए हुए उसकी सेवा करें।"
    },
    "verse_number": 9
  },
  {
    "verse_count": "3603010",
    "book_number": "36",
    "chapter_number": "3",
    "book_name": {
      "english": "ZEPHANIAH",
      "hindi": "सपन्याह"
    },
    "verse": {
      "english": "From beyond the rivers of Ethiopia my suppliants, even the daughter of my dispersed, shall bring mine offering.",
      "hindi": "मेरी तितर-बितर की हुई प्रजा मुझ से बिनती करती हुई मेरी भेंट बन कर आएगी॥"
    },
    "verse_number": 10
  },
  {
    "verse_count": "3603011",
    "book_number": "36",
    "chapter_number": "3",
    "book_name": {
      "english": "ZEPHANIAH",
      "hindi": "सपन्याह"
    },
    "verse": {
      "english": "In that day shalt thou not be ashamed for all thy doings, wherein thou hast transgressed against me: for then I will take away out of the midst of thee them that rejoice in thy pride, and thou shalt no more be haughty because of my holy mountain.",
      "hindi": "उस दिन, तू अपने सब बड़े से बड़े कामों से जिन्हें कर के तू मुझ से फिर गई थी, फिर लज्जित न होगी। उस समय मैं तेरे बीच से सब फूले हुए घमण्डियों को दूर करूंगा, और तू मेरे पवित्र पर्वत पर फिर कभी अभिमान न करेगी।"
    },
    "verse_number": 11
  },
  {
    "verse_count": "3603012",
    "book_number": "36",
    "chapter_number": "3",
    "book_name": {
      "english": "ZEPHANIAH",
      "hindi": "सपन्याह"
    },
    "verse": {
      "english": "I will also leave in the midst of thee an afflicted and poor people, and they shall trust in the name of the LORD.",
      "hindi": "क्योंकि मैं तेरे बीच में दीन और कंगाल लोगों का एक दल बचा रखूंगा, और वे यहोवा के नाम की शरण लेंगे।"
    },
    "verse_number": 12
  },
  {
    "verse_count": "3603013",
    "book_number": "36",
    "chapter_number": "3",
    "book_name": {
      "english": "ZEPHANIAH",
      "hindi": "सपन्याह"
    },
    "verse": {
      "english": "The remnant of Israel shall not do iniquity, nor speak lies; neither shall a deceitful tongue be found in their mouth: for they shall feed and lie down, and none shall make them afraid.",
      "hindi": "इस्राएल के बचे हुए लोग न तो कुटिलता करेंगे और न झूठ बोलेंगे, और न उनके मुंह से छल की बातें निकलेंगी। वे चरेंगे और विश्राम करेंगे, और कोई उन को डराने वाला न होगा॥"
    },
    "verse_number": 13
  },
  {
    "verse_count": "3603014",
    "book_number": "36",
    "chapter_number": "3",
    "book_name": {
      "english": "ZEPHANIAH",
      "hindi": "सपन्याह"
    },
    "verse": {
      "english": "Sing, O daughter of Zion; shout, O Israel; be glad and rejoice with all the heart, O daughter of Jerusalem.",
      "hindi": "हे सिय्योन, ऊंचे स्वर से गा; हे इस्राएल, जयजयकार कर! हे यरूशलेम अपने सम्पूर्ण मन से आनन्द कर, और प्रसन्न हो!"
    },
    "verse_number": 14
  },
  {
    "verse_count": "3603015",
    "book_number": "36",
    "chapter_number": "3",
    "book_name": {
      "english": "ZEPHANIAH",
      "hindi": "सपन्याह"
    },
    "verse": {
      "english": "The LORD hath taken away thy judgments, he hath cast out thine enemy: the king of Israel, even the LORD, is in the midst of thee: thou shalt not see evil any more.",
      "hindi": "यहोवा ने तेरा दण्ड दूर कर दिया और तेरा शत्रु भी दूर किया गया है। इस्राएल का राजा यहोवा तेरे बीच में है, इसलिये तू फिर विपत्ति न भोगेगी।"
    },
    "verse_number": 15
  },
  {
    "verse_count": "3603016",
    "book_number": "36",
    "chapter_number": "3",
    "book_name": {
      "english": "ZEPHANIAH",
      "hindi": "सपन्याह"
    },
    "verse": {
      "english": "In that day it shall be said to Jerusalem, Fear thou not: and to Zion, Let not thine hands be slack.",
      "hindi": "उस समय यरूशलेम से यह कहा जाएगा, हे सिय्योन मत डर, तेरे हाथ ढीले न पड़ने पाएं।"
    },
    "verse_number": 16
  },
  {
    "verse_count": "3603017",
    "book_number": "36",
    "chapter_number": "3",
    "book_name": {
      "english": "ZEPHANIAH",
      "hindi": "सपन्याह"
    },
    "verse": {
      "english": "The LORD thy God in the midst of thee is mighty; he will save, he will rejoice over thee with joy; he will rest in his love, he will joy over thee with singing.",
      "hindi": "तेरा परमेश्वर यहोवा तेरे बीच में है, वह उद्धार करने में पराक्रमी है; वह तेरे कारण आनन्द से मगन होगा, वह अपने प्रेम के मारे चुपका रहेगा; फिर ऊंचे स्वर से गाता हुआ तेरे कारण मगन होगा॥"
    },
    "verse_number": 17
  },
  {
    "verse_count": "3603018",
    "book_number": "36",
    "chapter_number": "3",
    "book_name": {
      "english": "ZEPHANIAH",
      "hindi": "सपन्याह"
    },
    "verse": {
      "english": "I will gather them that are sorrowful for the solemn assembly, who are of thee, to whom the reproach of it was a burden.",
      "hindi": "जो लोग नियत पर्वो में सम्मिलित न होने के कारण खेदित रहते हैं, उन को मैं इकट्ठा करूंगा, क्योंकि वे तेरे हैं; और उसकी नामधराई उन को बोझ जान पड़ती है।"
    },
    "verse_number": 18
  },
  {
    "verse_count": "3603019",
    "book_number": "36",
    "chapter_number": "3",
    "book_name": {
      "english": "ZEPHANIAH",
      "hindi": "सपन्याह"
    },
    "verse": {
      "english": "Behold, at that time I will undo all that afflict thee: and I will save her that halteth, and gather her that was driven out; and I will get them praise and fame in every land where they have been put to shame.",
      "hindi": "उस समय मैं उन सभों से जो तुझे दु:ख देते हैं, उचित बर्ताव करूंगा। और मैं लंगड़ों को चंगा करूंगा, और बरबस निकाले हुओं को इकट्ठा करूंगा, और जिनकी लज्जा की चर्चा सारी पृथ्वी पर फैली है, उनकी प्रशंसा और कीर्त्ति सब कहीं फैलाऊंगा।"
    },
    "verse_number": 19
  },
  {
    "verse_count": "3603020",
    "book_number": "36",
    "chapter_number": "3",
    "book_name": {
      "english": "ZEPHANIAH",
      "hindi": "सपन्याह"
    },
    "verse": {
      "english": "At that time will I bring you again, even in the time that I gather you: for I will make you a name and a praise among all people of the earth, when I turn back your captivity before your eyes, saith the LORD.",
      "hindi": "उसी समय मैं तुम्हें ले जाऊंगा, और उसी समय मैं तुम्हें इकट्ठा करूंगा; और जब मैं तुम्हारे साम्हने तुम्हारे बंधुओं को लौटा लाऊंगा, तब पृथ्वी की सारी जातियों के बीच में तुम्हारी कीर्त्ति और प्रशंसा फैला दूंगा, यहोवा का यही वचन है॥"
    },
    "verse_number": 20
  }
]