[
  {
    "verse_count": "080101",
    "book_number": "08",
    "chapter_number": "1",
    "book_name": {
      "english": "RUTH",
      "hindi": "रूत"
    },
    "verse": {
      "english": "Now it came to pass in the days when the judges ruled, that there was a famine in the land. And a certain man of Bethlehemjudah went to sojourn in the country of Moab, he, and his wife, and his two sons.",
      "hindi": "जिन दिनों में न्यायी लोग न्याय करते थे उन दिनों में देश में अकाल पड़ा, तब यहूदा के बेतलेहेम का एक पुरूष अपनी स्त्री और दोनों पुत्रों को संग ले कर मोआब के देश में परदेशी हो कर रहने के लिये चला।"
    },
    "verse_number": 1
  },
  {
    "verse_count": "080102",
    "book_number": "08",
    "chapter_number": "1",
    "book_name": {
      "english": "RUTH",
      "hindi": "रूत"
    },
    "verse": {
      "english": "And the name of the man was Elimelech, and the name of his wife Naomi, and the name of his two sons Mahlon and Chilion, Ephrathites of Bethlehemjudah. And they came into the country of Moab, and continued there.",
      "hindi": "उस पुरूष का नाम एलीमेलेक, और उसकी पत्नि का नाम नाओमी, और उसके दो बेटों के नाम महलोन और किल्योन थे; ये एप्राती अर्थात यहूदा के बेतलेहेम के रहने वाले थे। और मोआब के देश में आकर वहां रहे।"
    },
    "verse_number": 2
  },
  {
    "verse_count": "080103",
    "book_number": "08",
    "chapter_number": "1",
    "book_name": {
      "english": "RUTH",
      "hindi": "रूत"
    },
    "verse": {
      "english": "And Elimelech Naomi's husband died; and she was left, and her two sons.",
      "hindi": "और नाओमी का पति एलीमेलेक मर गया, और नाओमी और उसके दोनों पुत्र रह गए।"
    },
    "verse_number": 3
  },
  {
    "verse_count": "080104",
    "book_number": "08",
    "chapter_number": "1",
    "book_name": {
      "english": "RUTH",
      "hindi": "रूत"
    },
    "verse": {
      "english": "And they took them wives of the women of Moab; the name of the one was Orpah, and the name of the other Ruth: and they dwelled there about ten years.",
      "hindi": "और इन्होंने एक एक मोआबिन ब्याह ली; एक स्त्री का नाम ओर्पा और दूसरी का नाम रूत था। फिर वे वहां कोई दस वर्ष रहे।"
    },
    "verse_number": 4
  },
  {
    "verse_count": "080105",
    "book_number": "08",
    "chapter_number": "1",
    "book_name": {
      "english": "RUTH",
      "hindi": "रूत"
    },
    "verse": {
      "english": "And Mahlon and Chilion died also both of them; and the woman was left of her two sons and her husband.",
      "hindi": "जब महलोन और किल्योन दोनों मर गए, तब नाआमी अपने दोनों पुत्रों और पति से रहित हो गई।"
    },
    "verse_number": 5
  },
  {
    "verse_count": "080106",
    "book_number": "08",
    "chapter_number": "1",
    "book_name": {
      "english": "RUTH",
      "hindi": "रूत"
    },
    "verse": {
      "english": "Then she arose with her daughters in law, that she might return from the country of Moab: for she had heard in the country of Moab how that the LORD had visited his people in giving them bread.",
      "hindi": "तब वह मोआब के देश में यह सुनकर, कि यहोवा ने अपनी प्रजा के लोगों की सुधि लेके उन्हें भोजनवस्तु दी है, उस देश से अपनी दोनों बहुओं समेत लौट जाने को चली।"
    },
    "verse_number": 6
  },
  {
    "verse_count": "080107",
    "book_number": "08",
    "chapter_number": "1",
    "book_name": {
      "english": "RUTH",
      "hindi": "रूत"
    },
    "verse": {
      "english": "Wherefore she went forth out of the place where she was, and her two daughters in law with her; and they went on the way to return unto the land of Judah.",
      "hindi": "तब वह अपनी दोनों बहुओं समेत उस स्थान से जहां रहती थी निकली, और उन्होने यहूदा देश को लौट जाने का मार्ग लिया।"
    },
    "verse_number": 7
  },
  {
    "verse_count": "080108",
    "book_number": "08",
    "chapter_number": "1",
    "book_name": {
      "english": "RUTH",
      "hindi": "रूत"
    },
    "verse": {
      "english": "And Naomi said unto her two daughters in law, Go, return each to her mother's house: the LORD deal kindly with you, as ye have dealt with the dead, and with me.",
      "hindi": "तब नाओमी ने अपनी दोनों बहुओं से कहा, तुम अपने अपने मैके लौट जाओ। और जैसे तुम ने उन से जो मर गए हैं और मुझ से भी प्रीति की है, वैसे ही यहोवा तुम्हारे ऊपर कृपा करे।"
    },
    "verse_number": 8
  },
  {
    "verse_count": "080109",
    "book_number": "08",
    "chapter_number": "1",
    "book_name": {
      "english": "RUTH",
      "hindi": "रूत"
    },
    "verse": {
      "english": "The LORD grant you that ye may find rest, each of you in the house of her husband. Then she kissed them; and they lifted up their voice, and wept.",
      "hindi": "यहोवा ऐसा करे कि तुम फिर पति करके उनके घरों में विश्राम पाओ। तब उसने उन को चूमा, और वे चिल्ला चिल्लाकर रोने लगीं,"
    },
    "verse_number": 9
  },
  {
    "verse_count": "0801010",
    "book_number": "08",
    "chapter_number": "1",
    "book_name": {
      "english": "RUTH",
      "hindi": "रूत"
    },
    "verse": {
      "english": "And they said unto her, Surely we will return with thee unto thy people.",
      "hindi": "और उस से कहा, निश्चय हम तेरे संग तेरे लोगों के पास चलेंगी।"
    },
    "verse_number": 10
  },
  {
    "verse_count": "0801011",
    "book_number": "08",
    "chapter_number": "1",
    "book_name": {
      "english": "RUTH",
      "hindi": "रूत"
    },
    "verse": {
      "english": "And Naomi said, Turn again, my daughters: why will ye go with me? are there yet any more sons in my womb, that they may be your husbands?",
      "hindi": "नाओमी ने कहा, हे मेरी बेटियों, लौट जाओ, तुम क्यों मेरे संग चलोगी? क्या मेरी कोख में और पुत्र हैं जो तुम्हारे पति हों?"
    },
    "verse_number": 11
  },
  {
    "verse_count": "0801012",
    "book_number": "08",
    "chapter_number": "1",
    "book_name": {
      "english": "RUTH",
      "hindi": "रूत"
    },
    "verse": {
      "english": "Turn again, my daughters, go your way; for I am too old to have an husband. If I should say, I have hope, if I should have an husband also to night, and should also bear sons;",
      "hindi": "हे मेरी बेटियों, लौटकर चली जाओ, क्योंकि मैं पति करने को बूढ़ी हूं। और चाहे मैं कहती भी, कि मुझे आशा है, और आज की रात मेरे पति होता भी, और मेरे पुत्र भी होते,"
    },
    "verse_number": 12
  },
  {
    "verse_count": "0801013",
    "book_number": "08",
    "chapter_number": "1",
    "book_name": {
      "english": "RUTH",
      "hindi": "रूत"
    },
    "verse": {
      "english": "Would ye tarry for them till they were grown? would ye stay for them from having husbands? nay, my daughters; for it grieveth me much for your sakes that the hand of the LORD is gone out against me.",
      "hindi": "तौभी क्या तुम उनके सयाने होने तक आशा लगाए ठहरी रहतीं? और उनके निमित्त पति करने से रुकी रहतीं? हे मेरी बेटियों, ऐसा न हो, क्योंकि मेरा दु:ख तुम्हारे दु:ख से बहुत बढ़कर है; देखो, यहोवा का हाथ मेरे विरुद्ध उठा है।"
    },
    "verse_number": 13
  },
  {
    "verse_count": "0801014",
    "book_number": "08",
    "chapter_number": "1",
    "book_name": {
      "english": "RUTH",
      "hindi": "रूत"
    },
    "verse": {
      "english": "And they lifted up their voice, and wept again: and Orpah kissed her mother in law; but Ruthclave unto her.",
      "hindi": "तब वे फिर से उठीं; और ओर्पा ने तो अपनी सास को चूमा, परन्तु रूत उस से अलग न हुई।"
    },
    "verse_number": 14
  },
  {
    "verse_count": "0801015",
    "book_number": "08",
    "chapter_number": "1",
    "book_name": {
      "english": "RUTH",
      "hindi": "रूत"
    },
    "verse": {
      "english": "And she said, Behold, thy sister in law is gone back unto her people, and unto her gods: return thou after thy sister in law.",
      "hindi": "तब उसने कहा, देख, तेरी जिठानी तो अपने लोगों और अपने देवता के पास लौट गई है; इसलिए तू अपनी जिठानी के पीछे लौट जा।"
    },
    "verse_number": 15
  },
  {
    "verse_count": "0801016",
    "book_number": "08",
    "chapter_number": "1",
    "book_name": {
      "english": "RUTH",
      "hindi": "रूत"
    },
    "verse": {
      "english": "And Ruthsaid, Intreat me not to leave thee, or to return from following after thee: for whither thou goest, I will go; and where thou lodgest, I will lodge: thy people shall be my people, and thy God my God:",
      "hindi": "रूत बोली, तू मुझ से यह बिनती न कर, कि मुझे त्याग वा छोड़कर लौट जा; क्योंकि जिधर तू जाए उधर मैं भी जाऊंगी; जहां तू टिके वहां मैं भी टिकूंगी; तेरे लोग मेरे लोग होंगे, और तेरा परमेश्वर मेरा परमेश्वर होगा;"
    },
    "verse_number": 16
  },
  {
    "verse_count": "0801017",
    "book_number": "08",
    "chapter_number": "1",
    "book_name": {
      "english": "RUTH",
      "hindi": "रूत"
    },
    "verse": {
      "english": "Where thou diest, will I die, and there will I be buried: the LORD do so to me, and more also, if ought but death part thee and me.",
      "hindi": "जहां तू मरेगी वहां मैं भी मरूंगी, और वहीं मुझे मिट्टी दी जाएगी। यदि मृत्यु छोड़ और किसी कारण मैं तुझ से अलग होऊं, तो यहोवा मुझ से वैसा ही वरन उस से भी अधिक करे।"
    },
    "verse_number": 17
  },
  {
    "verse_count": "0801018",
    "book_number": "08",
    "chapter_number": "1",
    "book_name": {
      "english": "RUTH",
      "hindi": "रूत"
    },
    "verse": {
      "english": "When she saw that she was stedfastly minded to go with her, then she left speaking unto her.",
      "hindi": "जब उसने यह देखा कि वह मेरे संग चलने को स्थिर है, तब उसने उस से और बात न कही।"
    },
    "verse_number": 18
  },
  {
    "verse_count": "0801019",
    "book_number": "08",
    "chapter_number": "1",
    "book_name": {
      "english": "RUTH",
      "hindi": "रूत"
    },
    "verse": {
      "english": "So they two went until they came to Bethlehem. And it came to pass, when they were come to Bethlehem, that all the city was moved about them, and they said, Is this Naomi?",
      "hindi": "सो वे दोनों चल निकलीं और बेतलेहेम को पहुंची। और उनके बेतलेहेम में पहुंचने पर कुल नगर में उनके कारण धूम मची; और स्त्रियां कहने लगीं, क्या यह नाओमी है?"
    },
    "verse_number": 19
  },
  {
    "verse_count": "0801020",
    "book_number": "08",
    "chapter_number": "1",
    "book_name": {
      "english": "RUTH",
      "hindi": "रूत"
    },
    "verse": {
      "english": "And she said unto them, Call me not Naomi, call me Mara: for the Almighty hath dealt very bitterly with me.",
      "hindi": "उसने उन से कहा, मुझे नाओमी न कहो, मुझे मारा कहो, क्योंकि सर्वशक्तिमान् ने मुझ को बड़ा दु:ख दिया है।"
    },
    "verse_number": 20
  },
  {
    "verse_count": "0801021",
    "book_number": "08",
    "chapter_number": "1",
    "book_name": {
      "english": "RUTH",
      "hindi": "रूत"
    },
    "verse": {
      "english": "I went out full, and the LORD hath brought me home again empty: why then call ye me Naomi, seeing the LORD hath testified against me, and the Almighty hath afflicted me?",
      "hindi": "मैं भरी पूरी चली गई थी, परन्तु यहोवा ने मुझे छूछी करके लौटाया है। सो जब कि यहोवा ही ने मेरे विरुद्ध साक्षी दी, और सर्वशक्तिमान ने मुझे दु:ख दिया है, फिर तुम मुझे क्यों नाओमी कहती हो?"
    },
    "verse_number": 21
  },
  {
    "verse_count": "0801022",
    "book_number": "08",
    "chapter_number": "1",
    "book_name": {
      "english": "RUTH",
      "hindi": "रूत"
    },
    "verse": {
      "english": "So Naomi returned, and Ruththe Moabitess, her daughter in law, with her, which returned out of the country of Moab: and they came to Bethlehem in the beginning of barley harvest.",
      "hindi": "इस प्रकार नाओमी अपनी मोआबिन बहू रूत के साथ लौटी, जो मोआब के देश से आई थी। और वे जौ कटने के आरम्भ के समय बेतलेहेम में पहुंची॥"
    },
    "verse_number": 22
  },
  {
    "verse_count": "080201",
    "book_number": "08",
    "chapter_number": "2",
    "book_name": {
      "english": "RUTH",
      "hindi": "रूत"
    },
    "verse": {
      "english": "And Naomi had a kinsman of her husband's, a mighty man of wealth, of the family of Elimelech; and his name was Boaz.",
      "hindi": "नाओमी के पति एलीमेलेक के कुल में उसका एक बड़ा धनी कुटुम्बी था, जिसका नाम बोअज था।"
    },
    "verse_number": 1
  },
  {
    "verse_count": "080202",
    "book_number": "08",
    "chapter_number": "2",
    "book_name": {
      "english": "RUTH",
      "hindi": "रूत"
    },
    "verse": {
      "english": "And Ruththe Moabitess said unto Naomi, Let me now go to the field, and glean ears of corn after him in whose sight I shall find grace. And she said unto her, Go, my daughter.",
      "hindi": "और मोआबिन रूत ने नाओमी से कहा, मुझे किसी खेत में जाने दे, कि जो मुझ पर अनुग्रह की दृष्टि करे, उसके पीछे पीछे मैं सिला बीनती जाऊं। उसने कहा, चली जा, बेटी।"
    },
    "verse_number": 2
  },
  {
    "verse_count": "080203",
    "book_number": "08",
    "chapter_number": "2",
    "book_name": {
      "english": "RUTH",
      "hindi": "रूत"
    },
    "verse": {
      "english": "And she went, and came, and gleaned in the field after the reapers: and her hap was to light on a part of the field belonging unto Boaz, who was of the kindred of Elimelech.",
      "hindi": "सो वह जा कर एक खेत में लवने वालों के पीछे बीनने लगी, और जिस खेत में वह संयोग से गई थी वह एलीमेलेक के कुटुम्बी बोअज का था।"
    },
    "verse_number": 3
  },
  {
    "verse_count": "080204",
    "book_number": "08",
    "chapter_number": "2",
    "book_name": {
      "english": "RUTH",
      "hindi": "रूत"
    },
    "verse": {
      "english": "And, behold, Boaz came from Bethlehem, and said unto the reapers, The LORD be with you. And they answered him, The LORD bless thee.",
      "hindi": "और बोअज बेतलेहेम से आकर लवने वालों से कहने लगा, यहोवा तुम्हारे संग रहे, और वे उस से बोले, यहोवा तुझे आशीष दे।"
    },
    "verse_number": 4
  },
  {
    "verse_count": "080205",
    "book_number": "08",
    "chapter_number": "2",
    "book_name": {
      "english": "RUTH",
      "hindi": "रूत"
    },
    "verse": {
      "english": "Then said Boaz unto his servant that was set over the reapers, Whose damsel is this?",
      "hindi": "तब बोअज ने अपने उस सेवक से जो लवने वालों के ऊपर ठहराया गया था पूछा, वह किस की कन्या है।"
    },
    "verse_number": 5
  },
  {
    "verse_count": "080206",
    "book_number": "08",
    "chapter_number": "2",
    "book_name": {
      "english": "RUTH",
      "hindi": "रूत"
    },
    "verse": {
      "english": "And the servant that was set over the reapers answered and said, It is the Moabitish damsel that came back with Naomi out of the country of Moab:",
      "hindi": "जो सेवक लवने वालों के ऊपर ठहराया गया था उसने उत्तर दिया, वह मोआबिन कन्या है, जो नाओमी के संग मोआब देश से लौट आई है।"
    },
    "verse_number": 6
  },
  {
    "verse_count": "080207",
    "book_number": "08",
    "chapter_number": "2",
    "book_name": {
      "english": "RUTH",
      "hindi": "रूत"
    },
    "verse": {
      "english": "And she said, I pray you, let me glean and gather after the reapers among the sheaves: so she came, and hath continued even from the morning until now, that she tarried a little in the house.",
      "hindi": "उसने कहा था, मुझे लवने वालों के पीछे पीछे पूलों के बीच बीनने और बालें बटोरने दे। तो वह आई, और भोर से अब तक यहीं है, केवल थोड़ी देर तक घर में रही थी।"
    },
    "verse_number": 7
  },
  {
    "verse_count": "080208",
    "book_number": "08",
    "chapter_number": "2",
    "book_name": {
      "english": "RUTH",
      "hindi": "रूत"
    },
    "verse": {
      "english": "Then said Boaz unto Ruth, Hearest thou not, my daughter? Go not to glean in another field, neither go from hence, but abide here fast by my maidens:",
      "hindi": "तब बोअज ने रूत से कहा, हे मेरी बेटी, क्या तू सुनती है? किसी दूसरे के खेत में बीनने को न जाना, मेरी ही दासियों के संग यहीं रहना।"
    },
    "verse_number": 8
  },
  {
    "verse_count": "080209",
    "book_number": "08",
    "chapter_number": "2",
    "book_name": {
      "english": "RUTH",
      "hindi": "रूत"
    },
    "verse": {
      "english": "Let thine eyes be on the field that they do reap, and go thou after them: have I not charged the young men that they shall not touch thee? and when thou art athirst, go unto the vessels, and drink of that which the young men have drawn.",
      "hindi": "जिस खेत को वे लवतीं हों उसी पर तेरा ध्यान बन्धा रहे, और उन्हीं के पीछे पीछे चला करना। क्या मैं ने जवानों को आज्ञा नहीं दी, कि तुझ से न बोलें? और जब जब तुझे प्यास लगे, तब तब तू बरतनों के पास जा कर जवानों का भरा हुआ पानी पीना।"
    },
    "verse_number": 9
  },
  {
    "verse_count": "0802010",
    "book_number": "08",
    "chapter_number": "2",
    "book_name": {
      "english": "RUTH",
      "hindi": "रूत"
    },
    "verse": {
      "english": "Then she fell on her face, and bowed herself to the ground, and said unto him, Why have I found grace in thine eyes, that thou shouldest take knowledge of me, seeing I am a stranger?",
      "hindi": "तब वह भूमि तक झुककर मुंह के बल गिरी, और उस से कहने लगी, क्या कारण है कि तू ने मुझ परदेशिन पर अनुग्रह की दृष्टि करके मेरी सुधि ली है?"
    },
    "verse_number": 10
  },
  {
    "verse_count": "0802011",
    "book_number": "08",
    "chapter_number": "2",
    "book_name": {
      "english": "RUTH",
      "hindi": "रूत"
    },
    "verse": {
      "english": "And Boaz answered and said unto her, It hath fully been shewed me, all that thou hast done unto thy mother in law since the death of thine husband: and how thou hast left thy father and thy mother, and the land of thy nativity, and art come unto a people which thou knewest not heretofore.",
      "hindi": "बोअज ने उत्तर दिया, जो कुछ तू ने पति मरने के पीछे अपनी सास से किया है, और तू किस रीति अपने माता पिता और जन्मभूमि को छोड़कर ऐसे लोगों में आई है जिन को पहिले तू ने जानती थी, यह सब मुझे विस्तार के साथ बताया गया है।"
    },
    "verse_number": 11
  },
  {
    "verse_count": "0802012",
    "book_number": "08",
    "chapter_number": "2",
    "book_name": {
      "english": "RUTH",
      "hindi": "रूत"
    },
    "verse": {
      "english": "The LORD recompense thy work, and a full reward be given thee of the LORD God of Israel, under whose wings thou art come to trust.",
      "hindi": "यहोवा तेरी करनी का फल दे, और इस्राएल का परमेश्वर यहोवा जिसके पंखों के तले तू शरण लेने आई है तुझे पूरा बदला दे"
    },
    "verse_number": 12
  },
  {
    "verse_count": "0802013",
    "book_number": "08",
    "chapter_number": "2",
    "book_name": {
      "english": "RUTH",
      "hindi": "रूत"
    },
    "verse": {
      "english": "Then she said, Let me find favour in thy sight, my lord; for that thou hast comforted me, and for that thou hast spoken friendly unto thine handmaid, though I be not like unto one of thine handmaidens.",
      "hindi": "उसने कहा, हे मेरे प्रभु, तेरे अनुग्रह की दृष्टि मुझ पर बनी रहे, क्योंकि यद्यपि मैं तेरी दासियों में से किसी के भी बराबर नहीं हूं, तौभी तू ने अपनी दासी के मन में पैठनेवाली बातें कहकर मुझे शान्ति दी है।"
    },
    "verse_number": 13
  },
  {
    "verse_count": "0802014",
    "book_number": "08",
    "chapter_number": "2",
    "book_name": {
      "english": "RUTH",
      "hindi": "रूत"
    },
    "verse": {
      "english": "And Boaz said unto her, At mealtime come thou hither, and eat of the bread, and dip thy morsel in the vinegar. And she sat beside the reapers: and he reached her parched corn, and she did eat, and was sufficed, and left.",
      "hindi": "फिर खाने के समय बोअज ने उस से कहा, यहीं आकर रोटी खा, और अपना कौर सिरके में बोर। तो वह लवने वालों के पास बैठ गई; और उसने उसको भुनी हुई बालें दी; और वह खाकर तृप्त हुई, वरन कुछ बचा भी रखा।"
    },
    "verse_number": 14
  },
  {
    "verse_count": "0802015",
    "book_number": "08",
    "chapter_number": "2",
    "book_name": {
      "english": "RUTH",
      "hindi": "रूत"
    },
    "verse": {
      "english": "And when she was risen up to glean, Boaz commanded his young men, saying, Let her glean even among the sheaves, and reproach her not:",
      "hindi": "जब वह बीनने को उठी, तब बोअज ने अपने जवानों को आज्ञा दी, कि उसको पूलों के बीच बीच में भी बीनने दो, और दोष मत लगाओ।"
    },
    "verse_number": 15
  },
  {
    "verse_count": "0802016",
    "book_number": "08",
    "chapter_number": "2",
    "book_name": {
      "english": "RUTH",
      "hindi": "रूत"
    },
    "verse": {
      "english": "And let fall also some of the handfuls of purpose for her, and leave them, that she may glean them, and rebuke her not.",
      "hindi": "वरन मुट्ठी भर जाने पर कुछ कुछ निकाल कर गिरा भी दिया करो, और उसके बीनने के लिये छोड़ दो, और उसे घुड़ को मत।"
    },
    "verse_number": 16
  },
  {
    "verse_count": "0802017",
    "book_number": "08",
    "chapter_number": "2",
    "book_name": {
      "english": "RUTH",
      "hindi": "रूत"
    },
    "verse": {
      "english": "So she gleaned in the field until even, and beat out that she had gleaned: and it was about an ephah of barley.",
      "hindi": "सो वह सांझ तक खेत में बीनती रही; तब जो कुछ बीन चुकी उसे फटका, और वह कोई एपा भर जौ निकला।"
    },
    "verse_number": 17
  },
  {
    "verse_count": "0802018",
    "book_number": "08",
    "chapter_number": "2",
    "book_name": {
      "english": "RUTH",
      "hindi": "रूत"
    },
    "verse": {
      "english": "And she took it up, and went into the city: and her mother in law saw what she had gleaned: and she brought forth, and gave to her that she had reserved after she was sufficed.",
      "hindi": "तब वह उसे उठा कर नगर में गई, और उसकी सास ने उसका बीना हुआ देखा, और जो कुछ उसने तृप्त हो कर बचाया था उसको उसने निकाल कर अपनी सास को दिया।"
    },
    "verse_number": 18
  },
  {
    "verse_count": "0802019",
    "book_number": "08",
    "chapter_number": "2",
    "book_name": {
      "english": "RUTH",
      "hindi": "रूत"
    },
    "verse": {
      "english": "And her mother in law said unto her, Where hast thou gleaned to day? and where wroughtest thou? blessed be he that did take knowledge of thee. And she shewed her mother in law with whom she had wrought, and said, The man's name with whom I wrought to day is Boaz.",
      "hindi": "उसकी सास ने उस से पूछा, आज तू कहां बीनती, और कहां काम करती थी? धन्य वह हो जिसने तेरी सुधि ली है। तब उसने अपनी सास को बता दिया, कि मैं ने किस के पास काम किया, और कहा, कि जिस पुरूष के पास मैं ने आज काम किया उसका नाम बोअज है।"
    },
    "verse_number": 19
  },
  {
    "verse_count": "0802020",
    "book_number": "08",
    "chapter_number": "2",
    "book_name": {
      "english": "RUTH",
      "hindi": "रूत"
    },
    "verse": {
      "english": "And Naomi said unto her daughter in law, Blessed be he of the LORD, who hath not left off his kindness to the living and to the dead. And Naomi said unto her, The man is near of kin unto us, one of our next kinsmen.",
      "hindi": "नाओमी ने अपनी बहू से कहा, वह यहोवा की ओर से आशीष पाए, क्योंकि उसने न तो जीवित पर से और न मरे हुओं पर से अपनी करूणा हटाई! फिर नाओमी ने उस से कहा, वह पुरूष तो हमारा कुटुम्बी है, वरन उन में से है जिन को हमारी भूमि छुड़ाने का अधिकार है।"
    },
    "verse_number": 20
  },
  {
    "verse_count": "0802021",
    "book_number": "08",
    "chapter_number": "2",
    "book_name": {
      "english": "RUTH",
      "hindi": "रूत"
    },
    "verse": {
      "english": "And Ruththe Moabitess said, He said unto me also, Thou shalt keep fast by my young men, until they have ended all my harvest.",
      "hindi": "फिर रूत मोआबिन बोली, उसने मुझ से यह भी कहा, कि जब तक मेरे सेवक मेरी कटनी पूरी न कर चुकें तब तक उन्हीं के संग संग लगी रह।"
    },
    "verse_number": 21
  },
  {
    "verse_count": "0802022",
    "book_number": "08",
    "chapter_number": "2",
    "book_name": {
      "english": "RUTH",
      "hindi": "रूत"
    },
    "verse": {
      "english": "And Naomi said unto Ruthher daughter in law, It is good, my daughter, that thou go out with his maidens, that they meet thee not in any other field.",
      "hindi": "नाओमी ने अपनी बहु रूत से कहा, मेरी बेटी यह अच्छा भी है, कि तू उसी की दासियों के साथ साथ जाया करे, और वे तुझ को दूसरे के खेत में न मिलें।"
    },
    "verse_number": 22
  },
  {
    "verse_count": "0802023",
    "book_number": "08",
    "chapter_number": "2",
    "book_name": {
      "english": "RUTH",
      "hindi": "रूत"
    },
    "verse": {
      "english": "So she kept fast by the maidens of Boaz to glean unto the end of barley harvest and of wheat harvest; and dwelt with her mother in law.",
      "hindi": "इसलिये रूत जौ और गेहूं दोनों की कटनी के अन्त तक बीनने के लिये बोअज की दासियों के साथ साथ लगी रही; और अपनी सास के यहां रहती थी॥"
    },
    "verse_number": 23
  },
  {
    "verse_count": "080301",
    "book_number": "08",
    "chapter_number": "3",
    "book_name": {
      "english": "RUTH",
      "hindi": "रूत"
    },
    "verse": {
      "english": "Then Naomi her mother in law said unto her, My daughter, shall I not seek rest for thee, that it may be well with thee?",
      "hindi": "उसकी सास नाओमी ने उस से कहा, हे मेरी बेटी, क्या मैं तेरे लिये ठांव न ढूंढूं कि तेरा भला हो?"
    },
    "verse_number": 1
  },
  {
    "verse_count": "080302",
    "book_number": "08",
    "chapter_number": "3",
    "book_name": {
      "english": "RUTH",
      "hindi": "रूत"
    },
    "verse": {
      "english": "And now is not Boaz of our kindred, with whose maidens thou wast? Behold, he winnoweth barley to night in the threshingfloor.",
      "hindi": "अब जिसकी दासियों के पास तू थी, क्या वह बोअज हमारा कुटुम्बी नहीं है? वह तो आज रात को खलिहान में जौ फटकेगा।"
    },
    "verse_number": 2
  },
  {
    "verse_count": "080303",
    "book_number": "08",
    "chapter_number": "3",
    "book_name": {
      "english": "RUTH",
      "hindi": "रूत"
    },
    "verse": {
      "english": "Wash thyself therefore, and anoint thee, and put thy raiment upon thee, and get thee down to the floor: but make not thyself known unto the man, until he shall have done eating and drinking.",
      "hindi": "तू स्नान कर तेल लगा, वस्त्र पहिनकर खलिहान को जा; परन्तु जब तक वह पुरूष खा पी न चुके तब तक अपने को उस पर प्रगट न करना।"
    },
    "verse_number": 3
  },
  {
    "verse_count": "080304",
    "book_number": "08",
    "chapter_number": "3",
    "book_name": {
      "english": "RUTH",
      "hindi": "रूत"
    },
    "verse": {
      "english": "And it shall be, when he lieth down, that thou shalt mark the place where he shall lie, and thou shalt go in, and uncover his feet, and lay thee down; and he will tell thee what thou shalt do.",
      "hindi": "और जब वह लेट जाए, तब तू उस के लेटने के स्थान को देख लेना; फिर भीतर जा उसके पांव उघार के लेट जाना; तब वही तुझे बताएगा कि तुझे क्या करना चाहिये।"
    },
    "verse_number": 4
  },
  {
    "verse_count": "080305",
    "book_number": "08",
    "chapter_number": "3",
    "book_name": {
      "english": "RUTH",
      "hindi": "रूत"
    },
    "verse": {
      "english": "And she said unto her, All that thou sayest unto me I will do.",
      "hindi": "उसने उस से कहा, जो कुछ तू कहती है वह सब मैं करूंगी।"
    },
    "verse_number": 5
  },
  {
    "verse_count": "080306",
    "book_number": "08",
    "chapter_number": "3",
    "book_name": {
      "english": "RUTH",
      "hindi": "रूत"
    },
    "verse": {
      "english": "And she went down unto the floor, and did according to all that her mother in law bade her.",
      "hindi": "तब वह खलिहान को गई और अपनी सास की आज्ञा के अनुसार ही किया।"
    },
    "verse_number": 6
  },
  {
    "verse_count": "080307",
    "book_number": "08",
    "chapter_number": "3",
    "book_name": {
      "english": "RUTH",
      "hindi": "रूत"
    },
    "verse": {
      "english": "And when Boaz had eaten and drunk, and his heart was merry, he went to lie down at the end of the heap of corn: and she came softly, and uncovered his feet, and laid her down.",
      "hindi": "जब बोअज खा पी चुका, और उसका मन आनन्दित हुआ, तब जा कर राशि के एक सिरे पर लेट गया। तब वह चुपचाप गई, और उसके पांव उघार के लेट गई।"
    },
    "verse_number": 7
  },
  {
    "verse_count": "080308",
    "book_number": "08",
    "chapter_number": "3",
    "book_name": {
      "english": "RUTH",
      "hindi": "रूत"
    },
    "verse": {
      "english": "And it came to pass at midnight, that the man was afraid, and turned himself: and, behold, a woman lay at his feet.",
      "hindi": "आधी रात को वह पुरूष चौंक पड़ा, और आगे की ओर झुककर क्या पाया, कि मेरे पांवों के पास कोई स्त्री लेटी है।"
    },
    "verse_number": 8
  },
  {
    "verse_count": "080309",
    "book_number": "08",
    "chapter_number": "3",
    "book_name": {
      "english": "RUTH",
      "hindi": "रूत"
    },
    "verse": {
      "english": "And he said, Who art thou? And she answered, I am Ruththine handmaid: spread therefore thy skirt over thine handmaid; for thou art a near kinsman.",
      "hindi": "उसने पूछा, तू कौन है? तब वह बोली, मैं तो तेरी दासी रूत हूं; तू अपनी दासी को अपनी चद्दर ओढ़ा दे, क्योंकि तू हमारी भूमि छुड़ाने वाला कुटुम्बी है।"
    },
    "verse_number": 9
  },
  {
    "verse_count": "0803010",
    "book_number": "08",
    "chapter_number": "3",
    "book_name": {
      "english": "RUTH",
      "hindi": "रूत"
    },
    "verse": {
      "english": "And he said, Blessed be thou of the LORD, my daughter: for thou hast shewed more kindness in the latter end than at the beginning, inasmuch as thou followedst not young men, whether poor or rich.",
      "hindi": "उसने कहा, हे बेटी, यहोवा की ओर से तुझ पर आशीष हो; क्योंकि तू ने अपनी पिछली प्रीति पहिली से अधिक दिखाई, क्योंकि तू, क्या धनी, क्या कंगाल, किसी जवान के पीछे नहीं लगी।"
    },
    "verse_number": 10
  },
  {
    "verse_count": "0803011",
    "book_number": "08",
    "chapter_number": "3",
    "book_name": {
      "english": "RUTH",
      "hindi": "रूत"
    },
    "verse": {
      "english": "And now, my daughter, fear not; I will do to thee all that thou requirest: for all the city of my people doth know that thou art a virtuous woman.",
      "hindi": "इसलिये अब, हे मेरी बेटी, मत डर, जो कुछ तू कहेगी मैं तुझ से करूंगा; क्योंकि मेरे नगर के सब लोग जानते हैं कि तू भली स्त्री है।"
    },
    "verse_number": 11
  },
  {
    "verse_count": "0803012",
    "book_number": "08",
    "chapter_number": "3",
    "book_name": {
      "english": "RUTH",
      "hindi": "रूत"
    },
    "verse": {
      "english": "And now it is true that I am thy near kinsman: howbeit there is a kinsman nearer than I.",
      "hindi": "और अब सच तो है कि मैं छुड़ाने वाला कुटुम्बी हूं, तौभी एक और है जिसे मुझ से पहिले ही छुड़ाने का अधिकार है।"
    },
    "verse_number": 12
  },
  {
    "verse_count": "0803013",
    "book_number": "08",
    "chapter_number": "3",
    "book_name": {
      "english": "RUTH",
      "hindi": "रूत"
    },
    "verse": {
      "english": "Tarry this night, and it shall be in the morning, that if he will perform unto thee the part of a kinsman, well; let him do the kinsman's part: but if he will not do the part of a kinsman to thee, then will I do the part of a kinsman to thee, as the LORD liveth: lie down until the morning.",
      "hindi": "सो रात भर ठहरी रह, और सबेरे यदि वह तेरे लिये छुड़ाने वाले का काम करना चाहे; तो अच्छा, वही ऐसा करे; परन्तु यदि वह तेरे लिये छुड़ाने वाले का काम करने को प्रसन्न न हो, तो यहोवा के जीवन की शपथ मैं ही वह काम करूंगा। भोर तक लेटी रह।"
    },
    "verse_number": 13
  },
  {
    "verse_count": "0803014",
    "book_number": "08",
    "chapter_number": "3",
    "book_name": {
      "english": "RUTH",
      "hindi": "रूत"
    },
    "verse": {
      "english": "And she lay at his feet until the morning: and she rose up before one could know another. And he said, Let it not be known that a woman came into the floor.",
      "hindi": "तब वह उसके पांवों के पास भोर तक लेटी रही, और उस से पहिले कि कोई दूसरे को चीन्ह सके वह उठी; और बोअज ने कहा, कोई जानने न पाए कि खलिहान में कोई स्त्री आई थी।"
    },
    "verse_number": 14
  },
  {
    "verse_count": "0803015",
    "book_number": "08",
    "chapter_number": "3",
    "book_name": {
      "english": "RUTH",
      "hindi": "रूत"
    },
    "verse": {
      "english": "Also he said, Bring the vail that thou hast upon thee, and hold it. And when she held it, he measured six measures of barley, and laid it on her: and she went into the city.",
      "hindi": "तब बोअज ने कहा, जो चद्दर तू ओढ़े है उसे फैलाकर थाम्भ ले। और जब उसने उसे थाम्भा तब उसने छ: नपुए जौ नापकर उसको उठा दिया; फिर वह नगर में चली गई।"
    },
    "verse_number": 15
  },
  {
    "verse_count": "0803016",
    "book_number": "08",
    "chapter_number": "3",
    "book_name": {
      "english": "RUTH",
      "hindi": "रूत"
    },
    "verse": {
      "english": "And when she came to her mother in law, she said, Who art thou, my daughter? And she told her all that the man had done to her.",
      "hindi": "जब रूत अपनी सास के पास आई तब उसने पूछा, हे बेटी, क्या हुआ? तब जो कुछ उस पुरूष ने उस से किया था वह सब उसने उसे कह सुनाया।"
    },
    "verse_number": 16
  },
  {
    "verse_count": "0803017",
    "book_number": "08",
    "chapter_number": "3",
    "book_name": {
      "english": "RUTH",
      "hindi": "रूत"
    },
    "verse": {
      "english": "And she said, These six measures of barley gave he me; for he said to me, Go not empty unto thy mother in law.",
      "hindi": "फिर उसने कहा, यह छ: नपुए जौ उसने यह कहकर मुझे दिया, कि अपनी सास के पास छूछे हाथ मत जा।"
    },
    "verse_number": 17
  },
  {
    "verse_count": "0803018",
    "book_number": "08",
    "chapter_number": "3",
    "book_name": {
      "english": "RUTH",
      "hindi": "रूत"
    },
    "verse": {
      "english": "Then said she, Sit still, my daughter, until thou know how the matter will fall: for the man will not be in rest, until he have finished the thing this day.",
      "hindi": "उसने कहा, हे मेरी बेटी, जब तक तू न जाने कि इस बात का कैसा फल निकलेगा, तब तक चुपचाप बैठी रह, क्योंकि आज उस पुरूष को यह काम बिना निपटाए चैन न पड़ेगा॥"
    },
    "verse_number": 18
  },
  {
    "verse_count": "080401",
    "book_number": "08",
    "chapter_number": "4",
    "book_name": {
      "english": "RUTH",
      "hindi": "रूत"
    },
    "verse": {
      "english": "Then went Boaz up to the gate, and sat him down there: and, behold, the kinsman of whom Boaz spake came by; unto whom he said, Ho, such a one! turn aside, sit down here. And he turned aside, and sat down.",
      "hindi": "तब बोअज फाटक के पास जा कर बैठ गया; और जिस छुड़ाने वाले कुटुम्बी की चर्चा बोअज ने की थी, वह भी आ गया। तब बोअज ने कहा, हे फुलाने, इघर आकर यहीं बैठ जा; तो वह उधर जा कर बैठ गया।"
    },
    "verse_number": 1
  },
  {
    "verse_count": "080402",
    "book_number": "08",
    "chapter_number": "4",
    "book_name": {
      "english": "RUTH",
      "hindi": "रूत"
    },
    "verse": {
      "english": "And he took ten men of the elders of the city, and said, Sit ye down here. And they sat down.",
      "hindi": "तब उसने नगर के दस वृद्ध लोगों को बुलाकर कहा, यहीं बैठ जाओ; वे भी बैठ गए।"
    },
    "verse_number": 2
  },
  {
    "verse_count": "080403",
    "book_number": "08",
    "chapter_number": "4",
    "book_name": {
      "english": "RUTH",
      "hindi": "रूत"
    },
    "verse": {
      "english": "And he said unto the kinsman, Naomi, that is come again out of the country of Moab, selleth a parcel of land, which was our brother Elimelech's:",
      "hindi": "तब वह छुड़ाने वाले कुटुम्बी से कहने लगा, नाओमी जो मोआब देश से लौट आई है वह हमारे भाई एलीमेलेक की एक टुकड़ा भूमि बेचना चाहती है।"
    },
    "verse_number": 3
  },
  {
    "verse_count": "080404",
    "book_number": "08",
    "chapter_number": "4",
    "book_name": {
      "english": "RUTH",
      "hindi": "रूत"
    },
    "verse": {
      "english": "And I thought to advertise thee, saying, Buy it before the inhabitants, and before the elders of my people. If thou wilt redeem it, redeem it: but if thou wilt not redeem it, then tell me, that I may know: for there is none to redeem it beside thee; and I am after thee. And he said, I will redeem it.",
      "hindi": "इसलिये मैं ने सोचा कि यह बात तुझ को जताकर कहूंगा, कि तू उसको इन बैठे हुओं के साम्हने और मेरे लोगों के इन वृद्ध लोगों के साम्हने मोल ले। और यदि तू उसको छुड़ाना चाहे, तो छुड़ा; और यदि तू छुड़ाना न चाहे, तो मुझे ऐसा ही बता दे, कि मैं समझ लूं; क्योंकि तुझे छोड़ उसके छुड़ाने का अधिकार और किसी को नहीं है, और तेरे बाद मैं हूं। उसने कहा, मैं उसे छुड़ाऊंगा।"
    },
    "verse_number": 4
  },
  {
    "verse_count": "080405",
    "book_number": "08",
    "chapter_number": "4",
    "book_name": {
      "english": "RUTH",
      "hindi": "रूत"
    },
    "verse": {
      "english": "Then said Boaz, What day thou buyest the field of the hand of Naomi, thou must buy it also of Ruththe Moabitess, the wife of the dead, to raise up the name of the dead upon his inheritance.",
      "hindi": "फिर बोअज ने कहा, जब तू उस भूमि को नाओमी के हाथ से मोल ले, तब उसे रूत मोआबिन के हाथ से भी जो मरे हुए की स्त्री है इस मनसा से मोल लेना पड़ेगा, कि मरे हुए का नाम उसके भाग में स्थिर कर दे।"
    },
    "verse_number": 5
  },
  {
    "verse_count": "080406",
    "book_number": "08",
    "chapter_number": "4",
    "book_name": {
      "english": "RUTH",
      "hindi": "रूत"
    },
    "verse": {
      "english": "And the kinsman said, I cannot redeem it for myself, lest I mar mine own inheritance: redeem thou my right to thyself; for I cannot redeem it.",
      "hindi": "उस छुड़ाने वाले कुटुम्बी ने कहा, मैं उसको छुड़ा नहीं सकता, ऐसा न हो कि मेरा निज भाग बिगड़ जाए। इसलिये मेरा छुड़ाने का अधिकार तू ले ले, क्योंकि मुझ से वह छुड़ाया नहीं जाता।"
    },
    "verse_number": 6
  },
  {
    "verse_count": "080407",
    "book_number": "08",
    "chapter_number": "4",
    "book_name": {
      "english": "RUTH",
      "hindi": "रूत"
    },
    "verse": {
      "english": "Now this was the manner in former time in Israel concerning redeeming and concerning changing, for to confirm all things; a man plucked off his shoe, and gave it to his neighbour: and this was a testimony in Israel.",
      "hindi": "अगले समय में इस्राएल में छुड़ाने के बदलने के विषय में सब पक्का करने के लिये यह व्यवहार था, कि मनुष्य अपनी जूती उतार के दूसरे को देता था। इस्राएल में गवाही इसी रीति होती थी।"
    },
    "verse_number": 7
  },
  {
    "verse_count": "080408",
    "book_number": "08",
    "chapter_number": "4",
    "book_name": {
      "english": "RUTH",
      "hindi": "रूत"
    },
    "verse": {
      "english": "Therefore the kinsman said unto Boaz, Buy it for thee. So he drew off his shoe.",
      "hindi": "इसलिये उस छुड़ाने वाले कुटुम्बी ने बोअज से यह कहकर; कि तू उसे मोल ले, अपनी जूती उतारी।"
    },
    "verse_number": 8
  },
  {
    "verse_count": "080409",
    "book_number": "08",
    "chapter_number": "4",
    "book_name": {
      "english": "RUTH",
      "hindi": "रूत"
    },
    "verse": {
      "english": "And Boaz said unto the elders, and unto all the people, Ye are witnesses this day, that I have bought all that was Elimelech's, and all that was Chilion's and Mahlon's, of the hand of Naomi.",
      "hindi": "तब बोअज ने वृद्ध लोगों और सब लोगों से कहा, तुम आज इस बात के साक्षी हो कि जो कुछ एलीमेलेक का और जो कुछ किल्योन और महलोन का था, वह सब मैं नाओमी के हाथ से मोल लेता हूं।"
    },
    "verse_number": 9
  },
  {
    "verse_count": "0804010",
    "book_number": "08",
    "chapter_number": "4",
    "book_name": {
      "english": "RUTH",
      "hindi": "रूत"
    },
    "verse": {
      "english": "Moreover Ruththe Moabitess, the wife of Mahlon, have I purchased to be my wife, to raise up the name of the dead upon his inheritance, that the name of the dead be not cut off from among his brethren, and from the gate of his place: ye are witnesses this day.",
      "hindi": "फिर महलोन की स्त्री रूत मोआबिन को भी मैं अपनी पत्नी करने के लिये इस मनसा से मोल लेता हूं, कि मरे हुए का नाम उसके निज भाग पर स्थिर करूं, कहीं ऐसा न हो कि मरे हुए का नाम उसके भाइयों में से और उसके स्थान के फाटक से मिट जाए; तुम लोग आज साक्षी ठहरे हो।"
    },
    "verse_number": 10
  },
  {
    "verse_count": "0804011",
    "book_number": "08",
    "chapter_number": "4",
    "book_name": {
      "english": "RUTH",
      "hindi": "रूत"
    },
    "verse": {
      "english": "And all the people that were in the gate, and the elders, said, We are witnesses. The LORD make the woman that is come into thine house like Rachel and like Leah, which two did build the house of Israel: and do thou worthily in Ephratah, and be famous in Bethlehem:",
      "hindi": "तब फाटक के पास जितने लोग थे उन्होंने और वृद्ध लोगों ने कहा, हम साक्षी हैं। यह जो स्त्री तेरे घर में आती है उसको यहोवा इस्राएल के घराने की दो उपजानेवाली राहेल और लिआ: के समान करे। और तू एप्राता में वीरता करे, और बेतलेहेम में तेरा बड़ा नाम हो;"
    },
    "verse_number": 11
  },
  {
    "verse_count": "0804012",
    "book_number": "08",
    "chapter_number": "4",
    "book_name": {
      "english": "RUTH",
      "hindi": "रूत"
    },
    "verse": {
      "english": "And let thy house be like the house of Pharez, whom Tamar bare unto Judah, of the seed which the LORD shall give thee of this young woman.",
      "hindi": "और जो सन्तान यहोवा इस जवान स्त्री के द्वारा तुझे दे उसके कारण से तेरा घराना पेरेस का सा हो जाए, जो तामार से यहूदा के द्वारा उत्पन्न हुआ।"
    },
    "verse_number": 12
  },
  {
    "verse_count": "0804013",
    "book_number": "08",
    "chapter_number": "4",
    "book_name": {
      "english": "RUTH",
      "hindi": "रूत"
    },
    "verse": {
      "english": "So Boaz took Ruth, and she was his wife: and when he went in unto her, the LORD gave her conception, and she bare a son.",
      "hindi": "तब बोअज ने रूत को ब्याह लिया, और वह उसकी पत्नी हो गई; और जब वह उसके पास गया तब यहोवा की दया से उसको गर्भ रहा, और उसके एक बेटा उत्पन्न हुआ।"
    },
    "verse_number": 13
  },
  {
    "verse_count": "0804014",
    "book_number": "08",
    "chapter_number": "4",
    "book_name": {
      "english": "RUTH",
      "hindi": "रूत"
    },
    "verse": {
      "english": "And the women said unto Naomi, Blessed be the LORD, which hath not left thee this day without a kinsman, that his name may be famous in Israel.",
      "hindi": "तब स्त्रियों ने नाओमी से कहा, यहोवा धन्य है, जिसने तुझे आज छुड़ाने वाले कुटुम्बी के बिना नहीं छोड़ा; इस्राएल में इसका बड़ा नाम हो।"
    },
    "verse_number": 14
  },
  {
    "verse_count": "0804015",
    "book_number": "08",
    "chapter_number": "4",
    "book_name": {
      "english": "RUTH",
      "hindi": "रूत"
    },
    "verse": {
      "english": "And he shall be unto thee a restorer of thy life, and a nourisher of thine old age: for thy daughter in law, which loveth thee, which is better to thee than seven sons, hath born him.",
      "hindi": "और यह तेरे जी में जी ले आनेवाला और तेरा बुढ़ापे में पालनेवाला हो, क्योंकि तेरी बहू जो तुझ से प्रेम रखती और सात बेटों से भी तेरे लिये श्रेष्ट है उसी का यह बेटा है।"
    },
    "verse_number": 15
  },
  {
    "verse_count": "0804016",
    "book_number": "08",
    "chapter_number": "4",
    "book_name": {
      "english": "RUTH",
      "hindi": "रूत"
    },
    "verse": {
      "english": "And Naomi took the child, and laid it in her bosom, and became nurse unto it.",
      "hindi": "फिर नाओमी उस बच्चे को अपनी गोद में रखकर उसकी धाई का काम करने लगी।"
    },
    "verse_number": 16
  },
  {
    "verse_count": "0804017",
    "book_number": "08",
    "chapter_number": "4",
    "book_name": {
      "english": "RUTH",
      "hindi": "रूत"
    },
    "verse": {
      "english": "And the women her neighbours gave it a name, saying, There is a son born to Naomi; and they called his name Obed: he is the father of Jesse, the father of David.",
      "hindi": "और उसकी पड़ोसिनों ने यह कहकर, कि नाओमी के एक बेटा उत्पन्न हुआ है, लड़के का नाम ओबेद रखा। यिशै का पिता और दाऊद का दादा वही हुआ॥"
    },
    "verse_number": 17
  },
  {
    "verse_count": "0804018",
    "book_number": "08",
    "chapter_number": "4",
    "book_name": {
      "english": "RUTH",
      "hindi": "रूत"
    },
    "verse": {
      "english": "Now these are the generations of Pharez: Pharez begat Hezron,",
      "hindi": "पेरेस की यह वंशावली है, अर्थात पेरेस से हेब्रोन,"
    },
    "verse_number": 18
  },
  {
    "verse_count": "0804019",
    "book_number": "08",
    "chapter_number": "4",
    "book_name": {
      "english": "RUTH",
      "hindi": "रूत"
    },
    "verse": {
      "english": "And Hezron begat Ram, and Ram begat Amminadab,",
      "hindi": "और हेब्रोन से राम, और राम से अम्मीनादाब,"
    },
    "verse_number": 19
  },
  {
    "verse_count": "0804020",
    "book_number": "08",
    "chapter_number": "4",
    "book_name": {
      "english": "RUTH",
      "hindi": "रूत"
    },
    "verse": {
      "english": "And Amminadab begat Nahshon, and Nahshon begat Salmon,",
      "hindi": "और अम्मीनादाब से नहशोन, और नहशोन से सल्मोन"
    },
    "verse_number": 20
  },
  {
    "verse_count": "0804021",
    "book_number": "08",
    "chapter_number": "4",
    "book_name": {
      "english": "RUTH",
      "hindi": "रूत"
    },
    "verse": {
      "english": "And Salmon begat Boaz, and Boaz begat Obed,",
      "hindi": "और सल्मोन से बोअज, और बोअज से ओबेद,"
    },
    "verse_number": 21
  },
  {
    "verse_count": "0804022",
    "book_number": "08",
    "chapter_number": "4",
    "book_name": {
      "english": "RUTH",
      "hindi": "रूत"
    },
    "verse": {
      "english": "And Obed begat Jesse, and Jesse begat David.",
      "hindi": "और ओबेद से यिशै, और यिशै से दाऊद उत्पन्न हुआ॥"
    },
    "verse_number": 22
  }
]