[
  {
    "verse_count": "550101",
    "book_number": "55",
    "chapter_number": "1",
    "book_name": {
      "english": "2 TIMOTHY",
      "hindi": "2 तीमुथियुस"
    },
    "verse": {
      "english": "Paul, an apostle of Jesus Christ by the will of God, according to the promise of life which is in Christ Jesus,",
      "hindi": "पौलुस की ओर से जो उस जीवन की प्रतिज्ञा के अनुसार जो मसीह यीशु में है, परमेश्वर की इच्छा से मसीह यीशु का प्रेरित है।"
    },
    "verse_number": 1
  },
  {
    "verse_count": "550102",
    "book_number": "55",
    "chapter_number": "1",
    "book_name": {
      "english": "2 TIMOTHY",
      "hindi": "2 तीमुथियुस"
    },
    "verse": {
      "english": "To Timothy, my dearly beloved son: Grace, mercy, and peace, from God the Father and Christ Jesus our Lord.",
      "hindi": "प्रिय पुत्र तीमुथियुस के नाम॥ परमेश्वर पिता और हमारे प्रभु मसीह यीशु की ओर से तुझे अनुग्रह और दया और शान्ति मिलती रहे॥"
    },
    "verse_number": 2
  },
  {
    "verse_count": "550103",
    "book_number": "55",
    "chapter_number": "1",
    "book_name": {
      "english": "2 TIMOTHY",
      "hindi": "2 तीमुथियुस"
    },
    "verse": {
      "english": "I thank God, whom I serve from my forefathers with pure conscience, that without ceasing I have remembrance of thee in my prayers night and day;",
      "hindi": "जिस परमेश्वर की सेवा मैं अपने बाप दादों की रीति पर शुद्ध विवेक से करता हूं, उसका धन्यवाद हो कि अपनी प्रार्थनाओं में तुझे लगातार स्मरण करता हूं।"
    },
    "verse_number": 3
  },
  {
    "verse_count": "550104",
    "book_number": "55",
    "chapter_number": "1",
    "book_name": {
      "english": "2 TIMOTHY",
      "hindi": "2 तीमुथियुस"
    },
    "verse": {
      "english": "Greatly desiring to see thee, being mindful of thy tears, that I may be filled with joy;",
      "hindi": "और तेरे आंसुओं की सुधि कर कर के रात दिन तुझ से भेंट करने की लालसा रखता हूं कि आनन्द से भर जाऊं।"
    },
    "verse_number": 4
  },
  {
    "verse_count": "550105",
    "book_number": "55",
    "chapter_number": "1",
    "book_name": {
      "english": "2 TIMOTHY",
      "hindi": "2 तीमुथियुस"
    },
    "verse": {
      "english": "When I call to remembrance the unfeigned faith that is in thee, which dwelt first in thy grandmother Lois, and thy mother Eunice; and I am persuaded that in thee also.",
      "hindi": "और मुझे तेरे उस निष्कपट विश्वास की सुधि आती है, जो पहिले तेरी नानी लोइस, और तेरी माता यूनीके में थी, और मुझे निश्चय हुआ है, कि तुझ में भी है।"
    },
    "verse_number": 5
  },
  {
    "verse_count": "550106",
    "book_number": "55",
    "chapter_number": "1",
    "book_name": {
      "english": "2 TIMOTHY",
      "hindi": "2 तीमुथियुस"
    },
    "verse": {
      "english": "Wherefore I put thee in remembrance that thou stir up the gift of God, which is in thee by the putting on of my hands.",
      "hindi": "इसी कारण मैं तुझे सुधि दिलाता हूं, कि तू परमेश्वर के उस वरदान को जो मेरे हाथ रखने के द्वारा तुझे मिला है चमका दे।"
    },
    "verse_number": 6
  },
  {
    "verse_count": "550107",
    "book_number": "55",
    "chapter_number": "1",
    "book_name": {
      "english": "2 TIMOTHY",
      "hindi": "2 तीमुथियुस"
    },
    "verse": {
      "english": "For God hath not given us the spirit of fear; but of power, and of love, and of a sound mind.",
      "hindi": "क्योंकि परमेश्वर ने हमें भय की नहीं पर सामर्थ, और प्रेम, और संयम की आत्मा दी है।"
    },
    "verse_number": 7
  },
  {
    "verse_count": "550108",
    "book_number": "55",
    "chapter_number": "1",
    "book_name": {
      "english": "2 TIMOTHY",
      "hindi": "2 तीमुथियुस"
    },
    "verse": {
      "english": "Be not thou therefore ashamed of the testimony of our Lord, nor of me his prisoner: but be thou partaker of the afflictions of the gospel according to the power of God;",
      "hindi": "इसलिये हमारे प्रभु की गवाही से, और मुझ से जो उसका कैदी हूं, लज्ज़ित न हो, पर उस परमेश्वर की सामर्थ के अनुसार सुसमाचार के लिये मेरे साथ दुख उठा।"
    },
    "verse_number": 8
  },
  {
    "verse_count": "550109",
    "book_number": "55",
    "chapter_number": "1",
    "book_name": {
      "english": "2 TIMOTHY",
      "hindi": "2 तीमुथियुस"
    },
    "verse": {
      "english": "Who hath saved us, and called us with an holy calling, not according to our works, but according to his own purpose and grace, which was given us in Christ Jesus before the world began,",
      "hindi": "जिस ने हमारा उद्धार किया, और पवित्र बुलाहट से बुलाया, और यह हमारे कामों के अनुसार नहीं; पर अपनी मनसा और उस अनुग्रह के अनुसार है जो मसीह यीशु में सनातन से हम पर हुआ है।"
    },
    "verse_number": 9
  },
  {
    "verse_count": "5501010",
    "book_number": "55",
    "chapter_number": "1",
    "book_name": {
      "english": "2 TIMOTHY",
      "hindi": "2 तीमुथियुस"
    },
    "verse": {
      "english": "But is now made manifest by the appearing of our Saviour Jesus Christ, who hath abolished death, and hath brought life and immortality to light through the gospel:",
      "hindi": "पर अब हमारे उद्धारकर्ता मसीह यीशु के प्रगट होने के द्वारा प्रकाश हुआ, जिस ने मृत्यु का नाश किया, और जीवन और अमरता को उस सुसमाचार के द्वारा प्रकाशमान कर दिया।"
    },
    "verse_number": 10
  },
  {
    "verse_count": "5501011",
    "book_number": "55",
    "chapter_number": "1",
    "book_name": {
      "english": "2 TIMOTHY",
      "hindi": "2 तीमुथियुस"
    },
    "verse": {
      "english": "Whereunto I am appointed a preacher, and an apostle, and a teacher of the Gentiles.",
      "hindi": "जिस के लिये मैं प्रचारक, और प्रेरित, और उपदेशक भी ठहरा।"
    },
    "verse_number": 11
  },
  {
    "verse_count": "5501012",
    "book_number": "55",
    "chapter_number": "1",
    "book_name": {
      "english": "2 TIMOTHY",
      "hindi": "2 तीमुथियुस"
    },
    "verse": {
      "english": "For the which cause I also suffer these things: nevertheless I am not ashamed: for I know whom I have believed, and am persuaded that he is able to keep that which I have committed unto him against that day.",
      "hindi": "इस कारण मैं इन दुखों को भी उठाता हूं, पर लजाता नहीं, क्योंकि मैं उसे जिस की मैं ने प्रतीति की है, जानता हूं; और मुझे निश्चय है, कि वह मेरी थाती की उस दिन तक रखवाली कर सकता है।"
    },
    "verse_number": 12
  },
  {
    "verse_count": "5501013",
    "book_number": "55",
    "chapter_number": "1",
    "book_name": {
      "english": "2 TIMOTHY",
      "hindi": "2 तीमुथियुस"
    },
    "verse": {
      "english": "Hold fast the form of sound words, which thou hast heard of me, in faith and love which is in Christ Jesus.",
      "hindi": "जो खरी बातें तू ने मुझ से सुनी हैं उन को उस विश्वास और प्रेम के साथ जो मसीह यीशु में है, अपना आदर्श बनाकर रख।"
    },
    "verse_number": 13
  },
  {
    "verse_count": "5501014",
    "book_number": "55",
    "chapter_number": "1",
    "book_name": {
      "english": "2 TIMOTHY",
      "hindi": "2 तीमुथियुस"
    },
    "verse": {
      "english": "That good thing which was committed unto thee keep by the Holy Ghost which dwelleth in us.",
      "hindi": "और पवित्र आत्मा के द्वारा जो हम में बसा हुआ है, इस अच्छी थाती की रखवाली कर॥"
    },
    "verse_number": 14
  },
  {
    "verse_count": "5501015",
    "book_number": "55",
    "chapter_number": "1",
    "book_name": {
      "english": "2 TIMOTHY",
      "hindi": "2 तीमुथियुस"
    },
    "verse": {
      "english": "This thou knowest, that all they which are in Asia be turned away from me; of whom are Phygellus and Hermogenes.",
      "hindi": "तू जानता है, कि आसिया वाले सब मुझ से फिर गए हैं, जिन में फूगिलुस और हिरमुगिनेस हैं।"
    },
    "verse_number": 15
  },
  {
    "verse_count": "5501016",
    "book_number": "55",
    "chapter_number": "1",
    "book_name": {
      "english": "2 TIMOTHY",
      "hindi": "2 तीमुथियुस"
    },
    "verse": {
      "english": "The Lord give mercy unto the house of Onesiphorus; for he oft refreshed me, and was not ashamed of my chain:",
      "hindi": "उनेसिफुरूस के घराने पर प्रभु दया करे, क्योंकि उस ने बहुत बार मेरे जी को ठंडा किया, और मेरी जंजीरों से लज्ज़ित न हुआ।"
    },
    "verse_number": 16
  },
  {
    "verse_count": "5501017",
    "book_number": "55",
    "chapter_number": "1",
    "book_name": {
      "english": "2 TIMOTHY",
      "hindi": "2 तीमुथियुस"
    },
    "verse": {
      "english": "But, when he was in Rome, he sought me out very diligently, and found me.",
      "hindi": "पर जब वह रोमा में आया, तो बड़े यत्न से ढूंढ कर मुझ से भेंट की।"
    },
    "verse_number": 17
  },
  {
    "verse_count": "5501018",
    "book_number": "55",
    "chapter_number": "1",
    "book_name": {
      "english": "2 TIMOTHY",
      "hindi": "2 तीमुथियुस"
    },
    "verse": {
      "english": "The Lord grant unto him that he may find mercy of the Lord in that day: and in how many things he ministered unto me at Ephesus, thou knowest very well.",
      "hindi": "(प्रभु करे, कि उस दिन उस पर प्रभु की दया हो)। और जो जो सेवा उस ने इफिसुस में की है उन्हें भी तू भली भांति जानता है॥"
    },
    "verse_number": 18
  },
  {
    "verse_count": "550201",
    "book_number": "55",
    "chapter_number": "2",
    "book_name": {
      "english": "2 TIMOTHY",
      "hindi": "2 तीमुथियुस"
    },
    "verse": {
      "english": "Thou therefore, my son, be strong in the grace that is in Christ Jesus.",
      "hindi": "इसलिये हे मेरे पुत्र, तू उस अनुग्रह से जो मसीह यीशु में है, बलवन्त हो जा।"
    },
    "verse_number": 1
  },
  {
    "verse_count": "550202",
    "book_number": "55",
    "chapter_number": "2",
    "book_name": {
      "english": "2 TIMOTHY",
      "hindi": "2 तीमुथियुस"
    },
    "verse": {
      "english": "And the things that thou hast heard of me among many witnesses, the same commit thou to faithful men, who shall be able to teach others also.",
      "hindi": "और जो बातें तू ने बहुत गवाहों के साम्हने मुझ से सुनी हैं, उन्हें विश्वासी मनुष्यों को सौंप दे; जो औरों को भी सिखाने के योग्य हों।"
    },
    "verse_number": 2
  },
  {
    "verse_count": "550203",
    "book_number": "55",
    "chapter_number": "2",
    "book_name": {
      "english": "2 TIMOTHY",
      "hindi": "2 तीमुथियुस"
    },
    "verse": {
      "english": "Thou therefore endure hardness, as a good soldier of Jesus Christ.",
      "hindi": "मसीह यीशु के अच्छे योद्धा की नाईं मेरे साथ दुख उठा।"
    },
    "verse_number": 3
  },
  {
    "verse_count": "550204",
    "book_number": "55",
    "chapter_number": "2",
    "book_name": {
      "english": "2 TIMOTHY",
      "hindi": "2 तीमुथियुस"
    },
    "verse": {
      "english": "No man that warreth entangleth himself with the affairs of this life; that he may please him who hath chosen him to be a soldier.",
      "hindi": "जब कोई योद्धा लड़ाई पर जाता है, तो इसलिये कि अपने भरती करने वाले को प्रसन्न करे, अपने आप को संसार के कामों में नहीं फंसाता"
    },
    "verse_number": 4
  },
  {
    "verse_count": "550205",
    "book_number": "55",
    "chapter_number": "2",
    "book_name": {
      "english": "2 TIMOTHY",
      "hindi": "2 तीमुथियुस"
    },
    "verse": {
      "english": "And if a man also strive for masteries, yet is he not crowned, except he strive lawfully.",
      "hindi": "फिर अखाड़े में लड़ने वाला यदि विधि के अनुसार न लड़े तो मुकुट नहीं पाता।"
    },
    "verse_number": 5
  },
  {
    "verse_count": "550206",
    "book_number": "55",
    "chapter_number": "2",
    "book_name": {
      "english": "2 TIMOTHY",
      "hindi": "2 तीमुथियुस"
    },
    "verse": {
      "english": "The husbandman that laboureth must be first partaker of the fruits.",
      "hindi": "जो गृहस्थ परिश्रम करता है, फल का अंश पहिले उसे मिलना चाहिए।"
    },
    "verse_number": 6
  },
  {
    "verse_count": "550207",
    "book_number": "55",
    "chapter_number": "2",
    "book_name": {
      "english": "2 TIMOTHY",
      "hindi": "2 तीमुथियुस"
    },
    "verse": {
      "english": "Consider what I say; and the Lord give thee understanding in all things.",
      "hindi": "जो मैं कहता हूं, उस पर ध्यान दे और प्रभु तुझे सब बातों की समझ देगा।"
    },
    "verse_number": 7
  },
  {
    "verse_count": "550208",
    "book_number": "55",
    "chapter_number": "2",
    "book_name": {
      "english": "2 TIMOTHY",
      "hindi": "2 तीमुथियुस"
    },
    "verse": {
      "english": "Remember that Jesus Christ of the seed of David was raised from the dead according to my gospel:",
      "hindi": "यीशु मसीह को स्मरण रख, जो दाऊद के वंश से हुआ, और मरे हुओं में से जी उठा; और यह मेरे सुसमाचार के अनुसार है।"
    },
    "verse_number": 8
  },
  {
    "verse_count": "550209",
    "book_number": "55",
    "chapter_number": "2",
    "book_name": {
      "english": "2 TIMOTHY",
      "hindi": "2 तीमुथियुस"
    },
    "verse": {
      "english": "Wherein I suffer trouble, as an evil doer, even unto bonds; but the word of God is not bound.",
      "hindi": "जिस के लिये मैं कुकर्मी की नाईं दुख उठाता हूं, यहां तक कि कैद भी हूं; परन्तु परमेश्वर का वचन कैद नहीं।"
    },
    "verse_number": 9
  },
  {
    "verse_count": "5502010",
    "book_number": "55",
    "chapter_number": "2",
    "book_name": {
      "english": "2 TIMOTHY",
      "hindi": "2 तीमुथियुस"
    },
    "verse": {
      "english": "Therefore I endure all things for the elect's sakes, that they may also obtain the salvation which is in Christ Jesus with eternal glory.",
      "hindi": "इस कारण मैं चुने हुए लोगों के लिये सब कुछ सहता हूं, कि वे भी उस उद्धार को जो मसीह यीशु में हैं अनन्त महिमा के साथ पाएं।"
    },
    "verse_number": 10
  },
  {
    "verse_count": "5502011",
    "book_number": "55",
    "chapter_number": "2",
    "book_name": {
      "english": "2 TIMOTHY",
      "hindi": "2 तीमुथियुस"
    },
    "verse": {
      "english": "It is a faithful saying: For if we be dead with him, we shall also live with him:",
      "hindi": "यह बात सच है, कि यदि हम उसके साथ मर गए हैं तो उसके साथ जीएंगे भी।"
    },
    "verse_number": 11
  },
  {
    "verse_count": "5502012",
    "book_number": "55",
    "chapter_number": "2",
    "book_name": {
      "english": "2 TIMOTHY",
      "hindi": "2 तीमुथियुस"
    },
    "verse": {
      "english": "If we suffer, we shall also reign with him: if we deny him, he also will deny us:",
      "hindi": "यदि हम धीरज से सहते रहेंगे, तो उसके साथ राज्य भी करेंगे: यदि हम उसका इन्कार करेंगे तो वह भी हमारा इन्कार करेगा।"
    },
    "verse_number": 12
  },
  {
    "verse_count": "5502013",
    "book_number": "55",
    "chapter_number": "2",
    "book_name": {
      "english": "2 TIMOTHY",
      "hindi": "2 तीमुथियुस"
    },
    "verse": {
      "english": "If we believe not, yet he abideth faithful: he cannot deny himself.",
      "hindi": "यदि हम अविश्वासी भी हों तौभी वह विश्वास योग्य बना रहता है, क्योंकि वह आप अपना इन्कार नहीं कर सकता॥"
    },
    "verse_number": 13
  },
  {
    "verse_count": "5502014",
    "book_number": "55",
    "chapter_number": "2",
    "book_name": {
      "english": "2 TIMOTHY",
      "hindi": "2 तीमुथियुस"
    },
    "verse": {
      "english": "Of these things put them in remembrance, charging them before the Lord that they strive not about words to no profit, but to the subverting of the hearers.",
      "hindi": "इन बातों की सुधि उन्हें दिला, और प्रभु के साम्हने चिता दे, कि शब्दों पर तर्क-वितर्क न किया करें, जिन से कुछ लाभ नहीं होता; वरन सुनने वाले बिगड़ जाते हैं।"
    },
    "verse_number": 14
  },
  {
    "verse_count": "5502015",
    "book_number": "55",
    "chapter_number": "2",
    "book_name": {
      "english": "2 TIMOTHY",
      "hindi": "2 तीमुथियुस"
    },
    "verse": {
      "english": "Study to shew thyself approved unto God, a workman that needeth not to be ashamed, rightly dividing the word of truth.",
      "hindi": "अपने आप को परमेश्वर का ग्रहणयोग्य और ऐसा काम करने वाला ठहराने का प्रयत्न कर, जो लज्ज़ित होने न पाए, और जो सत्य के वचन को ठीक रीति से काम में लाता हो।"
    },
    "verse_number": 15
  },
  {
    "verse_count": "5502016",
    "book_number": "55",
    "chapter_number": "2",
    "book_name": {
      "english": "2 TIMOTHY",
      "hindi": "2 तीमुथियुस"
    },
    "verse": {
      "english": "But shun profane and vain babblings: for they will increase unto more ungodliness.",
      "hindi": "पर अशुद्ध बकवाद से बचा रह; क्योंकि ऐसे लोग और भी अभक्ति में बढ़ते जाएंगे।"
    },
    "verse_number": 16
  },
  {
    "verse_count": "5502017",
    "book_number": "55",
    "chapter_number": "2",
    "book_name": {
      "english": "2 TIMOTHY",
      "hindi": "2 तीमुथियुस"
    },
    "verse": {
      "english": "And their word will eat as doth a canker: of whom is Hymenaeus and Philetus;",
      "hindi": "और उन का वचन सड़े-घाव की नाईं फैलता जाएगा: हुमिनयुस और फिलेतुस उन्हीं में से हैं।"
    },
    "verse_number": 17
  },
  {
    "verse_count": "5502018",
    "book_number": "55",
    "chapter_number": "2",
    "book_name": {
      "english": "2 TIMOTHY",
      "hindi": "2 तीमुथियुस"
    },
    "verse": {
      "english": "Who concerning the truth have erred, saying that the resurrection is past already; and overthrow the faith of some.",
      "hindi": "जो यह कह कर कि पुनरुत्थान हो चुका है सत्य से भटक गए हैं, और कितनों के विश्वास को उलट पुलट कर देते हैं।"
    },
    "verse_number": 18
  },
  {
    "verse_count": "5502019",
    "book_number": "55",
    "chapter_number": "2",
    "book_name": {
      "english": "2 TIMOTHY",
      "hindi": "2 तीमुथियुस"
    },
    "verse": {
      "english": "Nevertheless the foundation of God standeth sure, having this seal, The Lord knoweth them that are his. And, Let every one that nameth the name of Christ depart from iniquity.",
      "hindi": "तौभी परमेश्वर की पड़ी नेव बनी रहती है, और उस पर यह छाप लगी है, कि प्रभु अपनों को पहिचानता है; और जो कोई प्रभु का नाम लेता है, वह अधर्म से बचा रहे।"
    },
    "verse_number": 19
  },
  {
    "verse_count": "5502020",
    "book_number": "55",
    "chapter_number": "2",
    "book_name": {
      "english": "2 TIMOTHY",
      "hindi": "2 तीमुथियुस"
    },
    "verse": {
      "english": "But in a great house there are not only vessels of gold and of silver, but also of wood and of earth; and some to honour, and some to dishonour.",
      "hindi": "बड़े घर में न केवल सोने-चान्दी ही के, पर काठ और मिट्टी के बरतन भी होते हैं; कोई कोई आदर, और कोई कोई अनादर के लिये।"
    },
    "verse_number": 20
  },
  {
    "verse_count": "5502021",
    "book_number": "55",
    "chapter_number": "2",
    "book_name": {
      "english": "2 TIMOTHY",
      "hindi": "2 तीमुथियुस"
    },
    "verse": {
      "english": "If a man therefore purge himself from these, he shall be a vessel unto honour, sanctified, and meet for the master's use, and prepared unto every good work.",
      "hindi": "यदि कोई अपने आप को इन से शुद्ध करेगा, तो वह आदर का बरतन, और पवित्र ठहरेगा; और स्वामी के काम आएगा, और हर भले काम के लिये तैयार होगा।"
    },
    "verse_number": 21
  },
  {
    "verse_count": "5502022",
    "book_number": "55",
    "chapter_number": "2",
    "book_name": {
      "english": "2 TIMOTHY",
      "hindi": "2 तीमुथियुस"
    },
    "verse": {
      "english": "Flee also youthful lusts: but follow righteousness, faith, charity, peace, with them that call on the Lord out of a pure heart.",
      "hindi": "जवानी की अभिलाषाओं से भाग; और जो शुद्ध मन से प्रभु का नाम लेते हैं, उन के साथ धर्म, और विश्वास, और प्रेम, और मेल-मिलाप का पीछा कर।"
    },
    "verse_number": 22
  },
  {
    "verse_count": "5502023",
    "book_number": "55",
    "chapter_number": "2",
    "book_name": {
      "english": "2 TIMOTHY",
      "hindi": "2 तीमुथियुस"
    },
    "verse": {
      "english": "But foolish and unlearned questions avoid, knowing that they do gender strifes.",
      "hindi": "पर मूर्खता, और अविद्या के विवादों से अलग रह; क्योंकि तू जानता है, कि उन से झगड़े होते हैं।"
    },
    "verse_number": 23
  },
  {
    "verse_count": "5502024",
    "book_number": "55",
    "chapter_number": "2",
    "book_name": {
      "english": "2 TIMOTHY",
      "hindi": "2 तीमुथियुस"
    },
    "verse": {
      "english": "And the servant of the Lord must not strive; but be gentle unto all men, apt to teach, patient,",
      "hindi": "और प्रभु के दास को झगड़ालू होना न चाहिए, पर सब के साथ कोमल और शिक्षा में निपुण, और सहनशील हो।"
    },
    "verse_number": 24
  },
  {
    "verse_count": "5502025",
    "book_number": "55",
    "chapter_number": "2",
    "book_name": {
      "english": "2 TIMOTHY",
      "hindi": "2 तीमुथियुस"
    },
    "verse": {
      "english": "In meekness instructing those that oppose themselves; if God peradventure will give them repentance to the acknowledging of the truth;",
      "hindi": "और विरोधियों को नम्रता से समझाए, क्या जाने परमेश्वर उन्हें मन फिराव का मन दे, कि वे भी सत्य को पहिचानें।"
    },
    "verse_number": 25
  },
  {
    "verse_count": "5502026",
    "book_number": "55",
    "chapter_number": "2",
    "book_name": {
      "english": "2 TIMOTHY",
      "hindi": "2 तीमुथियुस"
    },
    "verse": {
      "english": "And that they may recover themselves out of the snare of the devil, who are taken captive by him at his will.",
      "hindi": "और इस के द्वारा उस की इच्छा पूरी करने के लिये सचेत होकर शैतान के फंदे से छूट जाएं॥"
    },
    "verse_number": 26
  },
  {
    "verse_count": "550301",
    "book_number": "55",
    "chapter_number": "3",
    "book_name": {
      "english": "2 TIMOTHY",
      "hindi": "2 तीमुथियुस"
    },
    "verse": {
      "english": "This know also, that in the last days perilous times shall come.",
      "hindi": "पर यह जान रख, कि अन्तिम दिनों में कठिन समय आएंगे।"
    },
    "verse_number": 1
  },
  {
    "verse_count": "550302",
    "book_number": "55",
    "chapter_number": "3",
    "book_name": {
      "english": "2 TIMOTHY",
      "hindi": "2 तीमुथियुस"
    },
    "verse": {
      "english": "For men shall be lovers of their own selves, covetous, boasters, proud, blasphemers, disobedient to parents, unthankful, unholy,",
      "hindi": "क्योंकि मनुष्य अपस्वार्थी, लोभी, डींगमार, अभिमानी, निन्दक, माता-पिता की आज्ञा टालने वाले, कृतघ्न, अपवित्र।"
    },
    "verse_number": 2
  },
  {
    "verse_count": "550303",
    "book_number": "55",
    "chapter_number": "3",
    "book_name": {
      "english": "2 TIMOTHY",
      "hindi": "2 तीमुथियुस"
    },
    "verse": {
      "english": "Without natural affection, trucebreakers, false accusers, incontinent, fierce, despisers of those that are good,",
      "hindi": "दयारिहत, क्षमारिहत, दोष लगाने वाले, असंयमी, कठोर, भले के बैरी।"
    },
    "verse_number": 3
  },
  {
    "verse_count": "550304",
    "book_number": "55",
    "chapter_number": "3",
    "book_name": {
      "english": "2 TIMOTHY",
      "hindi": "2 तीमुथियुस"
    },
    "verse": {
      "english": "Traitors, heady, highminded, lovers of pleasures more than lovers of God;",
      "hindi": "विश्वासघाती, ढीठ, घमण्डी, और परमेश्वर के नहीं वरन सुखविलास ही के चाहने वाले होंगे।"
    },
    "verse_number": 4
  },
  {
    "verse_count": "550305",
    "book_number": "55",
    "chapter_number": "3",
    "book_name": {
      "english": "2 TIMOTHY",
      "hindi": "2 तीमुथियुस"
    },
    "verse": {
      "english": "Having a form of godliness, but denying the power thereof: from such turn away.",
      "hindi": "वे भक्ति का भेष तो धरेंगे, पर उस की शक्ति को न मानेंगे; ऐसों से परे रहना।"
    },
    "verse_number": 5
  },
  {
    "verse_count": "550306",
    "book_number": "55",
    "chapter_number": "3",
    "book_name": {
      "english": "2 TIMOTHY",
      "hindi": "2 तीमुथियुस"
    },
    "verse": {
      "english": "For of this sort are they which creep into houses, and lead captive silly women laden with sins, led away with divers lusts,",
      "hindi": "इन्हीं में से वे लोग हैं, जो घरों में दबे पांव घुस आते हैं और छिछौरी स्त्रियों को वश में कर लेते हैं, जो पापों से दबी और हर प्रकार की अभिलाषाओं के वश में हैं।"
    },
    "verse_number": 6
  },
  {
    "verse_count": "550307",
    "book_number": "55",
    "chapter_number": "3",
    "book_name": {
      "english": "2 TIMOTHY",
      "hindi": "2 तीमुथियुस"
    },
    "verse": {
      "english": "Ever learning, and never able to come to the knowledge of the truth.",
      "hindi": "और सदा सीखती तो रहती हैं पर सत्य की पहिचान तक कभी नहीं पहुंचतीं।"
    },
    "verse_number": 7
  },
  {
    "verse_count": "550308",
    "book_number": "55",
    "chapter_number": "3",
    "book_name": {
      "english": "2 TIMOTHY",
      "hindi": "2 तीमुथियुस"
    },
    "verse": {
      "english": "Now as Jannes and Jambres withstood Moses, so do these also resist the truth: men of corrupt minds, reprobate concerning the faith.",
      "hindi": "और जैसे यन्नेस और यम्ब्रेस ने मूसा का विरोध किया था वैसे ही ये भी सत्य का विरोध करते हैं: ये तो ऐसे मनुष्य हैं, जिन की बुद्धि भ्रष्ट हो गई है और वे विश्वास के विषय में निकम्मे हैं।"
    },
    "verse_number": 8
  },
  {
    "verse_count": "550309",
    "book_number": "55",
    "chapter_number": "3",
    "book_name": {
      "english": "2 TIMOTHY",
      "hindi": "2 तीमुथियुस"
    },
    "verse": {
      "english": "But they shall proceed no further: for their folly shall be manifest unto all men, as theirs also was.",
      "hindi": "पर वे इस से आगे नहीं बढ़ सकते, क्योंकि जैसे उन की अज्ञानता सब मनुष्यों पर प्रगट हो गई थी, वैसे ही इन की भी हो जाएगी।"
    },
    "verse_number": 9
  },
  {
    "verse_count": "5503010",
    "book_number": "55",
    "chapter_number": "3",
    "book_name": {
      "english": "2 TIMOTHY",
      "hindi": "2 तीमुथियुस"
    },
    "verse": {
      "english": "But thou hast fully known my doctrine, manner of life, purpose, faith, longsuffering, charity, patience,",
      "hindi": "पर तू ने उपदेश, चाल चलन, मनसा, विश्वास, सहनशीलता, प्रेम, धीरज, और सताए जाने, और दुख उठाने में मेरा साथ दिया।"
    },
    "verse_number": 10
  },
  {
    "verse_count": "5503011",
    "book_number": "55",
    "chapter_number": "3",
    "book_name": {
      "english": "2 TIMOTHY",
      "hindi": "2 तीमुथियुस"
    },
    "verse": {
      "english": "Persecutions, afflictions, which came unto me at Antioch, at Iconium, at Lystra; what persecutions I endured: but out of them all the Lord delivered me.",
      "hindi": "और ऐसे दुखों में भी जो अन्ताकिया और इकुनियुम और लुस्त्रा में मुझ पर पड़े थे और और दुखों में भी, जो मैं ने उठाए हैं; परन्तु प्रभु ने मुझे उन सब से छुड़ा लिया।"
    },
    "verse_number": 11
  },
  {
    "verse_count": "5503012",
    "book_number": "55",
    "chapter_number": "3",
    "book_name": {
      "english": "2 TIMOTHY",
      "hindi": "2 तीमुथियुस"
    },
    "verse": {
      "english": "Yea, and all that will live godly in Christ Jesus shall suffer persecution.",
      "hindi": "पर जितने मसीह यीशु में भक्ति के साथ जीवन बिताना चाहते हैं वे सब सताए जाएंगे।"
    },
    "verse_number": 12
  },
  {
    "verse_count": "5503013",
    "book_number": "55",
    "chapter_number": "3",
    "book_name": {
      "english": "2 TIMOTHY",
      "hindi": "2 तीमुथियुस"
    },
    "verse": {
      "english": "But evil men and seducers shall wax worse and worse, deceiving, and being deceived.",
      "hindi": "और दुष्ट, और बहकाने वाले धोखा देते हुए, और धोखा खाते हुए, बिगड़ते चले जाएंगे।"
    },
    "verse_number": 13
  },
  {
    "verse_count": "5503014",
    "book_number": "55",
    "chapter_number": "3",
    "book_name": {
      "english": "2 TIMOTHY",
      "hindi": "2 तीमुथियुस"
    },
    "verse": {
      "english": "But continue thou in the things which thou hast learned and hast been assured of, knowing of whom thou hast learned them;",
      "hindi": "पर तू इन बातों पर जो तू ने सीखीं हैं और प्रतीति की थी, यह जानकर दृढ़ बना रह; कि तू ने उन्हें किन लोगों से सीखा था"
    },
    "verse_number": 14
  },
  {
    "verse_count": "5503015",
    "book_number": "55",
    "chapter_number": "3",
    "book_name": {
      "english": "2 TIMOTHY",
      "hindi": "2 तीमुथियुस"
    },
    "verse": {
      "english": "And that from a child thou hast known the holy scriptures, which are able to make thee wise unto salvation through faith which is in Christ Jesus.",
      "hindi": "और बालकपन से पवित्र शास्त्र तेरा जाना हुआ है, जो तुझे मसीह पर विश्वास करने से उद्धार प्राप्त करने के लिये बुद्धिमान बना सकता है।"
    },
    "verse_number": 15
  },
  {
    "verse_count": "5503016",
    "book_number": "55",
    "chapter_number": "3",
    "book_name": {
      "english": "2 TIMOTHY",
      "hindi": "2 तीमुथियुस"
    },
    "verse": {
      "english": "All scripture is given by inspiration of God, and is profitable for doctrine, for reproof, for correction, for instruction in righteousness:",
      "hindi": "हर एक पवित्रशास्त्र परमेश्वर की प्रेरणा से रचा गया है और उपदेश, और समझाने, और सुधारने, और धर्म की शिक्षा के लिये लाभदायक है।"
    },
    "verse_number": 16
  },
  {
    "verse_count": "5503017",
    "book_number": "55",
    "chapter_number": "3",
    "book_name": {
      "english": "2 TIMOTHY",
      "hindi": "2 तीमुथियुस"
    },
    "verse": {
      "english": "That the man of God may be perfect, throughly furnished unto all good works.",
      "hindi": "ताकि परमेश्वर का जन सिद्ध बने, और हर एक भले काम के लिये तत्पर हो जाए॥"
    },
    "verse_number": 17
  },
  {
    "verse_count": "550401",
    "book_number": "55",
    "chapter_number": "4",
    "book_name": {
      "english": "2 TIMOTHY",
      "hindi": "2 तीमुथियुस"
    },
    "verse": {
      "english": "Icharge thee therefore before God, and the Lord Jesus Christ, who shall judge the quick and the dead at his appearing and his kingdom;",
      "hindi": "परमेश्वर और मसीह यीशु को गवाह कर के, जो जीवतों और मरे हुओं का न्याय करेगा, उसे और उसके प्रगट होने, और राज्य को सुधि दिलाकर मैं तुझे चिताता हूं।"
    },
    "verse_number": 1
  },
  {
    "verse_count": "550402",
    "book_number": "55",
    "chapter_number": "4",
    "book_name": {
      "english": "2 TIMOTHY",
      "hindi": "2 तीमुथियुस"
    },
    "verse": {
      "english": "Preach the word; be instant in season, out of season; reprove, rebuke, exhort with all longsuffering and doctrine.",
      "hindi": "कि तू वचन को प्रचार कर; समय और असमय तैयार रह, सब प्रकार की सहनशीलता, और शिक्षा के साथ उलाहना दे, और डांट, और समझा।"
    },
    "verse_number": 2
  },
  {
    "verse_count": "550403",
    "book_number": "55",
    "chapter_number": "4",
    "book_name": {
      "english": "2 TIMOTHY",
      "hindi": "2 तीमुथियुस"
    },
    "verse": {
      "english": "For the time will come when they will not endure sound doctrine; but after their own lusts shall they heap to themselves teachers, having itching ears;",
      "hindi": "क्योंकि ऐसा समय आएगा, कि लोग खरा उपदेश न सह सकेंगे पर कानों की खुजली के कारण अपनी अभिलाषाओं के अनुसार अपने लिये बहुतेरे उपदेशक बटोर लेंगे।"
    },
    "verse_number": 3
  },
  {
    "verse_count": "550404",
    "book_number": "55",
    "chapter_number": "4",
    "book_name": {
      "english": "2 TIMOTHY",
      "hindi": "2 तीमुथियुस"
    },
    "verse": {
      "english": "And they shall turn away their ears from the truth, and shall be turned unto fables.",
      "hindi": "और अपने कान सत्य से फेरकर कथा-कहानियों पर लगाएंगे।"
    },
    "verse_number": 4
  },
  {
    "verse_count": "550405",
    "book_number": "55",
    "chapter_number": "4",
    "book_name": {
      "english": "2 TIMOTHY",
      "hindi": "2 तीमुथियुस"
    },
    "verse": {
      "english": "But watch thou in all things, endure afflictions, do the work of an evangelist, make full proof of thy ministry.",
      "hindi": "पर तू सब बातों में सावधान रह, दुख उठा, सुसमाचार प्रचार का काम कर और अपनी सेवा को पूरा कर।"
    },
    "verse_number": 5
  },
  {
    "verse_count": "550406",
    "book_number": "55",
    "chapter_number": "4",
    "book_name": {
      "english": "2 TIMOTHY",
      "hindi": "2 तीमुथियुस"
    },
    "verse": {
      "english": "For I am now ready to be offered, and the time of my departure is at hand.",
      "hindi": "क्योंकि अब मैं अर्घ की नाईं उंडेला जाता हूं, और मेरे कूच का समय आ पहुंचा है।"
    },
    "verse_number": 6
  },
  {
    "verse_count": "550407",
    "book_number": "55",
    "chapter_number": "4",
    "book_name": {
      "english": "2 TIMOTHY",
      "hindi": "2 तीमुथियुस"
    },
    "verse": {
      "english": "I have fought a good fight, I have finished my course, I have kept the faith:",
      "hindi": "मैं अच्छी कुश्ती लड़ चुका हूं मैं ने अपनी दौड़ पूरी कर ली है, मैं ने विश्वास की रखवाली की है।"
    },
    "verse_number": 7
  },
  {
    "verse_count": "550408",
    "book_number": "55",
    "chapter_number": "4",
    "book_name": {
      "english": "2 TIMOTHY",
      "hindi": "2 तीमुथियुस"
    },
    "verse": {
      "english": "Henceforth there is laid up for me a crown of righteousness, which the Lord, the righteous judge, shall give me at that day: and not to me only, but unto all them also that love his appearing.",
      "hindi": "भविष्य में मेरे लिये धर्म का वह मुकुट रखा हुआ है, जिसे प्रभु, जो धर्मी, और न्यायी है, मुझे उस दिन देगा और मुझे ही नहीं, वरन उन सब को भी, जो उसके प्रगट होने को प्रिय जानते हैं॥"
    },
    "verse_number": 8
  },
  {
    "verse_count": "550409",
    "book_number": "55",
    "chapter_number": "4",
    "book_name": {
      "english": "2 TIMOTHY",
      "hindi": "2 तीमुथियुस"
    },
    "verse": {
      "english": "Do thy diligence to come shortly unto me:",
      "hindi": "मेरे पास शीघ्र आने का प्रयत्न कर।"
    },
    "verse_number": 9
  },
  {
    "verse_count": "5504010",
    "book_number": "55",
    "chapter_number": "4",
    "book_name": {
      "english": "2 TIMOTHY",
      "hindi": "2 तीमुथियुस"
    },
    "verse": {
      "english": "For Demas hath forsaken me, having loved this present world, and is departed unto Thessalonica; Crescens to Galatia, Titus unto Dalmatia.",
      "hindi": "क्योंकि देमास ने इस संसार को प्रिय जान कर मुझे छोड़ दिया है, और थिस्सलुनीके को चला गया है, और क्रेसकेंस गलतिया को और तीतुस दलमतिया को चला गया है।"
    },
    "verse_number": 10
  },
  {
    "verse_count": "5504011",
    "book_number": "55",
    "chapter_number": "4",
    "book_name": {
      "english": "2 TIMOTHY",
      "hindi": "2 तीमुथियुस"
    },
    "verse": {
      "english": "Only Luke is with me. Take Mark, and bring him with thee: for he is profitable to me for the ministry.",
      "hindi": "केवल लूका मेरे साथ है: मरकुस को लेकर चला आ; क्योंकि सेवा के लिये वह मेरे बहुत काम का है।"
    },
    "verse_number": 11
  },
  {
    "verse_count": "5504012",
    "book_number": "55",
    "chapter_number": "4",
    "book_name": {
      "english": "2 TIMOTHY",
      "hindi": "2 तीमुथियुस"
    },
    "verse": {
      "english": "And Tychicus have I sent to Ephesus.",
      "hindi": "तुखिकुस को मैं ने इफिसुस को भेजा है।"
    },
    "verse_number": 12
  },
  {
    "verse_count": "5504013",
    "book_number": "55",
    "chapter_number": "4",
    "book_name": {
      "english": "2 TIMOTHY",
      "hindi": "2 तीमुथियुस"
    },
    "verse": {
      "english": "The cloke that I left at Troas with Carpus, when thou comest, bring with thee, and the books, but especially the parchments.",
      "hindi": "जो बागा मैं त्रोआस में करपुस के यहां छोड़ आया हूं, जब तू आए, तो उसे और पुस्तकें विशेष करके चर्मपत्रों को लेते आना।"
    },
    "verse_number": 13
  },
  {
    "verse_count": "5504014",
    "book_number": "55",
    "chapter_number": "4",
    "book_name": {
      "english": "2 TIMOTHY",
      "hindi": "2 तीमुथियुस"
    },
    "verse": {
      "english": "Alexander the coppersmith did me much evil: the Lord reward him according to his works:",
      "hindi": "सिकन्दर ठठेरे ने मुझ से बहुत बुराइयां की हैं प्रभु उसे उसके कामों के अनुसार बदला देगा।"
    },
    "verse_number": 14
  },
  {
    "verse_count": "5504015",
    "book_number": "55",
    "chapter_number": "4",
    "book_name": {
      "english": "2 TIMOTHY",
      "hindi": "2 तीमुथियुस"
    },
    "verse": {
      "english": "Of whom be thou ware also; for he hath greatly withstood our words.",
      "hindi": "तू भी उस से सावधान रह, क्योंकि उस ने हमारी बातों का बहुत ही विरोध किया।"
    },
    "verse_number": 15
  },
  {
    "verse_count": "5504016",
    "book_number": "55",
    "chapter_number": "4",
    "book_name": {
      "english": "2 TIMOTHY",
      "hindi": "2 तीमुथियुस"
    },
    "verse": {
      "english": "At my first answer no man stood with me, but all men forsook me: I pray God that it may not be laid to their charge.",
      "hindi": "मेरे पहिले प्रत्युत्तर करने के समय में किसी ने भी मेरा साथ नहीं दिया, वरन सब ने मुझे छोड़ दिया था: भला हो, कि इस का उन को लेखा देना न पड़े।"
    },
    "verse_number": 16
  },
  {
    "verse_count": "5504017",
    "book_number": "55",
    "chapter_number": "4",
    "book_name": {
      "english": "2 TIMOTHY",
      "hindi": "2 तीमुथियुस"
    },
    "verse": {
      "english": "Notwithstanding the Lord stood with me, and strengthened me; that by me the preaching might be fully known, and that all the Gentiles might hear: and I was delivered out of the mouth of the lion.",
      "hindi": "परन्तु प्रभु मेरा सहायक रहा, और मुझे सामर्थ दी: ताकि मेरे द्वारा पूरा पूरा प्रचार हो, और सब अन्यजाति सुन ले; और मैं तो सिंह के मुंह से छुड़ाया गया।"
    },
    "verse_number": 17
  },
  {
    "verse_count": "5504018",
    "book_number": "55",
    "chapter_number": "4",
    "book_name": {
      "english": "2 TIMOTHY",
      "hindi": "2 तीमुथियुस"
    },
    "verse": {
      "english": "And the Lord shall deliver me from every evil work, and will preserve me unto his heavenly kingdom: to whom be glory for ever and ever. Amen.",
      "hindi": "और प्रभु मुझे हर एक बुरे काम से छुड़ाएगा, और अपने स्वर्गीय राज्य में उद्धार कर के पहुंचाएगा: उसी की महिमा युगानुयुग होती रहे। आमीन॥"
    },
    "verse_number": 18
  },
  {
    "verse_count": "5504019",
    "book_number": "55",
    "chapter_number": "4",
    "book_name": {
      "english": "2 TIMOTHY",
      "hindi": "2 तीमुथियुस"
    },
    "verse": {
      "english": "Salute Prisca and Aquila, and the household of Onesiphorus.",
      "hindi": "प्रिसका और अक्विला को, और उनेसिफुरूस के घराने को नमस्कार।"
    },
    "verse_number": 19
  },
  {
    "verse_count": "5504020",
    "book_number": "55",
    "chapter_number": "4",
    "book_name": {
      "english": "2 TIMOTHY",
      "hindi": "2 तीमुथियुस"
    },
    "verse": {
      "english": "Erastus abode at Corinth: but Trophimus have I left at Miletum sick.",
      "hindi": "इरास्तुस कुरिन्थुस में रह गया, और त्रुफिमुस को मैं ने मीलेतुस में बीमार छोड़ा है।"
    },
    "verse_number": 20
  },
  {
    "verse_count": "5504021",
    "book_number": "55",
    "chapter_number": "4",
    "book_name": {
      "english": "2 TIMOTHY",
      "hindi": "2 तीमुथियुस"
    },
    "verse": {
      "english": "Do thy diligence to come before winter. Eubulus greeteth thee, and Pudens, and Linus, and Claudia, and all the brethren.",
      "hindi": "जाड़े से पहिले चले आने का प्रयत्न कर: यूबूलुस, और पूदेंस, और लीनुस और क्लौदिया, और सब भाइयों का तुझे नमस्कार॥"
    },
    "verse_number": 21
  },
  {
    "verse_count": "5504022",
    "book_number": "55",
    "chapter_number": "4",
    "book_name": {
      "english": "2 TIMOTHY",
      "hindi": "2 तीमुथियुस"
    },
    "verse": {
      "english": "The Lord Jesus Christ be with thy spirit. Grace be with you. Amen.",
      "hindi": "प्रभु तेरी आत्मा के साथ रहे: तुम पर अनुग्रह होता रहे॥"
    },
    "verse_number": 22
  }
]