[
  {
    "verse_count": "480101",
    "book_number": "48",
    "chapter_number": "1",
    "book_name": {
      "english": "GALATIANS",
      "hindi": "गलातियों"
    },
    "verse": {
      "english": "Paul, an apostle, (not of men, neither by man, but by Jesus Christ, and God the Father, who raised him from the dead;)",
      "hindi": "पौलुस की, जो न मनुष्यों की ओर से, और न मनुष्य के द्वारा, वरन यीशु मसीह और परमेश्वर पिता के द्वारा, जिस ने उस को मरे हुओं में से जिलाया, प्रेरित है।"
    },
    "verse_number": 1
  },
  {
    "verse_count": "480102",
    "book_number": "48",
    "chapter_number": "1",
    "book_name": {
      "english": "GALATIANS",
      "hindi": "गलातियों"
    },
    "verse": {
      "english": "And all the brethren which are with me, unto the churches of Galatia:",
      "hindi": "और सारे भाइयों की ओर से, जो मेरे साथ हैं; गलतिया की कलीसियाओं के नाम।"
    },
    "verse_number": 2
  },
  {
    "verse_count": "480103",
    "book_number": "48",
    "chapter_number": "1",
    "book_name": {
      "english": "GALATIANS",
      "hindi": "गलातियों"
    },
    "verse": {
      "english": "Grace be to you and peace from God the Father, and from our Lord Jesus Christ,",
      "hindi": "परमेश्वर पिता, और हमारे प्रभु यीशु मसीह की ओर से तुम्हें अनुग्रह और शान्ति मिलती रहे।"
    },
    "verse_number": 3
  },
  {
    "verse_count": "480104",
    "book_number": "48",
    "chapter_number": "1",
    "book_name": {
      "english": "GALATIANS",
      "hindi": "गलातियों"
    },
    "verse": {
      "english": "Who gave himself for our sins, that he might deliver us from this present evil world, according to the will of God and our Father:",
      "hindi": "उसी ने अपने आप को हमारे पापों के लिये दे दिया, ताकि हमारे परमेश्वर और पिता की इच्छा के अनुसार हमें इस वर्तमान बुरे संसार से छुड़ाए।"
    },
    "verse_number": 4
  },
  {
    "verse_count": "480105",
    "book_number": "48",
    "chapter_number": "1",
    "book_name": {
      "english": "GALATIANS",
      "hindi": "गलातियों"
    },
    "verse": {
      "english": "To whom be glory for ever and ever. Amen.",
      "hindi": "उस की स्तुति और बड़ाई युगानुयुग होती रहे। आमीन॥"
    },
    "verse_number": 5
  },
  {
    "verse_count": "480106",
    "book_number": "48",
    "chapter_number": "1",
    "book_name": {
      "english": "GALATIANS",
      "hindi": "गलातियों"
    },
    "verse": {
      "english": "I marvel that ye are so soon removed from him that called you into the grace of Christ unto another gospel:",
      "hindi": "मुझे आश्चर्य होता है, कि जिस ने तुम्हें मसीह के अनुग्रह से बुलाया उस से तुम इतनी जल्दी फिर कर और ही प्रकार के सुसमाचार की ओर झुकने लगे।"
    },
    "verse_number": 6
  },
  {
    "verse_count": "480107",
    "book_number": "48",
    "chapter_number": "1",
    "book_name": {
      "english": "GALATIANS",
      "hindi": "गलातियों"
    },
    "verse": {
      "english": "Which is not another; but there be some that trouble you, and would pervert the gospel of Christ.",
      "hindi": "परन्तु वह दूसरा सुसमाचार है ही नहीं: पर बात यह है, कि कितने ऐसे हैं, जो तुम्हें घबरा देते, और मसीह के सुसमाचार को बिगाड़ना चाहते हैं।"
    },
    "verse_number": 7
  },
  {
    "verse_count": "480108",
    "book_number": "48",
    "chapter_number": "1",
    "book_name": {
      "english": "GALATIANS",
      "hindi": "गलातियों"
    },
    "verse": {
      "english": "But though we, or an angel from heaven, preach any other gospel unto you than that which we have preached unto you, let him be accursed.",
      "hindi": "परन्तु यदि हम या स्वर्ग से कोई दूत भी उस सुसमाचार को छोड़ जो हम ने तुम को सुनाया है, कोई और सुसमाचार तुम्हें सुनाए, तो श्रापित हो।"
    },
    "verse_number": 8
  },
  {
    "verse_count": "480109",
    "book_number": "48",
    "chapter_number": "1",
    "book_name": {
      "english": "GALATIANS",
      "hindi": "गलातियों"
    },
    "verse": {
      "english": "As we said before, so say I now again, If any man preach any other gospel unto you than that ye have received, let him be accursed.",
      "hindi": "जैसा हम पहिले कह चुके हैं, वैसा ही मैं अब फिर कहता हूं, कि उस सुसमाचार को छोड़ जिसे तुम ने ग्रहण किया है, यदि कोई और सुसमाचार सुनाता है, तो श्रापित हो। अब मैं क्या मनुष्यों को मनाता हूं या परमेश्वर को? क्या मैं मनुष्यों को प्रसन्न करना चाहता हूं?"
    },
    "verse_number": 9
  },
  {
    "verse_count": "4801010",
    "book_number": "48",
    "chapter_number": "1",
    "book_name": {
      "english": "GALATIANS",
      "hindi": "गलातियों"
    },
    "verse": {
      "english": "For do I now persuade men, or God? or do I seek to please men? for if I yet pleased men, I should not be the servant of Christ.",
      "hindi": "यदि मैं अब तक मनुष्यों को ही प्रसन्न करता रहता, तो मसीह का दास न होता॥"
    },
    "verse_number": 10
  },
  {
    "verse_count": "4801011",
    "book_number": "48",
    "chapter_number": "1",
    "book_name": {
      "english": "GALATIANS",
      "hindi": "गलातियों"
    },
    "verse": {
      "english": "But I certify you, brethren, that the gospel which was preached of me is not after man.",
      "hindi": "हे भाइयो, मैं तुम्हें जताए देता हूं, कि जो सुसमाचार मैं ने सुनाया है, वह मनुष्य का सा नहीं।"
    },
    "verse_number": 11
  },
  {
    "verse_count": "4801012",
    "book_number": "48",
    "chapter_number": "1",
    "book_name": {
      "english": "GALATIANS",
      "hindi": "गलातियों"
    },
    "verse": {
      "english": "For I neither received it of man, neither was I taught it, but by the revelation of Jesus Christ.",
      "hindi": "क्योंकि वह मुझे मनुष्य की ओर से नहीं पहुंचा, और न मुझे सिखाया गया, पर यीशु मसीह के प्रकाश से मिला।"
    },
    "verse_number": 12
  },
  {
    "verse_count": "4801013",
    "book_number": "48",
    "chapter_number": "1",
    "book_name": {
      "english": "GALATIANS",
      "hindi": "गलातियों"
    },
    "verse": {
      "english": "For ye have heard of my conversation in time past in the Jews' religion, how that beyond measure I persecuted the church of God, and wasted it:",
      "hindi": "यहूदी मत में जो पहिले मेरा चाल चलन था, तुम सुन चुके हो; कि मैं परमेश्वर की कलीसिया को बहुत ही सताता और नाश करता था।"
    },
    "verse_number": 13
  },
  {
    "verse_count": "4801014",
    "book_number": "48",
    "chapter_number": "1",
    "book_name": {
      "english": "GALATIANS",
      "hindi": "गलातियों"
    },
    "verse": {
      "english": "And profited in the Jews' religion above many my equals in mine own nation, being more exceedingly zealous of the traditions of my fathers.",
      "hindi": "और अपने बहुत से जाति वालों से जो मेरी अवस्था के थे यहूदी मत में बढ़ता जाता था और अपने बाप दादों के व्यवहारों में बहुत ही उत्तेजित था।"
    },
    "verse_number": 14
  },
  {
    "verse_count": "4801015",
    "book_number": "48",
    "chapter_number": "1",
    "book_name": {
      "english": "GALATIANS",
      "hindi": "गलातियों"
    },
    "verse": {
      "english": "But when it pleased God, who separated me from my mother's womb, and called me by his grace,",
      "hindi": "परन्तु परमेश्वर की, जिस ने मेरी माता के गर्भ ही से मुझे ठहराया और अपने अनुग्रह से बुला लिया,"
    },
    "verse_number": 15
  },
  {
    "verse_count": "4801016",
    "book_number": "48",
    "chapter_number": "1",
    "book_name": {
      "english": "GALATIANS",
      "hindi": "गलातियों"
    },
    "verse": {
      "english": "To reveal his Son in me, that I might preach him among the heathen; immediately I conferred not with flesh and blood:",
      "hindi": "जब इच्छा हुई, कि मुझ में अपने पुत्र को प्रगट करे कि मैं अन्यजातियों में उसका सुसमाचार सुनाऊं; तो न मैं ने मांस और लोहू से सलाह ली;"
    },
    "verse_number": 16
  },
  {
    "verse_count": "4801017",
    "book_number": "48",
    "chapter_number": "1",
    "book_name": {
      "english": "GALATIANS",
      "hindi": "गलातियों"
    },
    "verse": {
      "english": "Neither went I up to Jerusalem to them which were apostles before me; but I went into Arabia, and returned again unto Damascus.",
      "hindi": "और न यरूशलेम को उन के पास गया जो मुझ से पहिले प्रेरित थे, पर तुरन्त अरब को चला गया: और फिर वहां से दमिश्क को लौट आया॥"
    },
    "verse_number": 17
  },
  {
    "verse_count": "4801018",
    "book_number": "48",
    "chapter_number": "1",
    "book_name": {
      "english": "GALATIANS",
      "hindi": "गलातियों"
    },
    "verse": {
      "english": "Then after three years I went up to Jerusalem to see Peter, and abode with him fifteen days.",
      "hindi": "फिर तीन बरस के बाद मैं कैफा से भेंट करने के लिये यरूशलेम को गया, और उसके पास पन्द्रह दिन तक रहा।"
    },
    "verse_number": 18
  },
  {
    "verse_count": "4801019",
    "book_number": "48",
    "chapter_number": "1",
    "book_name": {
      "english": "GALATIANS",
      "hindi": "गलातियों"
    },
    "verse": {
      "english": "But other of the apostles saw I none, save James the Lord's brother.",
      "hindi": "परन्तु प्रभु के भाई याकूब को छोड़ और प्रेरितों में से किसी से न मिला।"
    },
    "verse_number": 19
  },
  {
    "verse_count": "4801020",
    "book_number": "48",
    "chapter_number": "1",
    "book_name": {
      "english": "GALATIANS",
      "hindi": "गलातियों"
    },
    "verse": {
      "english": "Now the things which I write unto you, behold, before God, I lie not.",
      "hindi": "जो बातें मैं तुम्हें लिखता हूं, देखो परमेश्वर को उपस्थित जानकर कहता हूं, कि वे झूठी नहीं।"
    },
    "verse_number": 20
  },
  {
    "verse_count": "4801021",
    "book_number": "48",
    "chapter_number": "1",
    "book_name": {
      "english": "GALATIANS",
      "hindi": "गलातियों"
    },
    "verse": {
      "english": "Afterwards I came into the regions of Syria and Cilicia;",
      "hindi": "इस के बाद मैं सूरिया और किलिकिया के देशों में आया।"
    },
    "verse_number": 21
  },
  {
    "verse_count": "4801022",
    "book_number": "48",
    "chapter_number": "1",
    "book_name": {
      "english": "GALATIANS",
      "hindi": "गलातियों"
    },
    "verse": {
      "english": "And was unknown by face unto the churches of Judaea which were in Christ:",
      "hindi": "परन्तु यहूदिया की कलीसियाओं ने जो मसीह में थी, मेरा मुँह तो कभी नहीं देखा था।"
    },
    "verse_number": 22
  },
  {
    "verse_count": "4801023",
    "book_number": "48",
    "chapter_number": "1",
    "book_name": {
      "english": "GALATIANS",
      "hindi": "गलातियों"
    },
    "verse": {
      "english": "But they had heard only, That he which persecuted us in times past now preacheth the faith which once he destroyed.",
      "hindi": "परन्तु यही सुना करती थीं, कि जो हमें पहिले सताता था, वह अब उसी धर्म का सुसमाचार सुनाता है, जिसे पहिले नाश करता था।"
    },
    "verse_number": 23
  },
  {
    "verse_count": "4801024",
    "book_number": "48",
    "chapter_number": "1",
    "book_name": {
      "english": "GALATIANS",
      "hindi": "गलातियों"
    },
    "verse": {
      "english": "And they glorified God in me.",
      "hindi": "और मेरे विषय में परमेश्वर की महिमा करती थीं॥"
    },
    "verse_number": 24
  },
  {
    "verse_count": "480201",
    "book_number": "48",
    "chapter_number": "2",
    "book_name": {
      "english": "GALATIANS",
      "hindi": "गलातियों"
    },
    "verse": {
      "english": "Then fourteen years after I went up again to Jerusalem with Barnabas, and took Titus with me also.",
      "hindi": "चौदह वर्ष के बाद मैं बरनबास के साथ यरूशलेम को गया और तितुस को भी साथ ले गया।"
    },
    "verse_number": 1
  },
  {
    "verse_count": "480202",
    "book_number": "48",
    "chapter_number": "2",
    "book_name": {
      "english": "GALATIANS",
      "hindi": "गलातियों"
    },
    "verse": {
      "english": "And I went up by revelation, and communicated unto them that gospel which I preach among the Gentiles, but privately to them which were of reputation, lest by any means I should run, or had run, in vain.",
      "hindi": "और मेरा जाना ईश्वरीय प्रकाश के अनुसार हुआ: और जो सुसमाचार मैं अन्यजातियों में प्रचार करता हूं, उस को मैं ने उन्हें बता दिया, पर एकान्त में उन्हीं को जो बड़े समझे जाते थे, ताकि ऐसा न हो, कि मेरी इस समय की, या अगली दौड़ धूप व्यर्थ ठहरे।"
    },
    "verse_number": 2
  },
  {
    "verse_count": "480203",
    "book_number": "48",
    "chapter_number": "2",
    "book_name": {
      "english": "GALATIANS",
      "hindi": "गलातियों"
    },
    "verse": {
      "english": "But neither Titus, who was with me, being a Greek, was compelled to be circumcised:",
      "hindi": "परन्तु तितुस भी जो मेरे साथ था और जो यूनानी है; खतना कराने के लिये विवश नहीं किया गया।"
    },
    "verse_number": 3
  },
  {
    "verse_count": "480204",
    "book_number": "48",
    "chapter_number": "2",
    "book_name": {
      "english": "GALATIANS",
      "hindi": "गलातियों"
    },
    "verse": {
      "english": "And that because of false brethren unawares brought in, who came in privily to spy out our liberty which we have in Christ Jesus, that they might bring us into bondage:",
      "hindi": "और यह उन झूठे भाइयों के कारण हुआ, जो चोरी से घुस आए थे, कि उस स्वतंत्रता का जो मसीह यीशु में हमें मिली है, भेद लेकर हमें दास बनाएं।"
    },
    "verse_number": 4
  },
  {
    "verse_count": "480205",
    "book_number": "48",
    "chapter_number": "2",
    "book_name": {
      "english": "GALATIANS",
      "hindi": "गलातियों"
    },
    "verse": {
      "english": "To whom we gave place by subjection, no, not for an hour; that the truth of the gospel might continue with you.",
      "hindi": "उन के आधीन होना हम ने एक घड़ी भर न माना, इसलिये कि सुसमाचार की सच्चाई तुम में बनी रहे।"
    },
    "verse_number": 5
  },
  {
    "verse_count": "480206",
    "book_number": "48",
    "chapter_number": "2",
    "book_name": {
      "english": "GALATIANS",
      "hindi": "गलातियों"
    },
    "verse": {
      "english": "But of these who seemed to be somewhat, (whatsoever they were, it maketh no matter to me: God accepteth no man's person:) for they who seemed to be somewhat in conference added nothing to me:",
      "hindi": "फिर जो लोग कुछ समझे जाते थे (वे चाहे कैसे ही थे, मुझे इस से कुछ काम नहीं, परमेश्वर किसी का पक्षपात नहीं करता) उन से जो कुछ भी समझे जाते थे, मुझे कुछ भी नहीं प्राप्त हुआ।"
    },
    "verse_number": 6
  },
  {
    "verse_count": "480207",
    "book_number": "48",
    "chapter_number": "2",
    "book_name": {
      "english": "GALATIANS",
      "hindi": "गलातियों"
    },
    "verse": {
      "english": "But contrariwise, when they saw that the gospel of the uncircumcision was committed unto me, as the gospel of the circumcision was unto Peter;",
      "hindi": "परन्तु इसके विपरीत जब उन्होंने देखा, कि जैसा खतना किए हुए लोगों के लिये सुसमाचार का काम पतरस को सौंपा गया वैसा ही खतना रहितों के लिये मुझे सुसमाचार सुनाना सौंपा गया।"
    },
    "verse_number": 7
  },
  {
    "verse_count": "480208",
    "book_number": "48",
    "chapter_number": "2",
    "book_name": {
      "english": "GALATIANS",
      "hindi": "गलातियों"
    },
    "verse": {
      "english": "(For he that wrought effectually in Peter to the apostleship of the circumcision, the same was mighty in me toward the Gentiles:)",
      "hindi": "(क्योंकि जिस ने पतरस से खतना किए हुओं में प्रेरिताई का कार्य बड़े प्रभाव सहित करवाया, उसी ने मुझ से भी अन्यजातियों में प्रभावशाली कार्य करवाया)"
    },
    "verse_number": 8
  },
  {
    "verse_count": "480209",
    "book_number": "48",
    "chapter_number": "2",
    "book_name": {
      "english": "GALATIANS",
      "hindi": "गलातियों"
    },
    "verse": {
      "english": "And when James, Cephas, and John, who seemed to be pillars, perceived the grace that was given unto me, they gave to me and Barnabas the right hands of fellowship; that we should go unto the heathen, and they unto the circumcision.",
      "hindi": "और जब उन्होंने उस अनुग्रह को जो मुझे मिला था जान लिया, तो याकूब, और कैफा, और यूहन्ना ने जो कलीसिया के खम्भे समझे जाते थे, मुझ को और बरनबास को दाहिना हाथ देकर संग कर लिया, कि हम अन्यजातियों के पास जाएं, और वे खतना किए हुओं के पास।"
    },
    "verse_number": 9
  },
  {
    "verse_count": "4802010",
    "book_number": "48",
    "chapter_number": "2",
    "book_name": {
      "english": "GALATIANS",
      "hindi": "गलातियों"
    },
    "verse": {
      "english": "Only they would that we should remember the poor; the same which I also was forward to do.",
      "hindi": "केवल यह कहा, कि हम कंगालों की सुधि लें, और इसी काम के करने का मैं आप भी यत्न कर रहा था।"
    },
    "verse_number": 10
  },
  {
    "verse_count": "4802011",
    "book_number": "48",
    "chapter_number": "2",
    "book_name": {
      "english": "GALATIANS",
      "hindi": "गलातियों"
    },
    "verse": {
      "english": "But when Peter was come to Antioch, I withstood him to the face, because he was to be blamed.",
      "hindi": "पर जब कैफा अन्ताकिया में आया तो मैं ने उसके मुंह पर उसका साम्हना किया, क्योंकि वह दोषी ठहरा था।"
    },
    "verse_number": 11
  },
  {
    "verse_count": "4802012",
    "book_number": "48",
    "chapter_number": "2",
    "book_name": {
      "english": "GALATIANS",
      "hindi": "गलातियों"
    },
    "verse": {
      "english": "For before that certain came from James, he did eat with the Gentiles: but when they were come, he withdrew and separated himself, fearing them which were of the circumcision.",
      "hindi": "इसलिये कि याकूब की ओर से कितने लोगों के आने से पहिले वह अन्यजातियों के साथ खाया करता था, परन्तु जब वे आए, तो खतना किए हुए लोगों के डर के मारे उन से हट गया और किनारा करने लगा।"
    },
    "verse_number": 12
  },
  {
    "verse_count": "4802013",
    "book_number": "48",
    "chapter_number": "2",
    "book_name": {
      "english": "GALATIANS",
      "hindi": "गलातियों"
    },
    "verse": {
      "english": "And the other Jews dissembled likewise with him; insomuch that Barnabas also was carried away with their dissimulation.",
      "hindi": "और उसके साथ शेष यहूदियों ने भी कपट किया, यहां तक कि बरनबास भी उन के कपट में पड़ गया।"
    },
    "verse_number": 13
  },
  {
    "verse_count": "4802014",
    "book_number": "48",
    "chapter_number": "2",
    "book_name": {
      "english": "GALATIANS",
      "hindi": "गलातियों"
    },
    "verse": {
      "english": "But when I saw that they walked not uprightly according to the truth of the gospel, I said unto Peter before them all, If thou, being a Jew, livest after the manner of Gentiles, and not as do the Jews, why compellest thou the Gentiles to live as do the Jews?",
      "hindi": "पर जब मैं ने देखा, कि वे सुसमाचार की सच्चाई पर सीधी चाल नहीं चलते, तो मैं ने सब के साम्हने कैफा से कहा; कि जब तू यहूदी होकर अन्यजातियों की नाईं चलता है, और यहूदियों की नाईं नहीं तो तू अन्यजातियों को यहूदियों की नाईं चलने को क्यों कहता है?"
    },
    "verse_number": 14
  },
  {
    "verse_count": "4802015",
    "book_number": "48",
    "chapter_number": "2",
    "book_name": {
      "english": "GALATIANS",
      "hindi": "गलातियों"
    },
    "verse": {
      "english": "We who are Jews by nature, and not sinners of the Gentiles,",
      "hindi": "हम जो जन्म के यहूदी हैं, और पापी अन्यजातियों में से नहीं।"
    },
    "verse_number": 15
  },
  {
    "verse_count": "4802016",
    "book_number": "48",
    "chapter_number": "2",
    "book_name": {
      "english": "GALATIANS",
      "hindi": "गलातियों"
    },
    "verse": {
      "english": "Knowing that a man is not justified by the works of the law, but by the faith of Jesus Christ, even we have believed in Jesus Christ, that we might be justified by the faith of Christ, and not by the works of the law: for by the works of the law shall no flesh be justified.",
      "hindi": "तौभी यह जानकर कि मनुष्य व्यवस्था के कामों से नहीं, पर केवल यीशु मसीह पर विश्वास करने के द्वारा धर्मी ठहरता है, हम ने आप भी मसीह यीशु पर विश्वास किया, कि हम व्यवस्था के कामों से नहीं पर मसीह पर विश्वास करने से धर्मी ठहरें; इसलिये कि व्यवस्था के कामों से कोई प्राणी धर्मी न ठहरेगा।"
    },
    "verse_number": 16
  },
  {
    "verse_count": "4802017",
    "book_number": "48",
    "chapter_number": "2",
    "book_name": {
      "english": "GALATIANS",
      "hindi": "गलातियों"
    },
    "verse": {
      "english": "But if, while we seek to be justified by Christ, we ourselves also are found sinners, is therefore Christ the minister of sin? God forbid.",
      "hindi": "हम जो मसीह में धर्मी ठहरना चाहते हैं, यदि आप ही पापी निकलें, तो क्या मसीह पाप का सेवक है? कदापि नहीं।"
    },
    "verse_number": 17
  },
  {
    "verse_count": "4802018",
    "book_number": "48",
    "chapter_number": "2",
    "book_name": {
      "english": "GALATIANS",
      "hindi": "गलातियों"
    },
    "verse": {
      "english": "For if I build again the things which I destroyed, I make myself a transgressor.",
      "hindi": "क्योंकि जो कुछ मैं ने गिरा दिया, यदि उसी को फिर बनाता हूं, तो अपने आप को अपराधी ठहराता हूं।"
    },
    "verse_number": 18
  },
  {
    "verse_count": "4802019",
    "book_number": "48",
    "chapter_number": "2",
    "book_name": {
      "english": "GALATIANS",
      "hindi": "गलातियों"
    },
    "verse": {
      "english": "For I through the law am dead to the law, that I might live unto God.",
      "hindi": "मैं तो व्यवस्था के द्वारा व्यवस्था के लिये मर गया, कि परमेश्वर के लिये जीऊं।"
    },
    "verse_number": 19
  },
  {
    "verse_count": "4802020",
    "book_number": "48",
    "chapter_number": "2",
    "book_name": {
      "english": "GALATIANS",
      "hindi": "गलातियों"
    },
    "verse": {
      "english": "I am crucified with Christ: nevertheless I live; yet not I, but Christ liveth in me: and the life which I now live in the flesh I live by the faith of the Son of God, who loved me, and gave himself for me.",
      "hindi": "मैं मसीह के साथ क्रूस पर चढ़ाया गया हूं, और अब मैं जीवित न रहा, पर मसीह मुझ में जीवित है: और मैं शरीर में अब जो जीवित हूं तो केवल उस विश्वास से जीवित हूं, जो परमेश्वर के पुत्र पर है, जिस ने मुझ से प्रेम किया, और मेरे लिये अपने आप को दे दिया।"
    },
    "verse_number": 20
  },
  {
    "verse_count": "4802021",
    "book_number": "48",
    "chapter_number": "2",
    "book_name": {
      "english": "GALATIANS",
      "hindi": "गलातियों"
    },
    "verse": {
      "english": "I do not frustrate the grace of God: for if righteousness come by the law, then Christ is dead in vain.",
      "hindi": "मैं परमेश्वर के अनुग्रह को व्यर्थ नहीं ठहराता, क्योंकि यदि व्यवस्था के द्वारा धामिर्कता होती, तो मसीह का मरना व्यर्थ होता॥"
    },
    "verse_number": 21
  },
  {
    "verse_count": "480301",
    "book_number": "48",
    "chapter_number": "3",
    "book_name": {
      "english": "GALATIANS",
      "hindi": "गलातियों"
    },
    "verse": {
      "english": "Ofoolish Galatians, who hath bewitched you, that ye should not obey the truth, before whose eyes Jesus Christ hath been evidently set forth, crucified among you?",
      "hindi": "हेनिर्बुद्धि गलतियों, किस ने तुम्हें मोह लिया है? तुम्हारी तो मानों आंखों के साम्हने यीशु मसीह क्रूस पर दिखाया गया!"
    },
    "verse_number": 1
  },
  {
    "verse_count": "480302",
    "book_number": "48",
    "chapter_number": "3",
    "book_name": {
      "english": "GALATIANS",
      "hindi": "गलातियों"
    },
    "verse": {
      "english": "This only would I learn of you, Received ye the Spirit by the works of the law, or by the hearing of faith?",
      "hindi": "मैं तुम से केवल यह जानना चाहता हूं, कि तुम ने आत्मा को, क्या व्यवस्था के कामों से, या विश्वास के समाचार से पाया?"
    },
    "verse_number": 2
  },
  {
    "verse_count": "480303",
    "book_number": "48",
    "chapter_number": "3",
    "book_name": {
      "english": "GALATIANS",
      "hindi": "गलातियों"
    },
    "verse": {
      "english": "Are ye so foolish? having begun in the Spirit, are ye now made perfect by the flesh?",
      "hindi": "क्या तुम ऐसे निर्बुद्धि हो, कि आत्मा की रीति पर आरम्भ करके अब शरीर की रीति पर अन्त करोगे?"
    },
    "verse_number": 3
  },
  {
    "verse_count": "480304",
    "book_number": "48",
    "chapter_number": "3",
    "book_name": {
      "english": "GALATIANS",
      "hindi": "गलातियों"
    },
    "verse": {
      "english": "Have ye suffered so many things in vain? if it be yet in vain.",
      "hindi": "क्या तुम ने इतना दुख यों ही उठाया? परन्तु कदाचित व्यर्थ नहीं।"
    },
    "verse_number": 4
  },
  {
    "verse_count": "480305",
    "book_number": "48",
    "chapter_number": "3",
    "book_name": {
      "english": "GALATIANS",
      "hindi": "गलातियों"
    },
    "verse": {
      "english": "He therefore that ministereth to you the Spirit, and worketh miracles among you, doeth he it by the works of the law, or by the hearing of faith?",
      "hindi": "सो जो तुम्हें आत्मा दान करता और तुम में सामर्थ के काम करता है, वह क्या व्यवस्था के कामों से या विश्वास के सुसमाचार से ऐसा करता है?"
    },
    "verse_number": 5
  },
  {
    "verse_count": "480306",
    "book_number": "48",
    "chapter_number": "3",
    "book_name": {
      "english": "GALATIANS",
      "hindi": "गलातियों"
    },
    "verse": {
      "english": "Even as Abraham believed God, and it was accounted to him for righteousness.",
      "hindi": "इब्राहीम ने तो परमेश्वर पर विश्वास किया और यह उसके लिये धामिर्कता गिनी गई।"
    },
    "verse_number": 6
  },
  {
    "verse_count": "480307",
    "book_number": "48",
    "chapter_number": "3",
    "book_name": {
      "english": "GALATIANS",
      "hindi": "गलातियों"
    },
    "verse": {
      "english": "Know ye therefore that they which are of faith, the same are the children of Abraham.",
      "hindi": "तो यह जान लो, कि जो विश्वास करने वाले हैं, वे ही इब्राहीम की सन्तान हैं।"
    },
    "verse_number": 7
  },
  {
    "verse_count": "480308",
    "book_number": "48",
    "chapter_number": "3",
    "book_name": {
      "english": "GALATIANS",
      "hindi": "गलातियों"
    },
    "verse": {
      "english": "And the scripture, foreseeing that God would justify the heathen through faith, preached before the gospel unto Abraham, saying, In thee shall all nations be blessed.",
      "hindi": "और पवित्र शास्त्र ने पहिले ही से यह जान कर, कि परमेश्वर अन्यजातियों को विश्वास से धर्मी ठहराएगा, पहिले ही से इब्राहीम को यह सुसमाचार सुना दिया, कि तुझ में सब जातियां आशीष पाएंगी।"
    },
    "verse_number": 8
  },
  {
    "verse_count": "480309",
    "book_number": "48",
    "chapter_number": "3",
    "book_name": {
      "english": "GALATIANS",
      "hindi": "गलातियों"
    },
    "verse": {
      "english": "So then they which be of faith are blessed with faithful Abraham.",
      "hindi": "तो जो विश्वास करने वाले हैं, वे विश्वासी इब्राहीम के साथ आशीष पाते हैं।"
    },
    "verse_number": 9
  },
  {
    "verse_count": "4803010",
    "book_number": "48",
    "chapter_number": "3",
    "book_name": {
      "english": "GALATIANS",
      "hindi": "गलातियों"
    },
    "verse": {
      "english": "For as many as are of the works of the law are under the curse: for it is written, Cursed is every one that continueth not in all things which are written in the book of the law to do them.",
      "hindi": "सो जितने लोग व्यवस्था के कामों पर भरोसा रखते हैं, वे सब श्राप के आधीन हैं, क्योंकि लिखा है, कि जो कोई व्यवस्था की पुस्तक में लिखी हुई सब बातों के करने में स्थिर नहीं रहता, वह श्रापित है।"
    },
    "verse_number": 10
  },
  {
    "verse_count": "4803011",
    "book_number": "48",
    "chapter_number": "3",
    "book_name": {
      "english": "GALATIANS",
      "hindi": "गलातियों"
    },
    "verse": {
      "english": "But that no man is justified by the law in the sight of God, it is evident: for, The just shall live by faith.",
      "hindi": "पर यह बात प्रगट है, कि व्यवस्था के द्वारा परमेश्वर के यहां कोई धर्मी नहीं ठहरता क्योंकि धर्मी जन विश्वास से जीवित रहेगा।"
    },
    "verse_number": 11
  },
  {
    "verse_count": "4803012",
    "book_number": "48",
    "chapter_number": "3",
    "book_name": {
      "english": "GALATIANS",
      "hindi": "गलातियों"
    },
    "verse": {
      "english": "And the law is not of faith: but, The man that doeth them shall live in them.",
      "hindi": "पर व्यवस्था का विश्वास से कुछ सम्बन्ध नहीं; पर जो उन को मानेगा, वह उन के कारण जीवित रहेगा।"
    },
    "verse_number": 12
  },
  {
    "verse_count": "4803013",
    "book_number": "48",
    "chapter_number": "3",
    "book_name": {
      "english": "GALATIANS",
      "hindi": "गलातियों"
    },
    "verse": {
      "english": "Christ hath redeemed us from the curse of the law, being made a curse for us: for it is written, Cursed is every one that hangeth on a tree:",
      "hindi": "मसीह ने जो हमारे लिये श्रापित बना, हमें मोल लेकर व्यवस्था के श्राप से छुड़ाया क्योंकि लिखा है, जो कोई काठ पर लटकाया जाता है वह श्रापित है।"
    },
    "verse_number": 13
  },
  {
    "verse_count": "4803014",
    "book_number": "48",
    "chapter_number": "3",
    "book_name": {
      "english": "GALATIANS",
      "hindi": "गलातियों"
    },
    "verse": {
      "english": "That the blessing of Abraham might come on the Gentiles through Jesus Christ; that we might receive the promise of the Spirit through faith.",
      "hindi": "यह इसलिये हुआ, कि इब्राहिम की आशीष मसीह यीशु में अन्यजातियों तक पंहुचे, और हम विश्वास के द्वारा उस आत्मा को प्राप्त करें, जिस की प्रतिज्ञा हुई है॥"
    },
    "verse_number": 14
  },
  {
    "verse_count": "4803015",
    "book_number": "48",
    "chapter_number": "3",
    "book_name": {
      "english": "GALATIANS",
      "hindi": "गलातियों"
    },
    "verse": {
      "english": "Brethren, I speak after the manner of men; Though it be but a man's covenant, yet if it be confirmed, no man disannulleth, or addeth thereto.",
      "hindi": "हे भाइयों, मैं मनुष्य की रीति पर कहता हूं, कि मनुष्य की वाचा भी जो पक्की हो जाती है, तो न कोई उसे टालता है और न उस में कुछ बढ़ाता है।"
    },
    "verse_number": 15
  },
  {
    "verse_count": "4803016",
    "book_number": "48",
    "chapter_number": "3",
    "book_name": {
      "english": "GALATIANS",
      "hindi": "गलातियों"
    },
    "verse": {
      "english": "Now to Abraham and his seed were the promises made. He saith not, And to seeds, as of many; but as of one, And to thy seed, which is Christ.",
      "hindi": "निदान, प्रतिज्ञाएं इब्राहीम को, और उसके वंश को दी गईं; वह यह नहीं कहता, कि वंशों को ; जैसे बहुतों के विषय में कहा, पर जैसे एक के विषय में कि तेरे वंश को: और वह मसीह है।"
    },
    "verse_number": 16
  },
  {
    "verse_count": "4803017",
    "book_number": "48",
    "chapter_number": "3",
    "book_name": {
      "english": "GALATIANS",
      "hindi": "गलातियों"
    },
    "verse": {
      "english": "And this I say, that the covenant, that was confirmed before of God in Christ, the law, which was four hundred and thirty years after, cannot disannul, that it should make the promise of none effect.",
      "hindi": "पर मैं यह कहता हूं की जो वाचा परमेश्वर ने पहिले से पक्की की थी, उस को व्यवस्था चार सौ तीस बरस के बाद आकर नहीं टाल देती, कि प्रतिज्ञा व्यर्थ ठहरे।"
    },
    "verse_number": 17
  },
  {
    "verse_count": "4803018",
    "book_number": "48",
    "chapter_number": "3",
    "book_name": {
      "english": "GALATIANS",
      "hindi": "गलातियों"
    },
    "verse": {
      "english": "For if the inheritance be of the law, it is no more of promise: but God gave it to Abraham by promise.",
      "hindi": "क्योंकि यदि मीरास व्यवस्था से मिली है, तो फिर प्रतिज्ञा से नहीं, परन्तु परमेश्वर ने इब्राहीम को प्रतिज्ञा के द्वारा दे दी है।"
    },
    "verse_number": 18
  },
  {
    "verse_count": "4803019",
    "book_number": "48",
    "chapter_number": "3",
    "book_name": {
      "english": "GALATIANS",
      "hindi": "गलातियों"
    },
    "verse": {
      "english": "Wherefore then serveth the law? It was added because of transgressions, till the seed should come to whom the promise was made; and it was ordained by angels in the hand of a mediator.",
      "hindi": "तब फिर व्यवस्था क्यों दी गई? वह तो अपराधों के कारण बाद में दी गई, कि उस वंश के आने तक रहे, जिस को प्रतिज्ञा दी गई थी, और वह स्वर्गदूतों के द्वारा एक मध्यस्थ के हाथ ठहराई गई।"
    },
    "verse_number": 19
  },
  {
    "verse_count": "4803020",
    "book_number": "48",
    "chapter_number": "3",
    "book_name": {
      "english": "GALATIANS",
      "hindi": "गलातियों"
    },
    "verse": {
      "english": "Now a mediator is not a mediator of one, but God is one.",
      "hindi": "मध्यस्थ तो एक का नहीं होता, परन्तु परमेश्वर एक ही है।"
    },
    "verse_number": 20
  },
  {
    "verse_count": "4803021",
    "book_number": "48",
    "chapter_number": "3",
    "book_name": {
      "english": "GALATIANS",
      "hindi": "गलातियों"
    },
    "verse": {
      "english": "Is the law then against the promises of God? God forbid: for if there had been a law given which could have given life, verily righteousness should have been by the law.",
      "hindi": "तो क्या व्यवस्था परमेश्वर की प्रतिज्ञाओं के विरोध में है? कदापि न हो क्योंकि यदि ऐसी व्यवस्था दी जाती जो जीवन दे सकती, तो सचमुच धामिर्कता व्यवस्था से होती।"
    },
    "verse_number": 21
  },
  {
    "verse_count": "4803022",
    "book_number": "48",
    "chapter_number": "3",
    "book_name": {
      "english": "GALATIANS",
      "hindi": "गलातियों"
    },
    "verse": {
      "english": "But the scripture hath concluded all under sin, that the promise by faith of Jesus Christ might be given to them that believe.",
      "hindi": "परन्तु पवित्र शास्त्र ने सब को पाप के आधीन कर दिया, ताकि वह प्रतिज्ञा जिस का आधार यीशु मसीह पर विश्वास करना है, विश्वास करने वालों के लिये पूरी हो जाए॥"
    },
    "verse_number": 22
  },
  {
    "verse_count": "4803023",
    "book_number": "48",
    "chapter_number": "3",
    "book_name": {
      "english": "GALATIANS",
      "hindi": "गलातियों"
    },
    "verse": {
      "english": "But before faith came, we were kept under the law, shut up unto the faith which should afterwards be revealed.",
      "hindi": "पर विश्वास के आने से पहिले व्यवस्था की आधीनता में हमारी रखवाली होती थी, और उस विश्वास के आने तक जो प्रगट होने वाला था, हम उसी के बन्धन में रहे।"
    },
    "verse_number": 23
  },
  {
    "verse_count": "4803024",
    "book_number": "48",
    "chapter_number": "3",
    "book_name": {
      "english": "GALATIANS",
      "hindi": "गलातियों"
    },
    "verse": {
      "english": "Wherefore the law was our schoolmaster to bring us unto Christ, that we might be justified by faith.",
      "hindi": "इसलिये व्यवस्था मसीह तक पहुंचाने को हमारा शिक्षक हुई है, कि हम विश्वास से धर्मी ठहरें।"
    },
    "verse_number": 24
  },
  {
    "verse_count": "4803025",
    "book_number": "48",
    "chapter_number": "3",
    "book_name": {
      "english": "GALATIANS",
      "hindi": "गलातियों"
    },
    "verse": {
      "english": "But after that faith is come, we are no longer under a schoolmaster.",
      "hindi": "परन्तु जब विश्वास आ चुका, तो हम अब शिक्षक के आधीन न रहे।"
    },
    "verse_number": 25
  },
  {
    "verse_count": "4803026",
    "book_number": "48",
    "chapter_number": "3",
    "book_name": {
      "english": "GALATIANS",
      "hindi": "गलातियों"
    },
    "verse": {
      "english": "For ye are all the children of God by faith in Christ Jesus.",
      "hindi": "क्योंकि तुम सब उस विश्वास करने के द्वारा जो मसीह यीशु पर है, परमेश्वर की सन्तान हो।"
    },
    "verse_number": 26
  },
  {
    "verse_count": "4803027",
    "book_number": "48",
    "chapter_number": "3",
    "book_name": {
      "english": "GALATIANS",
      "hindi": "गलातियों"
    },
    "verse": {
      "english": "For as many of you as have been baptized into Christ have put on Christ.",
      "hindi": "और तुम में से जितनों ने मसीह में बपतिस्मा लिया है उन्होंने मसीह को पहिन लिया है।"
    },
    "verse_number": 27
  },
  {
    "verse_count": "4803028",
    "book_number": "48",
    "chapter_number": "3",
    "book_name": {
      "english": "GALATIANS",
      "hindi": "गलातियों"
    },
    "verse": {
      "english": "There is neither Jew nor Greek, there is neither bond nor free, there is neither male nor female: for ye are all one in Christ Jesus.",
      "hindi": "अब न कोई यहूदी रहा और न यूनानी; न कोई दास, न स्वतंत्र; न कोई नर, न नारी; क्योंकि तुम सब मसीह यीशु में एक हो।"
    },
    "verse_number": 28
  },
  {
    "verse_count": "4803029",
    "book_number": "48",
    "chapter_number": "3",
    "book_name": {
      "english": "GALATIANS",
      "hindi": "गलातियों"
    },
    "verse": {
      "english": "And if ye be Christ's, then are ye Abraham's seed, and heirs according to the promise.",
      "hindi": "और यदि तुम मसीह के हो, तो इब्राहीम के वंश और प्रतिज्ञा के अनुसार वारिस भी हो॥"
    },
    "verse_number": 29
  },
  {
    "verse_count": "480401",
    "book_number": "48",
    "chapter_number": "4",
    "book_name": {
      "english": "GALATIANS",
      "hindi": "गलातियों"
    },
    "verse": {
      "english": "Now I say, That the heir, as long as he is a child, differeth nothing from a servant, though he be lord of all;",
      "hindi": "मैंयह कहता हूं, कि वारिस जब तक बालक है, यद्यपि सब वस्तुओं का स्वामी है, तौभी उस में और दास में कुछ भेद नहीं।"
    },
    "verse_number": 1
  },
  {
    "verse_count": "480402",
    "book_number": "48",
    "chapter_number": "4",
    "book_name": {
      "english": "GALATIANS",
      "hindi": "गलातियों"
    },
    "verse": {
      "english": "But is under tutors and governors until the time appointed of the father.",
      "hindi": "परन्तु पिता के ठहराए हुए समय तक रक्षकोंऔर भण्डारियों के वश में रहता है।"
    },
    "verse_number": 2
  },
  {
    "verse_count": "480403",
    "book_number": "48",
    "chapter_number": "4",
    "book_name": {
      "english": "GALATIANS",
      "hindi": "गलातियों"
    },
    "verse": {
      "english": "Even so we, when we were children, were in bondage under the elements of the world:",
      "hindi": "वैसे ही हम भी, जब बालक थे, तो संसार की आदि शिक्षा के वश में होकर दास बने हुए थे।"
    },
    "verse_number": 3
  },
  {
    "verse_count": "480404",
    "book_number": "48",
    "chapter_number": "4",
    "book_name": {
      "english": "GALATIANS",
      "hindi": "गलातियों"
    },
    "verse": {
      "english": "But when the fulness of the time was come, God sent forth his Son, made of a woman, made under the law,",
      "hindi": "परन्तु जब समय पूरा हुआ, तो परमेश्वर ने अपने पुत्र को भेजा, जो स्त्री से जन्मा, और व्यवस्था के आधीन उत्पन्न हुआ।"
    },
    "verse_number": 4
  },
  {
    "verse_count": "480405",
    "book_number": "48",
    "chapter_number": "4",
    "book_name": {
      "english": "GALATIANS",
      "hindi": "गलातियों"
    },
    "verse": {
      "english": "To redeem them that were under the law, that we might receive the adoption of sons.",
      "hindi": "ताकि व्यवस्था के आधीनों को मोल लेकर छुड़ा ले, और हम को लेपालक होने का पद मिले।"
    },
    "verse_number": 5
  },
  {
    "verse_count": "480406",
    "book_number": "48",
    "chapter_number": "4",
    "book_name": {
      "english": "GALATIANS",
      "hindi": "गलातियों"
    },
    "verse": {
      "english": "And because ye are sons, God hath sent forth the Spirit of his Son into your hearts, crying, Abba, Father.",
      "hindi": "और तुम जो पुत्र हो, इसलिये परमेश्वर ने अपने पुत्र के आत्मा को, जो हे अब्बा, हे पिता कह कर पुकारता है, हमारे हृदय में भेजा है।"
    },
    "verse_number": 6
  },
  {
    "verse_count": "480407",
    "book_number": "48",
    "chapter_number": "4",
    "book_name": {
      "english": "GALATIANS",
      "hindi": "गलातियों"
    },
    "verse": {
      "english": "Wherefore thou art no more a servant, but a son; and if a son, then an heir of God through Christ.",
      "hindi": "इसलिये तू अब दास नहीं, परन्तु पुत्र है; और जब पुत्र हुआ, तो परमेश्वर के द्वारा वारिस भी हुआ।"
    },
    "verse_number": 7
  },
  {
    "verse_count": "480408",
    "book_number": "48",
    "chapter_number": "4",
    "book_name": {
      "english": "GALATIANS",
      "hindi": "गलातियों"
    },
    "verse": {
      "english": "Howbeit then, when ye knew not God, ye did service unto them which by nature are no gods.",
      "hindi": "भला, तब तो तुम परमेश्वर को न जानकर उनके दास थे जो स्वभाव से परमेश्वर नहीं।"
    },
    "verse_number": 8
  },
  {
    "verse_count": "480409",
    "book_number": "48",
    "chapter_number": "4",
    "book_name": {
      "english": "GALATIANS",
      "hindi": "गलातियों"
    },
    "verse": {
      "english": "But now, after that ye have known God, or rather are known of God, how turn ye again to the weak and beggarly elements, whereunto ye desire again to be in bondage?",
      "hindi": "पर अब जो तुम ने परमेश्वर को पहचान लिया वरन परमेश्वर ने तुम को पहचाना, तो उन निर्बल और निकम्मी आदि-शिक्षा की बातों की ओर क्यों फिरते हो, जिन के तुम दोबारा दास होना चाहते हो?"
    },
    "verse_number": 9
  },
  {
    "verse_count": "4804010",
    "book_number": "48",
    "chapter_number": "4",
    "book_name": {
      "english": "GALATIANS",
      "hindi": "गलातियों"
    },
    "verse": {
      "english": "Ye observe days, and months, and times, and years.",
      "hindi": "तुम दिनों और महीनों और नियत समयों और वर्षों को मानते हो।"
    },
    "verse_number": 10
  },
  {
    "verse_count": "4804011",
    "book_number": "48",
    "chapter_number": "4",
    "book_name": {
      "english": "GALATIANS",
      "hindi": "गलातियों"
    },
    "verse": {
      "english": "I am afraid of you, lest I have bestowed upon you labour in vain.",
      "hindi": "मैं तुम्हारे विषय में डरता हूं, कहीं ऐसा न हो, कि जो परिश्रम मैं ने तुम्हारे लिये किया है व्यर्थ ठहरे॥"
    },
    "verse_number": 11
  },
  {
    "verse_count": "4804012",
    "book_number": "48",
    "chapter_number": "4",
    "book_name": {
      "english": "GALATIANS",
      "hindi": "गलातियों"
    },
    "verse": {
      "english": "Brethren, I beseech you, be as I am; for I am as ye are: ye have not injured me at all.",
      "hindi": "हे भाइयों, मैं तुम से बिनती करता हूं, तुम मेरे समान हो जाओ: क्योंकि मैं भी तुम्हारे समान हुआ हूं; तुम ने मेरा कुछ बिगाड़ा नहीं।"
    },
    "verse_number": 12
  },
  {
    "verse_count": "4804013",
    "book_number": "48",
    "chapter_number": "4",
    "book_name": {
      "english": "GALATIANS",
      "hindi": "गलातियों"
    },
    "verse": {
      "english": "Ye know how through infirmity of the flesh I preached the gospel unto you at the first.",
      "hindi": "पर तुम जानते हो, कि पहिले पहिल मैं ने शरीर की निर्बलता के कारण तुम्हें सुसमाचार सुनाया।"
    },
    "verse_number": 13
  },
  {
    "verse_count": "4804014",
    "book_number": "48",
    "chapter_number": "4",
    "book_name": {
      "english": "GALATIANS",
      "hindi": "गलातियों"
    },
    "verse": {
      "english": "And my temptation which was in my flesh ye despised not, nor rejected; but received me as an angel of God, even as Christ Jesus.",
      "hindi": "और तुम ने मेरी शारीरिक दशा को जो तुम्हारी परीक्षा का कारण थी, तुच्छ न जाना; न उस से घृणा की; और परमेश्वर के दूत वरन मसीह के समान मुझे ग्रहण किया।"
    },
    "verse_number": 14
  },
  {
    "verse_count": "4804015",
    "book_number": "48",
    "chapter_number": "4",
    "book_name": {
      "english": "GALATIANS",
      "hindi": "गलातियों"
    },
    "verse": {
      "english": "Where is then the blessedness ye spake of? for I bear you record, that, if it had been possible, ye would have plucked out your own eyes, and have given them to me.",
      "hindi": "तो वह तुम्हारा आनन्द मनाना कहां गया? मैं तुम्हारा गवाह हूं, कि यदि हो सकता, तो तुम अपनी आंखें भी निकाल कर मुझे दे देते।"
    },
    "verse_number": 15
  },
  {
    "verse_count": "4804016",
    "book_number": "48",
    "chapter_number": "4",
    "book_name": {
      "english": "GALATIANS",
      "hindi": "गलातियों"
    },
    "verse": {
      "english": "Am I therefore become your enemy, because I tell you the truth?",
      "hindi": "तो क्या तुम से सच बोलने के कारण मैं तुम्हारा बैरी हो गया हूं।"
    },
    "verse_number": 16
  },
  {
    "verse_count": "4804017",
    "book_number": "48",
    "chapter_number": "4",
    "book_name": {
      "english": "GALATIANS",
      "hindi": "गलातियों"
    },
    "verse": {
      "english": "They zealously affect you, but not well; yea, they would exclude you, that ye might affect them.",
      "hindi": "वे तुम्हें मित्र बनाना तो चाहते हैं, पर भली मनसा से नहीं; वरन तुम्हें अलग करना चाहते हैं, कि तुम उन्हीं को मित्र बना लो।"
    },
    "verse_number": 17
  },
  {
    "verse_count": "4804018",
    "book_number": "48",
    "chapter_number": "4",
    "book_name": {
      "english": "GALATIANS",
      "hindi": "गलातियों"
    },
    "verse": {
      "english": "But it is good to be zealously affected always in a good thing, and not only when I am present with you.",
      "hindi": "पर यह भी अच्छा है, कि भली बात में हर समय मित्र बनाने का यत्न किया जाए, न केवल उसी समय, कि जब मैं तुम्हारे साथ रहता हूं।"
    },
    "verse_number": 18
  },
  {
    "verse_count": "4804019",
    "book_number": "48",
    "chapter_number": "4",
    "book_name": {
      "english": "GALATIANS",
      "hindi": "गलातियों"
    },
    "verse": {
      "english": "My little children, of whom I travail in birth again until Christ be formed in you,",
      "hindi": "हे मेरे बालकों, जब तक तुम में मसीह का रूप न बन जाए, तब तक मैं तुम्हारे लिये फिर जच्चा की सी पीड़ाएं सहता हूं।"
    },
    "verse_number": 19
  },
  {
    "verse_count": "4804020",
    "book_number": "48",
    "chapter_number": "4",
    "book_name": {
      "english": "GALATIANS",
      "hindi": "गलातियों"
    },
    "verse": {
      "english": "I desire to be present with you now, and to change my voice; for I stand in doubt of you.",
      "hindi": "इच्छा तो यह होती है, कि अब तुम्हारे पास आकर और ही प्रकार से बोलूं, क्योंकि तुम्हारे विषय में मुझे सन्देह है॥"
    },
    "verse_number": 20
  },
  {
    "verse_count": "4804021",
    "book_number": "48",
    "chapter_number": "4",
    "book_name": {
      "english": "GALATIANS",
      "hindi": "गलातियों"
    },
    "verse": {
      "english": "Tell me, ye that desire to be under the law, do ye not hear the law?",
      "hindi": "तुम जो व्यवस्था के आधीन होना चाहते हो, मुझ से कहो, क्या तुम व्यवस्था की नहीं सुनते?"
    },
    "verse_number": 21
  },
  {
    "verse_count": "4804022",
    "book_number": "48",
    "chapter_number": "4",
    "book_name": {
      "english": "GALATIANS",
      "hindi": "गलातियों"
    },
    "verse": {
      "english": "For it is written, that Abraham had two sons, the one by a bondmaid, the other by a freewoman.",
      "hindi": "यह लिखा है, कि इब्राहीम के दो पुत्र हुए; एक दासी से, और एक स्वतंत्र स्त्री से।"
    },
    "verse_number": 22
  },
  {
    "verse_count": "4804023",
    "book_number": "48",
    "chapter_number": "4",
    "book_name": {
      "english": "GALATIANS",
      "hindi": "गलातियों"
    },
    "verse": {
      "english": "But he who was of the bondwoman was born after the flesh; but he of the freewoman was by promise.",
      "hindi": "परन्तु जो दासी से हुआ, वह शारीरिक रीति से जन्मा, और जो स्वतंत्र स्त्री से हुआ, वह प्रतिज्ञा के अनुसार जन्मा।"
    },
    "verse_number": 23
  },
  {
    "verse_count": "4804024",
    "book_number": "48",
    "chapter_number": "4",
    "book_name": {
      "english": "GALATIANS",
      "hindi": "गलातियों"
    },
    "verse": {
      "english": "Which things are an allegory: for these are the two covenants; the one from the mount Sinai, which gendereth to bondage, which is Agar.",
      "hindi": "इन बातों में दृष्टान्त है, ये स्त्रियां मानों दो वाचाएं हैं, एक तो सीनै पहाड़ की जिस से दास ही उत्पन्न होते हैं; और वह हाजिरा है।"
    },
    "verse_number": 24
  },
  {
    "verse_count": "4804025",
    "book_number": "48",
    "chapter_number": "4",
    "book_name": {
      "english": "GALATIANS",
      "hindi": "गलातियों"
    },
    "verse": {
      "english": "For this Agar is mount Sinai in Arabia, and answereth to Jerusalem which now is, and is in bondage with her children.",
      "hindi": "और हाजिरा मानो अरब का सीनै पहाड़ है, और आधुनिक यरूशलेम उसके तुल्य है, क्योंकि वह अपने बालकों समेत दासत्व में है।"
    },
    "verse_number": 25
  },
  {
    "verse_count": "4804026",
    "book_number": "48",
    "chapter_number": "4",
    "book_name": {
      "english": "GALATIANS",
      "hindi": "गलातियों"
    },
    "verse": {
      "english": "But Jerusalem which is above is free, which is the mother of us all.",
      "hindi": "पर ऊपर की यरूशलेम स्वतंत्र है, और वह हमारी माता है।"
    },
    "verse_number": 26
  },
  {
    "verse_count": "4804027",
    "book_number": "48",
    "chapter_number": "4",
    "book_name": {
      "english": "GALATIANS",
      "hindi": "गलातियों"
    },
    "verse": {
      "english": "For it is written, Rejoice, thou barren that bearest not; break forth and cry, thou that travailest not: for the desolate hath many more children than she which hath an husband.",
      "hindi": "क्योंकि लिखा है, कि हे बांझ, तू जो नहीं जनती आनन्द कर, तु जिस को पीड़ाएं नहीं उठतीं गला खोलकर जय जयकार कर, क्योंकि त्यागी हुई की सन्तान सुहागिन की सन्तान से भी अधिक है।"
    },
    "verse_number": 27
  },
  {
    "verse_count": "4804028",
    "book_number": "48",
    "chapter_number": "4",
    "book_name": {
      "english": "GALATIANS",
      "hindi": "गलातियों"
    },
    "verse": {
      "english": "Now we, brethren, as Isaac was, are the children of promise.",
      "hindi": "हे भाइयो, हम इसहाक की नाईं प्रतिज्ञा की सन्तान हैं।"
    },
    "verse_number": 28
  },
  {
    "verse_count": "4804029",
    "book_number": "48",
    "chapter_number": "4",
    "book_name": {
      "english": "GALATIANS",
      "hindi": "गलातियों"
    },
    "verse": {
      "english": "But as then he that was born after the flesh persecuted him that was born after the Spirit, even so it is now.",
      "hindi": "और जैसा उस समय शरीर के अनुसार जन्मा हुआ आत्मा के अनुसार जन्मे हुए को सताता था, वैसा ही अब भी होता है।"
    },
    "verse_number": 29
  },
  {
    "verse_count": "4804030",
    "book_number": "48",
    "chapter_number": "4",
    "book_name": {
      "english": "GALATIANS",
      "hindi": "गलातियों"
    },
    "verse": {
      "english": "Nevertheless what saith the scripture? Cast out the bondwoman and her son: for the son of the bondwoman shall not be heir with the son of the freewoman.",
      "hindi": "परन्तु पवित्र शास्त्र क्या कहता है? दासी और उसके पुत्र को निकाल दे, क्योंकि दासी का पुत्र स्वतंत्र स्त्री के पुत्र के साथ उत्तराधिक्कारी नहीं होगा।"
    },
    "verse_number": 30
  },
  {
    "verse_count": "4804031",
    "book_number": "48",
    "chapter_number": "4",
    "book_name": {
      "english": "GALATIANS",
      "hindi": "गलातियों"
    },
    "verse": {
      "english": "So then, brethren, we are not children of the bondwoman, but of the free.",
      "hindi": "इसलिये हे भाइयों, हम दासी के नहीं परन्तु स्वतंत्र स्त्री की सन्तान हैं।"
    },
    "verse_number": 31
  },
  {
    "verse_count": "480501",
    "book_number": "48",
    "chapter_number": "5",
    "book_name": {
      "english": "GALATIANS",
      "hindi": "गलातियों"
    },
    "verse": {
      "english": "Stand fast therefore in the liberty wherewith Christ hath made us free, and be not entangled again with the yoke of bondage.",
      "hindi": "मसीह ने स्वतंत्रता के लिये हमें स्वतंत्र किया है; सो इसी में स्थिर रहो, और दासत्व के जूए में फिर से न जुतो॥"
    },
    "verse_number": 1
  },
  {
    "verse_count": "480502",
    "book_number": "48",
    "chapter_number": "5",
    "book_name": {
      "english": "GALATIANS",
      "hindi": "गलातियों"
    },
    "verse": {
      "english": "Behold, I Paul say unto you, that if ye be circumcised, Christ shall profit you nothing.",
      "hindi": "देखो, मैं पौलुस तुम से कहता हूं, कि यदि खतना कराओगे, तो मसीह से तुम्हें कुछ लाभ न होगा।"
    },
    "verse_number": 2
  },
  {
    "verse_count": "480503",
    "book_number": "48",
    "chapter_number": "5",
    "book_name": {
      "english": "GALATIANS",
      "hindi": "गलातियों"
    },
    "verse": {
      "english": "For I testify again to every man that is circumcised, that he is a debtor to do the whole law.",
      "hindi": "फिर भी मैं हर एक खतना कराने वाले को जताए देता हूं, कि उसे सारी व्यवस्था माननी पड़ेगी।"
    },
    "verse_number": 3
  },
  {
    "verse_count": "480504",
    "book_number": "48",
    "chapter_number": "5",
    "book_name": {
      "english": "GALATIANS",
      "hindi": "गलातियों"
    },
    "verse": {
      "english": "Christ is become of no effect unto you, whosoever of you are justified by the law; ye are fallen from grace.",
      "hindi": "तुम जो व्यवस्था के द्वारा धर्मी ठहरना चाहते हो, मसीह से अलग और अनुग्रह से गिर गए हो।"
    },
    "verse_number": 4
  },
  {
    "verse_count": "480505",
    "book_number": "48",
    "chapter_number": "5",
    "book_name": {
      "english": "GALATIANS",
      "hindi": "गलातियों"
    },
    "verse": {
      "english": "For we through the Spirit wait for the hope of righteousness by faith.",
      "hindi": "क्योंकि आत्मा के कारण, हम विश्वास से, आशा की हुई धामिर्कता की बाट जोहते हैं।"
    },
    "verse_number": 5
  },
  {
    "verse_count": "480506",
    "book_number": "48",
    "chapter_number": "5",
    "book_name": {
      "english": "GALATIANS",
      "hindi": "गलातियों"
    },
    "verse": {
      "english": "For in Jesus Christ neither circumcision availeth any thing, nor uncircumcision; but faith which worketh by love.",
      "hindi": "और मसीह यीशु में न खतना, न खतनारिहत कुछ काम का है, परन्तु केवल, जो प्रेम के द्वारा प्रभाव करता है।"
    },
    "verse_number": 6
  },
  {
    "verse_count": "480507",
    "book_number": "48",
    "chapter_number": "5",
    "book_name": {
      "english": "GALATIANS",
      "hindi": "गलातियों"
    },
    "verse": {
      "english": "Ye did run well; who did hinder you that ye should not obey the truth?",
      "hindi": "तुम तो भली भांति दौड रहे थे, अब किस ने तुम्हें रोक दिया, कि सत्य को न मानो।"
    },
    "verse_number": 7
  },
  {
    "verse_count": "480508",
    "book_number": "48",
    "chapter_number": "5",
    "book_name": {
      "english": "GALATIANS",
      "hindi": "गलातियों"
    },
    "verse": {
      "english": "This persuasion cometh not of him that calleth you.",
      "hindi": "ऐसी सीख तुम्हारे बुलाने वाले की ओर से नहीं।"
    },
    "verse_number": 8
  },
  {
    "verse_count": "480509",
    "book_number": "48",
    "chapter_number": "5",
    "book_name": {
      "english": "GALATIANS",
      "hindi": "गलातियों"
    },
    "verse": {
      "english": "A little leaven leaveneth the whole lump.",
      "hindi": "थोड़ा सा खमीर सारे गूंधे हुए आटे को खमीर कर डालता है।"
    },
    "verse_number": 9
  },
  {
    "verse_count": "4805010",
    "book_number": "48",
    "chapter_number": "5",
    "book_name": {
      "english": "GALATIANS",
      "hindi": "गलातियों"
    },
    "verse": {
      "english": "I have confidence in you through the Lord, that ye will be none otherwise minded: but he that troubleth you shall bear his judgment, whosoever he be.",
      "hindi": "मैं प्रभु पर तुम्हारे विषय में भरोसा रखता हूं, कि तुम्हारा कोई दूसरा विचार न होगा; परन्तु जो तुम्हें घबरा देता है, वह कोई क्यों न हो दण्ड पाएगा।"
    },
    "verse_number": 10
  },
  {
    "verse_count": "4805011",
    "book_number": "48",
    "chapter_number": "5",
    "book_name": {
      "english": "GALATIANS",
      "hindi": "गलातियों"
    },
    "verse": {
      "english": "And I, brethren, if I yet preach circumcision, why do I yet suffer persecution? then is the offence of the cross ceased.",
      "hindi": "परन्तु हे भाइयो, यदि मैं अब तक खतना का प्रचार करता हूं, तो क्यों अब तक सताया जाता हूं; फिर तो क्रूस की ठोकर जाती रही।"
    },
    "verse_number": 11
  },
  {
    "verse_count": "4805012",
    "book_number": "48",
    "chapter_number": "5",
    "book_name": {
      "english": "GALATIANS",
      "hindi": "गलातियों"
    },
    "verse": {
      "english": "I would they were even cut off which trouble you.",
      "hindi": "भला होता, कि जो तुम्हें डांवाडोल करते हैं, वे काट डाले जाते!"
    },
    "verse_number": 12
  },
  {
    "verse_count": "4805013",
    "book_number": "48",
    "chapter_number": "5",
    "book_name": {
      "english": "GALATIANS",
      "hindi": "गलातियों"
    },
    "verse": {
      "english": "For, brethren, ye have been called unto liberty; only use not liberty for an occasion to the flesh, but by love serve one another.",
      "hindi": "हे भाइयों, तुम स्वतंत्र होने के लिये बुलाए गए हो परन्तु ऐसा न हो, कि यह स्वतंत्रता शारीरिक कामों के लिये अवसर बने, वरन प्रेम से एक दूसरे के दास बनो।"
    },
    "verse_number": 13
  },
  {
    "verse_count": "4805014",
    "book_number": "48",
    "chapter_number": "5",
    "book_name": {
      "english": "GALATIANS",
      "hindi": "गलातियों"
    },
    "verse": {
      "english": "For all the law is fulfilled in one word, even in this; Thou shalt love thy neighbour as thyself.",
      "hindi": "क्योंकि सारी व्यवस्था इस एक ही बात में पूरी हो जाती है, कि तू अपने पड़ोसी से अपने समान प्रेम रख।"
    },
    "verse_number": 14
  },
  {
    "verse_count": "4805015",
    "book_number": "48",
    "chapter_number": "5",
    "book_name": {
      "english": "GALATIANS",
      "hindi": "गलातियों"
    },
    "verse": {
      "english": "But if ye bite and devour one another, take heed that ye be not consumed one of another.",
      "hindi": "पर यदि तुम एक दूसरे को दांत से काटते और फाड़ खाते हो, तो चौकस रहो, कि एक दूसरे का सत्यानाश न कर दो॥"
    },
    "verse_number": 15
  },
  {
    "verse_count": "4805016",
    "book_number": "48",
    "chapter_number": "5",
    "book_name": {
      "english": "GALATIANS",
      "hindi": "गलातियों"
    },
    "verse": {
      "english": "This I say then, Walk in the Spirit, and ye shall not fulfil the lust of the flesh.",
      "hindi": "पर मैं कहता हूं, आत्मा के अनुसार चलो, तो तुम शरीर की लालसा किसी रीति से पूरी न करोगे।"
    },
    "verse_number": 16
  },
  {
    "verse_count": "4805017",
    "book_number": "48",
    "chapter_number": "5",
    "book_name": {
      "english": "GALATIANS",
      "hindi": "गलातियों"
    },
    "verse": {
      "english": "For the flesh lusteth against the Spirit, and the Spirit against the flesh: and these are contrary the one to the other: so that ye cannot do the things that ye would.",
      "hindi": "क्योंकि शरीर आत्मा के विरोध में, और आत्मा शरीर के विरोध में लालसा करती है, और ये एक दूसरे के विरोधी हैं; इसलिये कि जो तुम करना चाहते हो वह न करने पाओ।"
    },
    "verse_number": 17
  },
  {
    "verse_count": "4805018",
    "book_number": "48",
    "chapter_number": "5",
    "book_name": {
      "english": "GALATIANS",
      "hindi": "गलातियों"
    },
    "verse": {
      "english": "But if ye be led of the Spirit, ye are not under the law.",
      "hindi": "और यदि तुम आत्मा के चलाए चलते हो तो व्यवस्था के आधीन न रहे।"
    },
    "verse_number": 18
  },
  {
    "verse_count": "4805019",
    "book_number": "48",
    "chapter_number": "5",
    "book_name": {
      "english": "GALATIANS",
      "hindi": "गलातियों"
    },
    "verse": {
      "english": "Now the works of the flesh are manifest, which are these; Adultery, fornication, uncleanness, lasciviousness,",
      "hindi": "शरीर के काम तो प्रगट हैं, अर्थात व्यभिचार, गन्दे काम, लुचपन।"
    },
    "verse_number": 19
  },
  {
    "verse_count": "4805020",
    "book_number": "48",
    "chapter_number": "5",
    "book_name": {
      "english": "GALATIANS",
      "hindi": "गलातियों"
    },
    "verse": {
      "english": "Idolatry, witchcraft, hatred, variance, emulations, wrath, strife, seditions, heresies,",
      "hindi": "मूर्ति पूजा, टोना, बैर, झगड़ा, ईर्ष्या, क्रोध, विरोध, फूट, विधर्म।"
    },
    "verse_number": 20
  },
  {
    "verse_count": "4805021",
    "book_number": "48",
    "chapter_number": "5",
    "book_name": {
      "english": "GALATIANS",
      "hindi": "गलातियों"
    },
    "verse": {
      "english": "Envyings, murders, drunkenness, revellings, and such like: of the which I tell you before, as I have also told you in time past, that they which do such things shall not inherit the kingdom of God.",
      "hindi": "डाह, मतवालापन, लीलाक्रीड़ा, और इन के जैसे और और काम हैं, इन के विषय में मैं तुम को पहिले से कह देता हूं जैसा पहिले कह भी चुका हूं, कि ऐसे ऐसे काम करने वाले परमेश्वर के राज्य के वारिस न होंगे।"
    },
    "verse_number": 21
  },
  {
    "verse_count": "4805022",
    "book_number": "48",
    "chapter_number": "5",
    "book_name": {
      "english": "GALATIANS",
      "hindi": "गलातियों"
    },
    "verse": {
      "english": "But the fruit of the Spirit is love, joy, peace, longsuffering, gentleness, goodness, faith,",
      "hindi": "पर आत्मा का फल प्रेम, आनन्द, मेल, धीरज,"
    },
    "verse_number": 22
  },
  {
    "verse_count": "4805023",
    "book_number": "48",
    "chapter_number": "5",
    "book_name": {
      "english": "GALATIANS",
      "hindi": "गलातियों"
    },
    "verse": {
      "english": "Meekness, temperance: against such there is no law.",
      "hindi": "और कृपा, भलाई, विश्वास, नम्रता, और संयम हैं; ऐसे ऐसे कामों के विरोध में कोई भी व्यवस्था नहीं।"
    },
    "verse_number": 23
  },
  {
    "verse_count": "4805024",
    "book_number": "48",
    "chapter_number": "5",
    "book_name": {
      "english": "GALATIANS",
      "hindi": "गलातियों"
    },
    "verse": {
      "english": "And they that are Christ's have crucified the flesh with the affections and lusts.",
      "hindi": "और जो मसीह यीशु के हैं, उन्होंने शरीर को उस की लालसाओं और अभिलाषाओं समेत क्रूस पर चढ़ा दिया है॥"
    },
    "verse_number": 24
  },
  {
    "verse_count": "4805025",
    "book_number": "48",
    "chapter_number": "5",
    "book_name": {
      "english": "GALATIANS",
      "hindi": "गलातियों"
    },
    "verse": {
      "english": "If we live in the Spirit, let us also walk in the Spirit.",
      "hindi": "यदि हम आत्मा के द्वारा जीवित हैं, तो आत्मा के अनुसार चलें भी।"
    },
    "verse_number": 25
  },
  {
    "verse_count": "4805026",
    "book_number": "48",
    "chapter_number": "5",
    "book_name": {
      "english": "GALATIANS",
      "hindi": "गलातियों"
    },
    "verse": {
      "english": "Let us not be desirous of vain glory, provoking one another, envying one another.",
      "hindi": "हम घमण्डी होकर न एक दूसरे को छेड़ें, और न एक दूसरे से डाह करें।"
    },
    "verse_number": 26
  },
  {
    "verse_count": "480601",
    "book_number": "48",
    "chapter_number": "6",
    "book_name": {
      "english": "GALATIANS",
      "hindi": "गलातियों"
    },
    "verse": {
      "english": "Brethren, if a man be overtaken in a fault, ye which are spiritual, restore such an one in the spirit of meekness; considering thyself, lest thou also be tempted.",
      "hindi": "हेभाइयों, यदि कोई मनुष्य किसी अपराध में पकड़ा भी जाए, तो तुम जो आत्मिक हो, नम्रता के साथ ऐसे को संभालो, और अपनी भी चौकसी रखो, कि तुम भी परीक्षा में न पड़ो।"
    },
    "verse_number": 1
  },
  {
    "verse_count": "480602",
    "book_number": "48",
    "chapter_number": "6",
    "book_name": {
      "english": "GALATIANS",
      "hindi": "गलातियों"
    },
    "verse": {
      "english": "Bear ye one another's burdens, and so fulfil the law of Christ.",
      "hindi": "तुम एक दूसरे के भार उठाओ, और इस प्रकार मसीह की व्यवस्था को पूरी करो।"
    },
    "verse_number": 2
  },
  {
    "verse_count": "480603",
    "book_number": "48",
    "chapter_number": "6",
    "book_name": {
      "english": "GALATIANS",
      "hindi": "गलातियों"
    },
    "verse": {
      "english": "For if a man think himself to be something, when he is nothing, he deceiveth himself.",
      "hindi": "क्योंकि यदि कोई कुछ न होने पर भी अपने आप को कुछ समझता है, तो अपने आप को धोखा देता है।"
    },
    "verse_number": 3
  },
  {
    "verse_count": "480604",
    "book_number": "48",
    "chapter_number": "6",
    "book_name": {
      "english": "GALATIANS",
      "hindi": "गलातियों"
    },
    "verse": {
      "english": "But let every man prove his own work, and then shall he have rejoicing in himself alone, and not in another.",
      "hindi": "पर हर एक अपने ही काम को जांच ले, और तब दूसरे के विषय में नहीं परन्तु अपने ही विषय में उस को घमण्ड करने का अवसर होगा।"
    },
    "verse_number": 4
  },
  {
    "verse_count": "480605",
    "book_number": "48",
    "chapter_number": "6",
    "book_name": {
      "english": "GALATIANS",
      "hindi": "गलातियों"
    },
    "verse": {
      "english": "For every man shall bear his own burden.",
      "hindi": "क्योंकि हर एक व्यक्ति अपना ही बोझ उठाएगा॥"
    },
    "verse_number": 5
  },
  {
    "verse_count": "480606",
    "book_number": "48",
    "chapter_number": "6",
    "book_name": {
      "english": "GALATIANS",
      "hindi": "गलातियों"
    },
    "verse": {
      "english": "Let him that is taught in the word communicate unto him that teacheth in all good things.",
      "hindi": "जो वचन की शिक्षा पाता है, वह सब अच्छी वस्तुओं में सिखाने वाले को भागी करे।"
    },
    "verse_number": 6
  },
  {
    "verse_count": "480607",
    "book_number": "48",
    "chapter_number": "6",
    "book_name": {
      "english": "GALATIANS",
      "hindi": "गलातियों"
    },
    "verse": {
      "english": "Be not deceived; God is not mocked: for whatsoever a man soweth, that shall he also reap.",
      "hindi": "धोखा न खाओ, परमेश्वर ठट्ठों में नहीं उड़ाया जाता, क्योंकि मनुष्य जो कुछ बोता है, वही काटेगा।"
    },
    "verse_number": 7
  },
  {
    "verse_count": "480608",
    "book_number": "48",
    "chapter_number": "6",
    "book_name": {
      "english": "GALATIANS",
      "hindi": "गलातियों"
    },
    "verse": {
      "english": "For he that soweth to his flesh shall of the flesh reap corruption; but he that soweth to the Spirit shall of the Spirit reap life everlasting.",
      "hindi": "क्योंकि जो अपने शरीर के लिये बोता है, वह शरीर के द्वारा विनाश की कटनी काटेगा; और जो आत्मा के लिये बोता है, वह आत्मा के द्वारा अनन्त जीवन की कटनी काटेगा।"
    },
    "verse_number": 8
  },
  {
    "verse_count": "480609",
    "book_number": "48",
    "chapter_number": "6",
    "book_name": {
      "english": "GALATIANS",
      "hindi": "गलातियों"
    },
    "verse": {
      "english": "And let us not be weary in well doing: for in due season we shall reap, if we faint not.",
      "hindi": "हम भले काम करने में हियाव न छोड़े, क्योंकि यदि हम ढीले न हों, तो ठीक समय पर कटनी काटेंगे।"
    },
    "verse_number": 9
  },
  {
    "verse_count": "4806010",
    "book_number": "48",
    "chapter_number": "6",
    "book_name": {
      "english": "GALATIANS",
      "hindi": "गलातियों"
    },
    "verse": {
      "english": "As we have therefore opportunity, let us do good unto all men, especially unto them who are of the household of faith.",
      "hindi": "इसलिये जहां तक अवसर मिले हम सब के साथ भलाई करें; विशेष करके विश्वासी भाइयों के साथ॥"
    },
    "verse_number": 10
  },
  {
    "verse_count": "4806011",
    "book_number": "48",
    "chapter_number": "6",
    "book_name": {
      "english": "GALATIANS",
      "hindi": "गलातियों"
    },
    "verse": {
      "english": "Ye see how large a letter I have written unto you with mine own hand.",
      "hindi": "देखो, मैं ने कैसे बड़े बड़े अक्षरों में तुम को अपने हाथ से लिखा है।"
    },
    "verse_number": 11
  },
  {
    "verse_count": "4806012",
    "book_number": "48",
    "chapter_number": "6",
    "book_name": {
      "english": "GALATIANS",
      "hindi": "गलातियों"
    },
    "verse": {
      "english": "As many as desire to make a fair shew in the flesh, they constrain you to be circumcised; only lest they should suffer persecution for the cross of Christ.",
      "hindi": "जितने लोग शरीरिक दिखावा चाहते हैं वे तुम्हारे खतना करवाने के लिये दबाव देते हैं, केवल इसलिये कि वे मसीह के क्रूस के कारण सताए न जाएं।"
    },
    "verse_number": 12
  },
  {
    "verse_count": "4806013",
    "book_number": "48",
    "chapter_number": "6",
    "book_name": {
      "english": "GALATIANS",
      "hindi": "गलातियों"
    },
    "verse": {
      "english": "For neither they themselves who are circumcised keep the law; but desire to have you circumcised, that they may glory in your flesh.",
      "hindi": "क्योंकि खतना कराने वाले आप तो, व्यवस्था पर नहीं चलते, पर तुम्हारा खतना कराना इसलिये चाहते हैं, कि तुम्हारी शारीरिक दशा पर घमण्ड करें।"
    },
    "verse_number": 13
  },
  {
    "verse_count": "4806014",
    "book_number": "48",
    "chapter_number": "6",
    "book_name": {
      "english": "GALATIANS",
      "hindi": "गलातियों"
    },
    "verse": {
      "english": "But God forbid that I should glory, save in the cross of our Lord Jesus Christ, by whom the world is crucified unto me, and I unto the world.",
      "hindi": "पर ऐसा न हो, कि मैं और किसी बात का घमण्ड करूं, केवल हमारे प्रभु यीशु मसीह के क्रूस का जिस के द्वारा संसार मेरी दृष्टि में और मैं संसार की दृष्टि में क्रूस पर चढ़ाया गया हूं।"
    },
    "verse_number": 14
  },
  {
    "verse_count": "4806015",
    "book_number": "48",
    "chapter_number": "6",
    "book_name": {
      "english": "GALATIANS",
      "hindi": "गलातियों"
    },
    "verse": {
      "english": "For in Christ Jesus neither circumcision availeth any thing, nor uncircumcision, but a new creature.",
      "hindi": "क्योंकि न खतना, और न खतनारिहत कुछ है, परन्तु नई सृष्टि।"
    },
    "verse_number": 15
  },
  {
    "verse_count": "4806016",
    "book_number": "48",
    "chapter_number": "6",
    "book_name": {
      "english": "GALATIANS",
      "hindi": "गलातियों"
    },
    "verse": {
      "english": "And as many as walk according to this rule, peace be on them, and mercy, and upon the Israel of God.",
      "hindi": "और जितने इस नियम पर चलेंगे उन पर, और परमेश्वर के इस्त्राएल पर, शान्ति और दया होती रहे॥"
    },
    "verse_number": 16
  },
  {
    "verse_count": "4806017",
    "book_number": "48",
    "chapter_number": "6",
    "book_name": {
      "english": "GALATIANS",
      "hindi": "गलातियों"
    },
    "verse": {
      "english": "From henceforth let no man trouble me: for I bear in my body the marks of the Lord Jesus.",
      "hindi": "आगे को कोई मुझे दुख न दे, क्योंकि मैं यीशु के दागों को अपनी देह में लिये फिरता हूं॥"
    },
    "verse_number": 17
  },
  {
    "verse_count": "4806018",
    "book_number": "48",
    "chapter_number": "6",
    "book_name": {
      "english": "GALATIANS",
      "hindi": "गलातियों"
    },
    "verse": {
      "english": "Brethren, the grace of our Lord Jesus Christ be with your spirit. Amen.",
      "hindi": "हे भाइयो, हमारे प्रभु यीशु मसीह का अनुग्रह तुम्हारी आत्मा के साथ रहे। आमीन॥"
    },
    "verse_number": 18
  }
]